Rk,Player,Nation,Pos,Squad,Age,Born,90s,Tkl,TklW,Def 3rd,Mid 3rd,Att 3rd,Tkl,Att,Tkl%,Lost,Blocks,Sh,Pass,Int,Tkl+Int,Clr,Err,Matches
1,Nicolás Acevedo,uy URU,MF,Bahia,23,1999,21.9,73,46,24,43,6,40,85,47.1,45,31,1,30,26,99,22,1,Matches
2,Luiz Adriano,br BRA,FW,Internacional,35,1987,14.8,12,7,0,6,6,2,7,28.6,5,9,2,7,9,21,18,0,Matches
3,Adriel,br BRA,GK,Grêmio,22,2001,2.0,0,0,0,0,0,0,0,,0,0,0,0,0,0,0,0,Matches
4,Adryelson,br BRA,DF,Botafogo (RJ),24,1998,33.3,34,20,23,10,1,17,26,65.4,9,43,30,13,61,95,202,2,Matches
5,Adson,br BRA,"FW,MF",Corinthians,22,2000,9.5,33,26,22,8,3,12,21,57.1,9,16,2,14,8,41,1,0,Matches
6,Adyson,br BRA,"FW,MF",América (MG),17,2005,2.7,8,5,3,3,2,3,6,50.0,3,1,0,1,5,13,0,0,Matches
7,Washington Aguerre,uy URU,GK,América (MG),29,1993,2.0,0,0,0,0,0,0,0,,0,0,0,0,0,0,3,0,Matches
8,Carlos Alberto,br BRA,"FW,MF",Botafogo (RJ),20,2002,3.3,3,0,1,1,1,2,5,40.0,3,5,2,3,1,4,4,0,Matches
9,Yuri Alberto,br BRA,FW,Corinthians,21,2001,30.2,23,14,6,8,9,9,22,40.9,13,23,2,21,3,26,17,0,Matches
10,Ale,br BRA,MF,América (MG),32,1990,15.8,38,16,17,19,2,12,37,32.4,25,21,5,16,28,66,24,0,Matches
11,Alexandre Alemão,br BRA,FW,Internacional,24,1998,3.8,5,5,1,3,1,1,5,20.0,4,5,1,4,1,6,2,0,Matches
12,Alerrandro,br BRA,"FW,MF",Bragantino,23,2000,4.5,2,2,1,1,0,0,1,0.0,1,3,0,3,0,2,6,0,Matches
13,Alesson,br BRA,"FW,MF",Goiás,23,1999,7.3,17,10,12,3,2,12,27,44.4,15,5,1,4,1,18,7,0,Matches
14,Alex,br BRA,DF,Santos,23,1999,5.1,9,7,8,0,1,2,4,50.0,2,3,2,1,7,16,10,0,Matches
15,Caio Alexandre,br BRA,MF,Fortaleza,23,1999,29.2,76,42,31,39,6,43,102,42.2,59,51,7,44,24,100,22,0,Matches
16,Matheus Alexandre,br BRA,DF,Cuiabá,23,1999,33.1,86,58,56,25,5,55,102,53.9,47,37,5,32,42,128,74,1,Matches
17,Alexsander,br BRA,"MF,DF",Fluminense,19,2003,13.3,34,19,15,15,4,16,34,47.1,18,20,3,17,10,44,12,0,Matches
18,Alison,br BRA,MF,Santos,29,1993,1.5,3,1,1,2,0,1,4,25.0,3,5,2,3,3,6,5,0,Matches
19,Alisson,br BRA,"MF,DF",Atlético Mineiro,17,2005,0.5,2,2,0,1,1,0,0,,0,1,0,1,0,2,1,0,Matches
20,Alisson,br BRA,"MF,FW",São Paulo,29,1993,23.9,47,32,15,26,6,25,65,38.5,40,31,11,20,27,74,34,1,Matches
21,Allan,br BRA,MF,Flamengo,25,1997,5.4,10,5,4,5,1,3,16,18.8,13,5,1,4,9,19,4,0,Matches
22,Allano,br BRA,FW,Goiás,27,1995,13.7,38,20,25,10,3,26,49,53.1,23,17,1,16,12,50,14,0,Matches
23,Henrique Almeida,br BRA,FW,América (MG),31,1991,1.7,2,1,0,0,2,0,2,0.0,2,0,0,0,0,2,1,0,Matches
24,Rodrigo Alves,br BRA,MF,Vasco da Gama,20,2002,3.9,11,5,7,4,0,6,14,42.9,8,1,0,1,3,14,5,1,Matches
25,Anderson,br BRA,GK,Cruzeiro,24,1998,1.0,0,0,0,0,0,0,0,,0,0,0,0,0,0,0,0,Matches
Rk,Player,Nation,Pos,Squad,Age,Born,90s,Tkl,TklW,Def 3rd,Mid 3rd,Att 3rd,Tkl,Att,Tkl%,Lost,Blocks,Sh,Pass,Int,Tkl+Int,Clr,Err,Matches
26,Anderson,br BRA,"FW,MF",Goiás,24,1998,14.3,24,16,11,10,3,15,26,57.7,11,8,0,8,3,27,5,0,Matches
27,André,br BRA,DF,Bahia,19,2003,1.4,2,1,1,1,0,2,2,100.0,0,4,1,3,1,3,3,1,Matches
28,André,br BRA,"MF,DF",Fluminense,21,2001,29.4,57,37,28,26,3,27,50,54.0,23,27,14,13,31,88,36,2,Matches
29,Maurício Antônio,br BRA,DF,Coritiba,30,1992,2.0,0,0,0,0,0,0,0,,0,5,4,1,5,5,18,0,Matches
30,Apodi,br BRA,"FW,MF",Goiás,36,1986,4.2,5,4,3,1,1,3,4,75.0,1,2,1,1,2,7,8,0,Matches
31,Guilherme Arana,br BRA,DF,Atlético Mineiro,25,1997,26.5,42,29,25,16,1,15,25,60.0,10,31,10,21,32,74,56,0,Matches
32,Charles Aránguiz,cl CHI,MF,Internacional,33,1989,14.1,33,16,13,14,6,18,39,46.2,21,12,2,10,10,43,10,0,Matches
33,João Araújo,br BRA,MF,Grêmio,17,2005,0.1,2,1,1,0,1,2,2,100.0,0,0,0,0,0,2,0,0,Matches
34,Luiz Araújo,br BRA,"FW,MF",Flamengo,26,1996,8.7,19,16,8,6,5,7,19,36.8,12,13,1,12,7,26,10,0,Matches
35,Matheus Araújo,br BRA,"MF,FW",Corinthians,20,2002,6.5,12,7,3,4,5,4,18,22.2,14,12,3,9,9,21,6,0,Matches
36,Michel Araujo,uy URU,"FW,MF",São Paulo,26,1996,19.6,36,23,15,17,4,20,48,41.7,28,27,2,25,11,47,18,1,Matches
37,Robert Arboleda,ec ECU,DF,São Paulo,31,1991,19.1,32,21,20,11,1,19,23,82.6,4,27,24,3,13,45,71,2,Matches
38,Jhon Arias,co COL,"FW,MF",Fluminense,25,1997,26.5,54,31,25,21,8,25,60,41.7,35,47,2,45,9,63,18,1,Matches
39,Luciano Arriagada,cl CHI,"FW,MF",Ath Paranaense,20,2002,2.1,2,1,1,0,1,2,4,50.0,2,0,0,0,0,2,1,0,Matches
40,Arthur,br BRA,"FW,MF",Cruzeiro,24,1998,15.0,9,7,5,4,0,3,9,33.3,6,17,0,17,5,14,3,0,Matches
41,Arthur,br BRA,DF,América (MG),19,2003,1.0,2,1,0,2,0,0,0,,0,0,0,0,1,3,1,0,Matches
42,Arthur,br BRA,"DF,FW",Fluminense,18,2004,0.2,2,1,1,0,1,2,2,100.0,0,0,0,0,0,2,0,0,Matches
43,Artur,br BRA,FW,Palmeiras,24,1998,21.1,19,10,10,6,3,10,36,27.8,26,22,0,22,7,26,14,0,Matches
44,Eduard Atuesta,co COL,MF,Palmeiras,25,1997,0.1,0,0,0,0,0,0,0,,0,0,0,0,0,0,0,0,Matches
45,Felipe Augusto,br BRA,"FW,MF",Corinthians,18,2004,3.6,5,2,3,2,0,2,10,20.0,8,10,2,8,1,6,2,0,Matches
46,Filipe Augusto,br BRA,MF,Cuiabá,29,1993,11.8,26,15,13,10,3,15,36,41.7,21,18,11,7,7,33,24,0,Matches
47,Renato Augusto,br BRA,MF,Corinthians,34,1988,14.2,17,8,5,10,2,3,11,27.3,8,7,2,5,8,25,10,0,Matches
48,Danilo Avelar,br BRA,DF,América (MG),33,1989,22.0,35,22,15,18,2,17,31,54.8,14,20,10,10,35,70,72,0,Matches
49,Felipe Azevedo,br BRA,"FW,MF",América (MG),36,1987,19.4,17,10,7,5,5,11,26,42.3,15,16,3,13,10,27,17,0,Matches
50,Matheus Babi,br BRA,FW,Goiás,25,1997,9.8,7,4,1,4,2,4,11,36.4,7,6,1,5,1,8,10,0,Matches
Rk,Player,Nation,Pos,Squad,Age,Born,90s,Tkl,TklW,Def 3rd,Mid 3rd,Att 3rd,Tkl,Att,Tkl%,Lost,Blocks,Sh,Pass,Int,Tkl+Int,Clr,Err,Matches
51,Matheus Bahia,br BRA,"DF,MF",Bahia,23,1999,5.5,16,7,8,5,3,7,18,38.9,11,8,0,8,8,24,15,0,Matches
52,Fabián Balbuena,py PAR,DF,Corinthians,31,1991,1.0,1,0,1,0,0,1,1,100.0,0,0,0,0,3,4,5,1,Matches
53,Robson Bambu,br BRA,DF,Vasco da Gama,25,1997,14.2,21,13,15,5,1,13,28,46.4,15,27,16,11,12,33,70,1,Matches
54,Gabriel Baralhas,br BRA,MF,Internacional,24,1998,2.6,7,5,3,4,0,5,8,62.5,3,4,1,3,5,12,2,0,Matches
55,Danilo Barbosa,br BRA,"MF,DF",Botafogo (RJ),26,1996,11.2,18,9,10,5,3,5,12,41.7,7,16,7,9,16,34,37,0,Matches
56,Diogo Barbosa,br BRA,DF,Fluminense,30,1992,12.4,16,11,7,7,2,8,20,40.0,12,5,1,4,10,26,28,0,Matches
57,Diogo Barbosa,br BRA,DF,Grêmio,30,1992,4.3,4,4,1,3,0,3,9,33.3,6,5,3,2,5,9,14,0,Matches
58,Gabriel Barbosa,br BRA,FW,Flamengo,26,1996,17.1,3,1,1,1,1,1,15,6.7,14,1,0,1,2,5,0,0,Matches
59,Lucas Barbosa,br BRA,"FW,MF",Santos,21,2001,1.1,12,5,3,9,0,6,11,54.5,5,8,3,5,2,14,3,0,Matches
60,Lucas Barbosa,br BRA,"MF,FW",Coritiba,21,2001,1.1,4,2,1,2,1,1,2,50.0,1,2,0,2,2,6,3,0,Matches
61,Chrystian Barletta,br BRA,MF,Corinthians,21,2001,1.4,,3,,,,,,,,,,,1,,,,Matches
62,Cauan Barros,br BRA,MF,Vasco da Gama,18,2004,2.6,6,3,0,5,1,4,12,33.3,8,3,0,3,1,7,9,0,Matches
63,Gabriel Barros,br BRA,"FW,MF",Internacional,21,2001,2.0,2,1,1,1,0,0,0,,0,0,0,0,2,4,2,0,Matches
64,Bastos,ao ANG,DF,Botafogo (RJ),31,1991,1.3,4,2,1,2,1,2,3,66.7,1,4,1,3,0,4,4,0,Matches
65,Fellipe Bastos,br BRA,MF,Goiás,32,1990,0.4,1,0,1,0,0,1,1,100.0,0,1,1,0,1,2,0,0,Matches
66,Diogo Batista,br BRA,"DF,MF",Coritiba,19,2003,5.9,13,5,8,2,3,8,17,47.1,9,10,2,8,2,15,19,0,Matches
67,Rodrigo Battaglia,ar ARG,MF,Atlético Mineiro,31,1991,19.2,39,29,15,22,2,20,37,54.1,17,22,9,13,12,51,22,1,Matches
68,José Luis Rodríguez Bebanz,uy URU,DF,Vasco da Gama,25,1997,22.2,49,31,29,17,3,25,56,44.6,31,24,8,16,30,79,56,2,Matches
69,Matheus Belém,br BRA,DF,São Paulo,19,2003,1.9,0,0,0,0,0,0,1,0.0,1,2,2,0,2,2,5,0,Matches
70,Lucas Belezi,br BRA,DF,Ath Paranaense,19,2003,0.5,1,1,1,0,0,1,1,100.0,0,2,1,1,0,1,0,0,Matches
71,Ramiro Benetti,br BRA,MF,Cruzeiro,29,1993,4.5,7,6,1,5,1,1,7,14.3,6,4,1,3,1,8,1,0,Matches
72,Martín Benítez,ar ARG,"MF,FW",América (MG),28,1994,12.4,11,7,5,3,3,4,14,28.6,10,7,0,7,6,17,3,0,Matches
73,Bento,br BRA,GK,Ath Paranaense,23,1999,33.0,0,0,0,0,0,0,2,0.0,2,0,0,0,1,1,18,1,Matches
74,Lucas Beraldo,br BRA,DF,São Paulo,19,2003,24.0,28,21,19,8,1,18,27,66.7,9,36,23,13,24,52,89,2,Matches
75,Lucas Besozzi,ar ARG,"FW,MF",Grêmio,20,2003,4.4,5,2,4,1,0,3,6,50.0,3,3,0,3,5,10,1,0,Matches
Rk,Player,Nation,Pos,Squad,Age,Born,90s,Tkl,TklW,Def 3rd,Mid 3rd,Att 3rd,Tkl,Att,Tkl%,Lost,Blocks,Sh,Pass,Int,Tkl+Int,Clr,Err,Matches
76,Matheus Bianqui,br BRA,MF,Coritiba,25,1998,15.8,44,25,11,30,3,17,36,47.2,19,34,10,24,20,64,33,0,Matches
77,Raul Bicalho,br BRA,DF,Bahia,23,1999,3.6,6,1,5,1,0,4,5,80.0,1,3,3,0,1,7,12,0,Matches
78,Matheus Bidu,br BRA,DF,Corinthians,23,1999,18.4,27,20,18,6,3,13,22,59.1,9,24,6,18,31,58,56,0,Matches
79,Biel,br BRA,"FW,MF",Bahia,21,2001,15.1,17,11,5,10,2,5,23,21.7,18,17,3,14,14,31,8,0,Matches
80,Rafael Bilu,br BRA,FW,Cruzeiro,23,1999,1.0,2,0,0,1,1,0,0,,0,3,0,3,1,3,0,0,Matches
81,Guilherme Biro,br BRA,"FW,MF",Corinthians,18,2004,6.4,8,4,5,2,1,3,14,21.4,11,12,0,12,3,11,2,0,Matches
82,Bitelo,br BRA,"MF,FW",Grêmio,23,2000,17.2,29,21,14,11,4,15,39,38.5,24,26,6,20,20,49,12,0,Matches
83,Paulinho Bóia,br BRA,FW,América (MG),24,1998,1.5,2,2,0,2,0,2,3,66.7,1,0,0,0,0,2,0,0,Matches
84,Thiago Borbas,uy URU,FW,Bragantino,20,2002,15.9,13,9,3,7,3,3,15,20.0,12,14,0,14,2,15,8,0,Matches
85,Ângelo Borges,br BRA,"FW,MF",Santos,18,2004,6.0,10,8,2,5,3,5,10,50.0,5,11,0,11,5,15,1,0,Matches
86,Daniel Borges,br BRA,DF,América (MG),29,1993,8.9,18,12,9,7,2,8,14,57.1,6,9,3,6,14,32,30,0,Matches
87,Daniel Borges,br BRA,DF,Botafogo (RJ),29,1993,0.5,3,2,3,0,0,2,4,50.0,2,2,0,2,1,4,3,0,Matches
88,Marllon Borges,br BRA,DF,Cuiabá,30,1992,36.0,50,34,31,18,1,23,44,52.3,21,38,21,17,27,77,151,0,Matches
89,Pedro Borges,br BRA,"MF,FW",Fortaleza,25,1997,6.3,16,12,7,7,2,7,12,58.3,5,7,2,5,4,20,12,1,Matches
90,Gabriel Boschilia,br BRA,"MF,FW",Coritiba,26,1996,3.8,12,5,3,8,1,7,13,53.8,6,5,1,4,1,13,3,0,Matches
91,Lucas Braga,br BRA,"DF,FW",Santos,26,1996,22.1,29,21,19,8,2,17,40,42.5,23,22,4,18,11,40,23,0,Matches
92,David Braz,br BRA,DF,Fluminense,35,1987,9.6,11,8,5,4,2,6,10,60.0,4,11,6,5,8,19,50,1,Matches
93,Brenno,br BRA,GK,Grêmio,23,1999,1.0,0,0,0,0,0,0,0,,0,0,0,0,0,0,0,0,Matches
94,Breno,br BRA,MF,Botafogo (RJ),22,2000,0.1,0,0,0,0,0,0,0,,0,1,0,1,0,0,0,0,Matches
95,Breno,br BRA,FW,Palmeiras,27,1996,15.2,17,11,4,9,4,7,13,53.8,6,8,0,8,4,21,3,0,Matches
96,Emanuel Brítez,ar ARG,DF,Fortaleza,30,1992,30.7,37,25,24,10,3,23,46,50.0,23,37,26,11,31,68,147,0,Matches
97,Bruninho,br BRA,"FW,MF",Bragantino,19,2003,7.9,4,4,0,2,2,2,12,16.7,10,11,0,11,2,6,2,0,Matches
98,Fabrício Bruno,br BRA,DF,Flamengo,26,1996,34.0,48,28,29,18,1,27,35,77.1,8,40,26,14,25,73,148,1,Matches
99,Vitor Bueno,br BRA,"MF,FW",Ath Paranaense,28,1994,23.1,16,7,6,7,3,5,18,27.8,13,16,2,14,6,22,1,0,Matches
100,Esteban Burgos,ar ARG,DF,América (MG),31,1992,3.3,2,1,1,1,0,2,3,66.7,1,5,2,3,1,3,24,0,Matches
Rk,Player,Nation,Pos,Squad,Age,Born,90s,Tkl,TklW,Def 3rd,Mid 3rd,Att 3rd,Tkl,Att,Tkl%,Lost,Blocks,Sh,Pass,Int,Tkl+Int,Clr,Err,Matches
101,Fabricio Bustos,ar ARG,DF,Internacional,26,1996,27.8,68,48,38,19,11,39,58,67.2,19,35,11,24,16,84,70,0,Matches
102,Rafael Cabral,br BRA,GK,Cruzeiro,32,1990,37.0,0,0,0,0,0,0,1,0.0,1,1,0,1,0,0,7,0,Matches
103,Cacá,br BRA,DF,Ath Paranaense,23,1999,18.8,27,16,23,4,0,16,25,64.0,9,23,15,8,18,45,69,1,Matches
104,Cadu,br BRA,DF,Santos,20,2002,0.2,0,0,0,0,0,0,0,,0,0,0,0,0,0,0,0,Matches
105,Caetano,br BRA,DF,Corinthians,23,1999,13.4,12,8,10,2,0,5,8,62.5,3,19,14,5,19,31,61,1,Matches
106,Jonathan Cafu,br BRA,"FW,MF",Cuiabá,31,1991,19.0,33,21,10,17,6,10,33,30.3,23,20,0,20,10,43,10,0,Matches
107,Júnior Caiçara,br BRA,DF,Santos,33,1989,1.9,5,3,3,1,1,3,7,42.9,4,2,1,1,2,7,8,0,Matches
108,Rodrigo Caio,br BRA,"MF,DF",Flamengo,29,1993,0.7,3,2,2,1,0,2,2,100.0,0,1,1,0,0,3,0,0,Matches
109,Caíque,br BRA,GK,Grêmio,25,1997,4.0,0,0,0,0,0,0,0,,0,0,0,0,0,0,0,1,Matches
110,Calebe,br BRA,"MF,FW",Fortaleza,22,2000,16.4,17,10,6,7,4,7,24,29.2,17,12,1,11,6,23,3,0,Matches
111,Jonathan Calleri,ar ARG,FW,São Paulo,29,1993,15.0,7,4,1,1,5,3,8,37.5,5,7,1,6,5,12,15,0,Matches
112,Patric Calmon PK,br BRA,DF,Cuiabá,28,1994,5.8,12,9,8,1,3,7,13,53.8,6,9,1,8,9,21,19,0,Matches
113,Guilherme Camacho,br BRA,MF,Santos,32,1990,5.0,15,9,7,7,1,6,16,37.5,10,14,4,10,5,20,11,0,Matches
114,Nathan Camargo,br BRA,MF,Bragantino,17,2005,0.1,1,1,1,0,0,1,1,100.0,0,0,0,0,0,1,0,0,Matches
115,Gustavo Campanharo,br BRA,MF,Internacional,30,1992,7.7,26,16,12,10,4,12,32,37.5,20,10,1,9,12,38,16,0,Matches
116,Camilo Cándido,uy URU,DF,Bahia,27,1995,13.8,24,16,16,5,3,8,23,34.8,15,14,1,13,23,47,23,0,Matches
117,Luan Cândido,br BRA,DF,Bragantino,21,2001,12.0,19,12,12,5,2,7,13,53.8,6,24,8,16,13,32,45,0,Matches
118,Germán Cano,ar ARG,FW,Fluminense,34,1988,27.4,14,9,1,12,1,7,24,29.2,17,15,6,9,6,20,11,2,Matches
119,Agustín Canobbio,uy URU,"FW,MF",Ath Paranaense,24,1998,23.5,59,39,19,24,16,30,65,46.2,35,48,3,45,8,67,18,0,Matches
120,Víctor Cantillo,co COL,MF,Corinthians,29,1993,3.0,7,6,4,3,0,3,10,30.0,7,7,2,5,6,13,11,0,Matches
121,Manuel Capasso,ar ARG,DF,Vasco da Gama,26,1996,6.2,8,4,6,2,0,3,9,33.3,6,11,8,3,8,16,20,0,Matches
122,Juninho Capixaba,br BRA,DF,Bragantino,25,1997,31.9,69,54,25,28,16,35,88,39.8,53,45,12,33,79,148,85,3,Matches
123,Gabriel Carabajal,ar ARG,MF,Vasco da Gama,31,1991,1.4,1,1,0,1,0,1,2,50.0,1,0,0,0,2,3,0,0,Matches
124,Felipe Carballo,uy URU,MF,Grêmio,26,1996,17.1,31,16,13,16,2,14,49,28.6,35,14,2,12,18,49,22,1,Matches
125,Johnny Cardoso,us USA,MF,Internacional,21,2001,17.9,38,23,14,18,6,19,28,67.9,9,30,14,16,31,69,44,1,Matches
Rk,Player,Nation,Pos,Squad,Age,Born,90s,Tkl,TklW,Def 3rd,Mid 3rd,Att 3rd,Tkl,Att,Tkl%,Lost,Blocks,Sh,Pass,Int,Tkl+Int,Clr,Err,Matches
126,Ed Carlos,br BRA,"MF,FW",Santos,21,2001,0.4,1,1,1,0,0,0,1,0.0,1,0,0,0,0,1,1,0,Matches
127,João Carlos,br BRA,GK,Cuiabá,34,1988,3.0,0,0,0,0,0,0,0,,0,0,0,0,0,0,0,0,Matches
128,Ryan Carlos,br BRA,DF,Bahia,20,2002,6.4,7,6,5,2,0,4,12,33.3,8,9,2,7,8,15,11,1,Matches
129,Alan Carvalho,cn CHN,MF,Fluminense,33,1989,0.5,0,0,0,0,0,0,1,0.0,1,2,0,2,0,0,1,0,Matches
130,Breno Cascardo,br BRA,MF,América (MG),19,2003,12.9,31,19,11,16,4,13,43,30.2,30,20,1,19,10,41,11,0,Matches
131,Cássio,br BRA,GK,Corinthians,35,1987,36.8,0,0,0,0,0,0,1,0.0,1,1,0,1,0,0,11,1,Matches
132,Luciano Castán,br BRA,DF,Cruzeiro,33,1989,35.7,29,18,21,7,1,19,26,73.1,7,26,20,6,29,58,145,1,Matches
133,Iury de Castilho,br BRA,FW,Cuiabá,27,1995,4.4,5,3,2,3,0,1,13,7.7,12,4,0,4,1,6,2,0,Matches
134,Matheus Cavichioli,br BRA,GK,América (MG),36,1986,15.0,1,1,1,0,0,1,2,50.0,1,0,0,0,1,2,8,2,Matches
135,Juan Cazares,ec ECU,"MF,FW",América (MG),30,1992,3.1,4,2,2,2,0,1,5,20.0,4,3,0,3,0,4,0,0,Matches
136,Brayan Ceballos,co COL,DF,Fortaleza,21,2001,2.3,2,2,1,1,0,0,0,,0,3,1,2,2,4,15,0,Matches
137,Pablo Ceppelini,uy URU,MF,Cuiabá,31,1991,11.1,14,6,6,7,1,6,33,18.2,27,10,1,9,9,23,10,0,Matches
138,Murilo Cerqueira,br BRA,DF,Palmeiras,25,1997,24.1,29,21,15,13,1,16,29,55.2,13,25,17,8,28,57,79,0,Matches
139,Ricardo Cerqueira,br BRA,MF,Cuiabá,20,2002,0.1,0,0,0,0,0,0,0,,0,0,0,0,0,0,0,0,Matches
140,Júlio César,br BRA,DF,América (MG),19,2003,6.6,9,7,6,3,0,7,9,77.8,2,15,10,5,4,13,41,0,Matches
141,Reynaldo Cesar Moraes,br BRA,DF,Cruzeiro,26,1997,0.7,0,0,0,0,0,0,0,,0,0,0,0,0,0,3,0,Matches
142,Reynaldo Cesar Moraes,br BRA,DF,Coritiba,26,1997,2.7,4,3,4,0,0,1,2,50.0,1,2,2,0,7,11,19,0,Matches
143,Kayky Chagas,br BRA,"FW,MF",Bahia,19,2003,4.6,8,4,4,4,0,4,13,30.8,9,7,0,7,2,10,2,0,Matches
144,Jhon Chancellor,ve VEN,DF,Coritiba,31,1992,3.4,6,4,6,0,0,4,4,100.0,0,5,4,1,2,8,21,0,Matches
145,Gabriel Chapecó,br BRA,GK,Grêmio,22,2000,31.0,1,0,1,0,0,1,3,33.3,2,0,0,0,1,2,9,2,Matches
146,Gabriel Chaves,br BRA,"FW,MF",Vasco da Gama,21,2001,29.0,42,26,20,17,5,16,52,30.8,36,32,0,32,13,55,16,0,Matches
147,Jhoanner Chávez,ec ECU,"DF,MF",Bahia,20,2002,6.5,14,9,3,11,0,10,21,47.6,11,6,0,6,7,21,14,0,Matches
148,Chiqueti,br BRA,MF,Ath Paranaense,17,2005,0.2,,0,,,,,,,,,,,0,,,,Matches
149,Christian,br BRA,"MF,FW",Ath Paranaense,22,2000,15.1,23,13,5,15,3,8,19,42.1,11,15,1,14,10,33,9,1,Matches
150,Cicinho,bg BUL,DF,Bahia,34,1988,8.4,24,16,9,12,3,11,18,61.1,7,12,3,9,5,29,26,1,Matches
Rk,Player,Nation,Pos,Squad,Age,Born,90s,Tkl,TklW,Def 3rd,Mid 3rd,Att 3rd,Tkl,Att,Tkl%,Lost,Blocks,Sh,Pass,Int,Tkl+Int,Clr,Err,Matches
151,Cipriano,br BRA,DF,Bragantino,20,2002,0.8,1,1,1,0,0,1,1,100.0,0,0,0,0,2,3,11,0,Matches
152,Marcelo Cirino,br BRA,"FW,MF",Ath Paranaense,31,1992,1.1,2,0,0,2,0,0,1,0.0,1,2,1,1,0,2,0,0,Matches
153,Léo Cittadini,br BRA,MF,Bahia,28,1994,1.5,6,3,1,4,1,0,4,0.0,4,2,0,2,3,9,0,0,Matches
154,Léo Cittadini,br BRA,"MF,FW",Ath Paranaense,28,1994,2.2,4,4,2,1,1,2,5,40.0,3,1,1,0,2,6,2,0,Matches
155,Mateus Claus,br BRA,GK,Bahia,28,1994,0.6,0,0,0,0,0,0,0,,0,0,0,0,0,0,0,0,Matches
156,Clayson,br BRA,"FW,MF",Cuiabá,27,1995,18.2,19,10,10,6,3,12,39,30.8,27,18,2,16,8,27,6,2,Matches
157,Mateus Cocão,br BRA,MF,Vasco da Gama,20,2002,3.9,13,7,6,7,0,3,9,33.3,6,9,3,6,3,16,4,0,Matches
158,Diego Costa,es ESP,FW,Botafogo (RJ),34,1988,5.7,7,5,2,3,2,0,1,0.0,1,4,0,4,3,10,4,0,Matches
159,Philippe Costa,br BRA,FW,Goiás,22,2000,1.2,0,0,0,0,0,0,1,0.0,1,0,0,0,0,0,1,0,Matches
160,Talles Costa,br BRA,"MF,FW",São Paulo,20,2002,1.5,4,1,3,0,1,1,1,100.0,0,2,1,1,2,6,0,0,Matches
161,Lucas Crispim,br BRA,"MF,DF",Fortaleza,28,1994,5.4,7,5,3,3,1,3,10,30.0,7,4,3,1,3,10,7,0,Matches
162,Franco Cristaldo,ar ARG,"MF,FW",Grêmio,26,1996,23.7,33,18,13,15,5,17,52,32.7,35,31,0,31,12,45,7,0,Matches
163,Tomás Cuello,ar ARG,"MF,FW",Ath Paranaense,22,2000,22.8,54,25,22,27,5,29,51,56.9,22,19,2,17,37,91,29,1,Matches
164,Víctor Cuesta,ar ARG,DF,Botafogo (RJ),34,1988,35.0,46,31,22,19,5,22,36,61.1,14,37,26,11,58,104,123,1,Matches
165,Cuiabano,br BRA,"DF,MF",Grêmio,19,2003,5.4,15,7,8,6,1,3,9,33.3,6,7,2,5,11,26,16,0,Matches
166,Lucas Cunha,br BRA,DF,Bragantino,26,1997,0.8,0,0,0,0,0,0,1,0.0,1,1,1,0,1,1,1,1,Matches
167,Matheus Cunha,br BRA,GK,Flamengo,21,2001,17.6,0,0,0,0,0,0,0,,0,1,0,1,0,0,10,3,Matches
168,Ian Custódio,br BRA,DF,Palmeiras,19,2003,0.2,0,0,0,0,0,0,0,,0,0,0,0,0,0,0,0,Matches
169,João Dalla Corte,br BRA,DF,Internacional,16,2006,0.2,1,0,0,0,1,0,0,,0,0,0,0,1,2,0,0,Matches
170,Danielzinho,br BRA,"FW,MF",Bahia,27,1996,0.9,1,1,0,1,0,1,3,33.3,2,1,0,1,0,1,0,0,Matches
171,Danielzinho,br BRA,FW,Ath Paranaense,20,2002,0.0,0,0,0,0,0,0,0,,0,0,0,0,0,0,0,0,Matches
172,Danielzinho,br BRA,MF,Fluminense,27,1996,6.8,17,9,9,6,2,11,17,64.7,6,9,4,5,9,26,6,0,Matches
173,David,br BRA,"FW,MF",São Paulo,27,1995,8.1,6,2,2,1,3,2,8,25.0,6,8,1,7,0,6,2,0,Matches
174,Giorgian De Arrascaeta,uy URU,"MF,FW",Flamengo,28,1994,20.5,36,24,10,18,8,12,34,35.3,22,12,1,11,7,43,14,0,Matches
175,Sergio Antonio De Luiz Junior,br BRA,"MF,DF",Vasco da Gama,27,1995,4.0,7,5,3,3,1,2,2,100.0,0,8,0,8,0,7,3,0,Matches
Rk,Player,Nation,Pos,Squad,Age,Born,90s,Tkl,TklW,Def 3rd,Mid 3rd,Att 3rd,Tkl,Att,Tkl%,Lost,Blocks,Sh,Pass,Int,Tkl+Int,Clr,Err,Matches
176,Denilson,br BRA,MF,Cuiabá,21,2001,21.2,47,30,13,26,8,20,41,48.8,21,23,7,16,13,60,2,0,Matches
177,Denzel,br BRA,FW,Goiás,20,2003,0.3,0,0,0,0,0,0,0,,0,0,0,0,0,0,0,0,Matches
178,Deyverson,br BRA,FW,Cuiabá,31,1991,32.3,12,9,3,5,4,8,19,42.1,11,14,5,9,8,20,39,0,Matches
179,Leonel Di Plácido,ar ARG,DF,Botafogo (RJ),29,1994,26.2,79,51,46,28,5,54,119,45.4,65,41,7,34,48,127,56,0,Matches
180,Gabriel Dias,br BRA,DF,Vasco da Gama,28,1994,0.1,1,1,1,0,0,0,0,,0,0,0,0,0,1,4,0,Matches
181,Jean Dias,br BRA,"FW,MF",Internacional,32,1990,3.6,1,1,1,0,0,1,6,16.7,5,2,0,2,2,3,3,0,Matches
182,Luan Dias,br BRA,"MF,FW",Santos,25,1997,2.1,8,6,2,5,1,1,8,12.5,7,3,1,2,1,9,0,0,Matches
183,Matheus Dias,br BRA,"MF,FW",Internacional,25,1997,4.5,17,8,10,6,1,11,19,57.9,8,10,0,10,7,24,8,0,Matches
184,Diego,br BRA,DF,São Paulo,23,1999,19.4,21,11,13,8,0,12,22,54.5,10,27,14,13,18,39,99,0,Matches
185,Dieguinho,br BRA,"DF,FW",Goiás,27,1995,12.0,24,18,12,9,3,8,25,32.0,17,6,1,5,12,36,20,0,Matches
186,Diogo,br BRA,"FW,MF",Coritiba,26,1996,8.4,18,13,9,7,2,7,14,50.0,7,8,0,8,4,22,6,0,Matches
187,Dodi,br BRA,MF,Santos,26,1996,19.1,43,25,17,24,2,15,34,44.1,19,25,7,18,22,65,28,0,Matches
188,Dodô,br BRA,DF,Atlético Mineiro,30,1992,0.7,0,0,0,0,0,0,0,,0,1,0,1,1,1,0,0,Matches
189,Dodô,br BRA,DF,Santos,30,1992,15.8,20,15,11,7,2,12,23,52.2,11,18,5,13,29,49,44,1,Matches
190,Dodô,br BRA,"MF,FW",Goiás,21,2001,3.6,4,4,1,2,1,2,6,33.3,4,1,0,1,1,5,2,0,Matches
191,Thiago Dombroski,br BRA,DF,Coritiba,20,2002,5.6,2,2,1,1,0,1,4,25.0,3,4,2,2,6,8,28,0,Matches
192,Halerrandrio dos Santos,br BRA,MF,Goiás,16,2006,0.3,2,2,2,0,0,1,2,50.0,1,1,0,1,0,2,0,0,Matches
193,Thiago dos Santos,br BRA,"DF,MF",Fluminense,33,1989,9.1,17,14,12,5,0,10,19,52.6,9,14,8,6,16,33,34,0,Matches
194,Henrique Dourado,br BRA,FW,Cruzeiro,33,1989,3.8,3,2,0,1,2,0,3,0.0,3,1,1,0,0,3,1,0,Matches
195,David Duarte,br BRA,DF,Bahia,28,1995,9.6,8,5,4,4,0,6,8,75.0,2,8,6,2,11,19,50,1,Matches
196,Dudu,br BRA,MF,Ath Paranaense,17,2006,0.0,0,0,0,0,0,0,0,,0,0,0,0,0,0,0,0,Matches
197,Dudu,br BRA,FW,Palmeiras,31,1992,12.0,5,4,2,2,1,3,10,30.0,7,7,0,7,6,11,1,0,Matches
198,Éberth,br BRA,FW,Coritiba,19,2003,0.3,0,0,0,0,0,0,0,,0,1,0,1,0,0,0,0,Matches
199,Edenílson,br BRA,"MF,FW",Atlético Mineiro,33,1989,15.2,21,12,11,7,3,15,26,57.7,11,20,2,18,18,39,22,1,Matches
200,Eder,br BRA,DF,América (MG),27,1995,17.4,23,14,14,7,2,15,21,71.4,6,34,21,13,19,42,99,1,Matches
Rk,Player,Nation,Pos,Squad,Age,Born,90s,Tkl,TklW,Def 3rd,Mid 3rd,Att 3rd,Tkl,Att,Tkl%,Lost,Blocks,Sh,Pass,Int,Tkl+Int,Clr,Err,Matches
201,EDU,br BRA,DF,Goiás,22,2000,4.8,4,2,2,1,1,2,4,50.0,2,8,5,3,4,8,32,0,Matches
202,Edu,br BRA,"FW,MF",Coritiba,29,1993,3.6,0,0,0,0,0,0,1,0.0,1,3,0,3,0,0,2,0,Matches
203,Carlos Eduardo,br BRA,"MF,FW",Atlético Mineiro,18,2004,0.1,1,1,0,1,0,0,0,,0,0,0,0,0,1,0,0,Matches
204,Carlos Eduardo,br BRA,MF,Botafogo (RJ),33,1989,29.7,18,11,4,13,1,9,28,32.1,19,12,0,12,13,31,19,0,Matches
205,Eguinaldo,br BRA,"FW,MF",Vasco da Gama,18,2004,0.7,2,1,0,0,2,0,0,,0,1,1,0,0,2,0,0,Matches
206,Rafael Elias,br BRA,FW,Cruzeiro,23,1999,6.0,8,5,0,3,5,2,5,40.0,3,3,0,3,1,9,3,0,Matches
207,Rodrigo Ely,br BRA,DF,Grêmio,29,1993,7.4,6,2,5,1,0,1,2,50.0,1,6,6,0,3,9,46,0,Matches
208,Lucas Emmanuel,br BRA,FW,Goiás,22,2000,0.6,1,0,0,0,1,0,1,0.0,1,1,0,1,0,1,0,0,Matches
209,Leandro Emmanuel Martínez,ar ARG,MF,América (MG),28,1994,28.2,60,40,20,36,4,25,92,27.2,67,51,11,40,31,91,21,1,Matches
210,Alan Empereur,br BRA,DF,Cuiabá,28,1994,32.8,23,15,20,3,0,18,37,48.6,19,28,15,13,27,50,116,1,Matches
211,Endrick,br BRA,FW,Palmeiras,16,2006,17.3,14,6,3,7,4,1,11,9.1,10,8,1,7,1,15,5,0,Matches
212,Erick,br BRA,MF,Ath Paranaense,25,1997,27.8,48,27,18,26,4,21,44,47.7,23,33,12,21,42,90,32,0,Matches
213,Erison,br BRA,"FW,MF",São Paulo,23,1999,4.3,3,0,0,2,1,1,2,50.0,1,1,0,1,0,3,2,0,Matches
214,Gonzalo Escobar,ar ARG,DF,Fortaleza,25,1997,6.4,18,14,5,8,5,10,15,66.7,5,8,2,6,15,33,16,0,Matches
215,Lucas Esquivel,ar ARG,DF,Ath Paranaense,21,2001,18.3,34,27,15,14,5,13,27,48.1,14,27,7,20,22,56,50,0,Matches
216,Estevão,br BRA,MF,Internacional,20,2002,0.1,2,1,2,0,0,2,2,100.0,0,0,0,0,0,2,0,0,Matches
217,Estevão,br BRA,FW,Palmeiras,16,2006,0.1,,1,,,,,,,,,,,0,,,,Matches
218,Vitor Eudes,br BRA,GK,Fluminense,24,1998,1.0,0,0,0,0,0,0,0,,0,0,0,0,0,0,0,0,Matches
219,Lucas Evangelista,br BRA,MF,Bragantino,27,1995,30.2,51,28,20,22,9,15,46,32.6,31,31,6,25,26,77,20,0,Matches
220,Everaldo,br BRA,"FW,MF",América (MG),28,1994,13.7,22,16,12,8,2,12,28,42.9,16,12,0,12,6,28,5,0,Matches
221,Éverson,br BRA,GK,Atlético Mineiro,32,1990,36.0,0,0,0,0,0,0,0,,0,1,0,1,1,1,18,0,Matches
222,Everton,br BRA,"FW,MF",Grêmio,25,1997,13.5,14,7,3,10,1,6,21,28.6,15,10,3,7,12,26,7,0,Matches
223,Bruno Fabiano Alves,br BRA,DF,Grêmio,31,1991,27.2,31,17,15,15,1,12,20,60.0,8,42,26,16,29,60,110,0,Matches
224,Fabinho,br BRA,MF,Palmeiras,20,2002,6.5,25,20,6,14,5,11,18,61.1,7,11,4,7,7,32,8,0,Matches
225,Fábio,br BRA,GK,Fluminense,42,1980,35.0,0,0,0,0,0,0,1,0.0,1,0,0,0,0,0,15,2,Matches
Rk,Player,Nation,Pos,Squad,Age,Born,90s,Tkl,TklW,Def 3rd,Mid 3rd,Att 3rd,Tkl,Att,Tkl%,Lost,Blocks,Sh,Pass,Int,Tkl+Int,Clr,Err,Matches
226,Fábio,br BRA,"DF,MF",Grêmio,32,1990,9.7,26,18,14,10,2,13,35,37.1,22,12,5,7,9,35,27,0,Matches
227,Fagner,br BRA,DF,Corinthians,33,1989,23.3,43,27,29,8,6,24,44,54.5,20,23,11,12,17,60,66,0,Matches
228,Willian Farias,br BRA,MF,Coritiba,33,1989,10.7,15,10,3,11,1,7,15,46.7,8,12,4,8,23,38,15,1,Matches
229,Luiz Felipe,br BRA,DF,Santos,29,1993,0.0,0,0,0,0,0,0,0,,0,0,0,0,0,0,0,0,Matches
230,Marcos Felipe,br BRA,GK,Bahia,26,1996,37.0,3,3,3,0,0,3,6,50.0,3,0,0,0,1,4,24,1,Matches
231,Matheus Felipe,br BRA,DF,Ath Paranaense,24,1998,5.9,5,3,5,0,0,2,6,33.3,4,10,5,5,6,11,22,0,Matches
232,Danilo Fernandes,br BRA,GK,Bahia,34,1988,0.4,0,0,0,0,0,0,0,,0,0,0,0,0,0,0,0,Matches
233,Lucas Fernandes,br BRA,MF,Botafogo (RJ),25,1997,5.3,1,1,1,0,0,1,5,20.0,4,5,2,3,3,4,8,0,Matches
234,Matheus Fernandes,br BRA,MF,Bragantino,24,1998,26.0,106,63,40,52,14,45,93,48.4,48,36,10,26,32,138,23,1,Matches
235,Nathan Fernandes,br BRA,"FW,MF",Grêmio,17,2005,4.2,4,1,1,1,2,1,3,33.3,2,3,0,3,1,5,1,0,Matches
236,Gatito Fernández,py PAR,GK,Botafogo (RJ),34,1988,0.5,0,0,0,0,0,0,0,,0,0,0,0,0,0,1,0,Matches
237,Leonardo Fernández,uy URU,"MF,FW",Fluminense,24,1998,7.3,11,5,3,5,3,4,15,26.7,11,10,1,9,4,15,3,0,Matches
238,Rodrigo Fernández,uy URU,MF,Santos,27,1996,22.4,57,29,26,25,6,38,98,38.8,60,40,11,29,17,74,28,0,Matches
239,Fernandinho,br BRA,MF,Ath Paranaense,37,1985,21.5,26,15,10,13,3,16,33,48.5,17,19,7,12,16,42,27,0,Matches
240,Fernando,br BRA,DF,Ath Paranaense,23,1999,5.3,11,9,7,3,1,7,9,77.8,2,1,0,1,8,19,10,0,Matches
241,Nahuel Ferraresi,ve VEN,FW,São Paulo,24,1998,0.0,0,0,0,0,0,0,1,0.0,1,0,0,0,0,0,1,0,Matches
242,Ferreira,br BRA,"FW,MF",Grêmio,25,1997,12.7,18,13,9,9,0,8,27,29.6,19,8,0,8,7,25,9,0,Matches
243,Sebastián Ferreira,py PAR,"FW,MF",Vasco da Gama,24,1998,4.9,8,3,1,3,4,1,5,20.0,4,2,0,2,0,8,1,0,Matches
244,Figueiredo,br BRA,"FW,MF",Vasco da Gama,21,2001,7.3,8,5,5,2,1,2,17,11.8,15,9,0,9,6,14,9,0,Matches
245,Tobias Figueiredo,pt POR,DF,Fortaleza,28,1994,3.8,5,1,3,2,0,3,3,100.0,0,2,1,1,2,7,13,1,Matches
246,Matheus França,br BRA,"MF,FW",Flamengo,18,2004,4.1,7,6,2,2,3,1,8,12.5,7,6,0,6,5,12,2,0,Matches
247,Alan Franco,ec ECU,"MF,FW",Atlético Mineiro,24,1998,9.3,26,14,11,10,5,8,18,44.4,10,12,4,8,15,41,9,0,Matches
248,Alan Franco,ar ARG,DF,São Paulo,26,1996,12.5,14,10,9,3,2,11,16,68.8,5,10,8,2,13,27,37,0,Matches
249,Fransérgio,br BRA,MF,Coritiba,32,1990,5.9,11,4,5,5,1,6,10,60.0,4,6,2,4,5,16,13,0,Matches
250,Marlon Freitas,br BRA,MF,Botafogo (RJ),27,1995,32.3,41,30,22,18,1,20,49,40.8,29,42,12,30,40,81,60,0,Matches
Rk,Player,Nation,Pos,Squad,Age,Born,90s,Tkl,TklW,Def 3rd,Mid 3rd,Att 3rd,Tkl,Att,Tkl%,Lost,Blocks,Sh,Pass,Int,Tkl+Int,Clr,Err,Matches
251,Bruno Fuchs,br BRA,DF,Atlético Mineiro,23,1999,12.1,13,6,11,2,0,4,8,50.0,4,11,5,6,16,29,53,0,Matches
252,Julio Furch,ar ARG,"FW,MF",Santos,33,1989,6.8,7,5,2,3,2,1,6,16.7,5,3,0,3,2,9,9,0,Matches
253,Gabriel,br BRA,DF,Bahia,21,2001,10.9,20,9,14,5,1,14,20,70.0,6,11,8,3,30,50,66,1,Matches
254,Gabriel,br BRA,MF,Internacional,30,1992,8.5,18,13,9,8,1,11,31,35.5,20,11,3,8,12,30,7,0,Matches
255,Gabriel,br BRA,GK,Coritiba,30,1992,30.7,2,1,2,0,0,2,2,100.0,0,0,0,0,0,2,20,2,Matches
256,Gabriel,br BRA,MF,Botafogo (RJ),29,1993,9.6,33,20,14,19,0,16,37,43.2,21,9,1,8,16,49,12,0,Matches
257,Eduardo Gabriel,br BRA,DF,Santos,26,1996,3.0,1,0,1,0,0,1,1,100.0,0,5,4,1,6,7,20,0,Matches
258,Thalisson Gabriel,br BRA,DF,Coritiba,21,2002,10.5,9,8,8,1,0,6,15,40.0,9,10,6,4,11,20,58,1,Matches
259,Zé Gabriel,br BRA,MF,Vasco da Gama,24,1999,21.5,43,20,24,16,3,24,55,43.6,31,22,5,17,18,61,45,0,Matches
260,Ighor Gabryel,br BRA,FW,América (MG),20,2003,0.3,0,0,0,0,0,0,0,,0,0,0,0,0,0,1,0,Matches
261,Matías Galarza,py PAR,MF,Vasco da Gama,20,2002,4.5,15,7,10,4,1,7,17,41.2,10,10,2,8,6,21,3,0,Matches
262,Thiago Galhardo,br BRA,"FW,MF",Fortaleza,33,1989,20.8,14,11,6,6,2,6,20,30.0,14,18,3,15,8,22,21,0,Matches
263,JP Galvão,br BRA,DF,Botafogo (RJ),21,2001,2.2,8,5,5,3,0,6,11,54.5,5,3,1,2,3,11,9,0,Matches
264,Ganso,br BRA,MF,Fluminense,33,1989,19.3,22,17,9,8,5,11,28,39.3,17,13,3,10,6,28,5,0,Matches
265,Maurício Garcez,br BRA,"MF,FW",Coritiba,25,1997,6.6,12,7,4,5,3,6,8,75.0,2,5,1,4,0,12,11,0,Matches
266,García,br BRA,DF,Palmeiras,21,2002,3.3,4,1,3,1,0,1,2,50.0,1,3,0,3,3,7,7,0,Matches
267,Bryan García,ec ECU,MF,Ath Paranaense,22,2001,0.0,0,0,0,0,0,0,0,,0,0,0,0,0,0,0,0,Matches
268,Luan Garcia,br BRA,DF,Palmeiras,29,1993,20.2,12,6,6,5,1,6,12,50.0,6,22,19,3,26,38,67,0,Matches
269,Rafael Gava,br BRA,MF,Cuiabá,29,1993,0.2,0,0,0,0,0,0,0,,0,1,0,1,0,0,0,0,Matches
270,Pedro Geromel,br BRA,DF,Grêmio,37,1985,5.2,6,4,4,2,0,2,6,33.3,4,5,3,2,8,14,38,0,Matches
271,Gerson,br BRA,MF,Flamengo,25,1997,29.9,40,22,19,16,5,17,46,37.0,29,27,7,20,15,55,30,0,Matches
272,Gil,br BRA,DF,Corinthians,35,1987,32.0,46,30,34,12,0,26,41,63.4,15,53,36,17,27,73,126,0,Matches
273,Gilberto,br BRA,FW,Cruzeiro,33,1989,12.1,11,8,3,5,3,3,9,33.3,6,7,3,4,1,12,6,0,Matches
274,Gilberto,br BRA,DF,Bahia,29,1993,20.6,45,28,19,21,5,24,54,44.4,30,26,6,20,18,63,26,2,Matches
275,Giovane,br BRA,FW,Corinthians,19,2003,1.5,0,0,0,0,0,0,0,,0,3,0,3,0,0,2,0,Matches
Rk,Player,Nation,Pos,Squad,Age,Born,90s,Tkl,TklW,Def 3rd,Mid 3rd,Att 3rd,Tkl,Att,Tkl%,Lost,Blocks,Sh,Pass,Int,Tkl+Int,Clr,Err,Matches
276,Giovani,br BRA,FW,Palmeiras,19,2004,0.2,1,0,1,0,0,0,0,,0,0,0,0,0,1,0,0,Matches
277,Giovanni,br BRA,"MF,DF",Fluminense,21,2002,1.1,0,0,0,0,0,0,2,0.0,2,1,1,0,1,1,0,0,Matches
278,Bruno Gomes,br BRA,MF,Coritiba,21,2001,24.4,56,28,19,26,11,33,76,43.4,43,23,2,21,33,89,18,0,Matches
279,Igor Gomes,br BRA,"MF,FW",Atlético Mineiro,23,1999,15.3,20,14,12,6,2,14,29,48.3,15,17,4,13,11,31,9,0,Matches
280,Igor Gomes,br BRA,DF,Internacional,21,2001,16.3,34,25,23,11,0,22,40,55.0,18,18,7,11,15,49,63,0,Matches
281,Marlon Gomes,br BRA,MF,Vasco da Gama,19,2003,12.7,,31,,,,,,,,,,,33,,,,Matches
282,William Gomes,br BRA,FW,São Paulo,16,2006,0.8,3,3,3,0,0,1,2,50.0,1,2,0,2,1,4,0,0,Matches
283,Gustavo Gómez,py PAR,DF,Palmeiras,29,1993,30.7,59,28,33,22,4,34,59,57.6,25,24,12,12,28,87,110,1,Matches
284,Sebastián Gómez,co COL,MF,Coritiba,26,1996,15.9,23,14,8,10,5,13,34,38.2,21,18,3,15,15,38,12,0,Matches
285,Aloísio dos Santos Gonçalves,cn CHN,"FW,MF",América (MG),34,1988,8.0,5,4,1,2,2,2,16,12.5,14,5,1,4,2,7,4,0,Matches
286,Diego Gonçalves,br BRA,"FW,MF",Goiás,28,1994,4.0,3,3,3,0,0,3,12,25.0,9,8,1,7,2,5,3,1,Matches
287,Mateus Gonçalves Martins,br BRA,"MF,FW",América (MG),28,1994,0.7,2,2,0,1,1,1,1,100.0,0,1,0,1,0,2,1,0,Matches
288,Matheus Gonçalves,br BRA,"FW,MF",Flamengo,17,2005,0.2,0,0,0,0,0,0,2,0.0,2,1,0,1,0,0,0,0,Matches
289,Matheus Gonçalves,br BRA,"FW,MF",Bragantino,17,2005,5.1,7,3,2,1,4,6,11,54.5,5,6,0,6,0,7,2,0,Matches
290,Yony González,co COL,"FW,MF",Fluminense,28,1994,6.4,9,5,5,2,2,6,7,85.7,1,8,4,4,2,11,12,0,Matches
291,Roger Guedes,br BRA,"FW,MF",Corinthians,26,1996,15.0,6,3,1,2,3,1,2,50.0,1,11,1,10,1,7,11,0,Matches
292,Guga,br BRA,DF,Fluminense,24,1998,16.8,36,21,21,13,2,22,40,55.0,18,16,8,8,14,50,38,0,Matches
293,Guilherme,br BRA,MF,Goiás,31,1991,20.6,27,16,12,10,5,13,28,46.4,15,21,7,14,12,39,14,1,Matches
294,Guilherme,br BRA,"FW,MF",Fortaleza,27,1995,15.7,28,13,14,8,6,12,26,46.2,14,18,3,15,16,44,20,0,Matches
295,Guilherme,br BRA,"DF,MF",Bragantino,20,2002,2.9,7,4,3,2,2,4,4,100.0,0,4,1,3,3,10,11,0,Matches
296,Luis Guilherme,br BRA,"FW,MF",Palmeiras,16,2006,6.4,3,1,0,0,3,1,10,10.0,9,4,0,4,6,9,2,0,Matches
297,Gustavinho,br BRA,"FW,MF",Grêmio,21,2001,0.4,0,0,0,0,0,0,0,,0,0,0,0,0,0,0,0,Matches
298,Gustavinho,br BRA,"MF,FW",Bragantino,18,2004,7.4,13,5,5,1,7,6,23,26.1,17,8,2,6,7,20,5,0,Matches
299,Raphael Guzzo,pt POR,MF,Goiás,28,1995,6.4,7,3,1,3,3,2,8,25.0,6,9,4,5,2,9,10,0,Matches
300,Lucas Halter,br BRA,DF,Goiás,22,2000,28.7,39,31,32,5,2,26,41,63.4,15,38,24,14,38,77,134,2,Matches
Rk,Player,Nation,Pos,Squad,Age,Born,90s,Tkl,TklW,Def 3rd,Mid 3rd,Att 3rd,Tkl,Att,Tkl%,Lost,Blocks,Sh,Pass,Int,Tkl+Int,Clr,Err,Matches
301,Hayner,br BRA,"DF,MF",Coritiba,27,1995,3.4,5,4,3,2,0,2,3,66.7,1,5,1,4,1,6,9,0,Matches
302,Thiago Heleno,br BRA,DF,Ath Paranaense,34,1988,30.9,41,26,28,12,1,27,39,69.2,12,35,19,16,41,82,138,1,Matches
303,Helinho,br BRA,FW,Bragantino,22,2000,15.4,24,16,8,11,5,8,19,42.1,11,18,0,18,8,32,11,0,Matches
304,Henrique,br BRA,DF,Coritiba,36,1986,22.5,16,5,10,6,0,11,22,50.0,11,29,21,8,18,34,129,2,Matches
305,Bruno Henrique,br BRA,"FW,MF",Flamengo,32,1990,17.1,31,21,11,10,10,13,28,46.4,15,21,3,18,3,34,21,0,Matches
306,Bruno Henrique,br BRA,MF,Internacional,33,1989,11.7,15,7,3,11,1,5,19,26.3,14,12,0,12,5,20,12,0,Matches
307,Dalbert Henrique,br BRA,DF,Internacional,29,1993,5.5,18,12,10,5,3,13,15,86.7,2,5,0,5,6,24,8,0,Matches
308,Fernando Henrique,br BRA,MF,Cruzeiro,21,2001,1.5,4,2,0,4,0,1,1,100.0,0,3,1,2,1,5,1,0,Matches
309,Luis Henrique,br BRA,"FW,MF",Botafogo (RJ),21,2001,15.3,5,3,2,2,1,2,8,25.0,6,17,0,17,4,9,9,0,Matches
310,Mateus Henrique,br BRA,DF,América (MG),20,2002,6.0,12,8,9,3,0,6,15,40.0,9,14,5,9,5,17,22,0,Matches
311,Paulo Henrique,br BRA,DF,Vasco da Gama,26,1996,9.5,31,21,12,15,4,17,30,56.7,13,11,4,7,9,40,25,0,Matches
312,Pedro Henrique,br BRA,DF,Ath Paranaense,27,1995,9.5,8,5,6,2,0,1,6,16.7,5,21,14,7,12,20,30,0,Matches
313,Pedro Henrique,br BRA,"FW,MF",Internacional,32,1990,14.1,27,20,15,6,6,8,16,50.0,8,11,0,11,5,32,8,0,Matches
314,Breno Herculano,br BRA,"FW,MF",Goiás,23,1999,0.9,0,0,0,0,0,0,0,,0,1,0,1,0,0,1,0,Matches
315,Hércules,br BRA,MF,Fortaleza,22,2000,8.6,27,18,9,15,3,10,28,35.7,18,16,2,14,5,32,9,0,Matches
316,Diego Hernández,uy URU,FW,Botafogo (RJ),22,2000,0.5,2,1,0,1,1,1,6,16.7,5,0,0,0,0,2,0,0,Matches
317,Nicolás Hernández,co COL,DF,Internacional,25,1998,14.4,16,6,12,3,1,13,18,72.2,5,18,7,11,9,25,67,2,Matches
318,Lucca Holanda,br BRA,FW,Internacional,19,2003,6.1,11,5,1,6,4,5,17,29.4,12,5,2,3,4,15,2,0,Matches
319,Hugo,br BRA,DF,Goiás,25,1997,15.8,32,18,17,11,4,16,22,72.7,6,20,4,16,21,53,63,0,Matches
320,Hugo,br BRA,DF,Botafogo (RJ),21,2001,15.5,56,31,33,18,5,27,51,52.9,24,11,1,10,24,80,37,0,Matches
321,Victor Hugo,br BRA,"MF,FW",Flamengo,18,2004,14.2,31,19,5,22,4,16,36,44.4,20,11,1,10,13,44,9,0,Matches
322,Vitor Hugo,br BRA,DF,Bahia,31,1991,23.7,38,24,29,9,0,18,24,75.0,6,21,12,9,32,70,82,0,Matches
323,Hulk,br BRA,FW,Atlético Mineiro,36,1986,32.7,28,21,6,14,8,9,22,40.9,13,12,3,9,1,29,37,0,Matches
324,José Hurtado,ec ECU,DF,Bragantino,21,2001,18.0,36,26,16,17,3,25,47,53.2,22,19,6,13,21,57,34,0,Matches
325,Hyoran,br BRA,"MF,FW",Atlético Mineiro,29,1993,7.7,15,8,5,6,4,9,26,34.6,17,13,2,11,3,18,6,0,Matches
Rk,Player,Nation,Pos,Squad,Age,Born,90s,Tkl,TklW,Def 3rd,Mid 3rd,Att 3rd,Tkl,Att,Tkl%,Lost,Blocks,Sh,Pass,Int,Tkl+Int,Clr,Err,Matches
326,Igor,br BRA,MF,Flamengo,19,2003,0.9,2,1,0,2,0,1,4,25.0,3,0,0,0,3,5,0,0,Matches
327,André Inácio,br BRA,FW,Flamengo,20,2002,0.2,2,2,2,0,0,2,3,66.7,1,0,0,0,0,2,1,0,Matches
328,Gabriel Inocêncio,br BRA,DF,Santos,28,1994,14.2,52,31,30,13,9,28,48,58.3,20,26,8,18,15,67,40,1,Matches
329,Isaac,br BRA,FW,Atlético Mineiro,18,2004,0.2,1,1,0,0,1,1,1,100.0,0,0,0,0,0,1,0,0,Matches
330,Isaac,br BRA,"MF,DF",Fluminense,18,2004,1.5,8,4,4,0,4,3,5,60.0,2,2,0,2,3,11,2,0,Matches
331,Juan Iturbe,py PAR,"FW,MF",Grêmio,29,1993,0.8,5,5,4,1,0,2,5,40.0,3,1,0,1,2,7,3,0,Matches
332,Zé Ivaldo,br BRA,DF,Ath Paranaense,25,1997,11.3,17,13,13,4,0,10,14,71.4,4,7,5,2,16,33,45,0,Matches
333,Ivonei,br BRA,MF,Santos,20,2002,0.0,0,0,0,0,0,0,1,0.0,1,0,0,0,0,0,0,0,Matches
334,Vítor Jacaré,br BRA,"DF,MF",Bahia,23,1999,9.5,22,19,13,6,3,15,36,41.7,21,16,2,14,11,33,20,0,Matches
335,Jadsom,br BRA,MF,Bragantino,21,2001,21.1,41,21,11,24,6,19,43,44.2,24,37,7,30,27,68,25,0,Matches
336,Jair,br BRA,MF,Vasco da Gama,28,1994,17.7,40,24,18,18,4,24,57,42.1,33,29,3,26,15,55,15,0,Matches
337,Jamerson,br BRA,"DF,FW",Coritiba,24,1998,21.0,50,32,32,14,4,29,43,67.4,14,27,6,21,28,78,51,0,Matches
338,Janderson,br BRA,"FW,MF",Botafogo (RJ),23,1999,4.6,8,5,2,3,3,2,5,40.0,3,3,0,3,2,10,3,0,Matches
339,Jandrei,br BRA,GK,São Paulo,29,1993,5.0,0,0,0,0,0,0,0,,0,0,0,0,0,0,3,0,Matches
340,Léo Jardim,br BRA,GK,Vasco da Gama,27,1995,38.0,1,0,1,0,0,0,0,,0,0,0,0,0,1,11,0,Matches
341,Jemerson,br BRA,DF,Atlético Mineiro,30,1992,27.5,30,20,19,10,1,16,33,48.5,17,31,24,7,31,61,104,1,Matches
342,Jesé,es ESP,MF,Coritiba,29,1993,1.1,0,0,0,0,0,0,1,0.0,1,1,0,1,0,0,0,0,Matches
343,Alexandre Jesus,br BRA,DF,Fluminense,21,2001,0.1,0,0,0,0,0,0,1,0.0,1,0,0,0,1,1,1,0,Matches
344,Jhow,br BRA,DF,América (MG),19,2003,0.2,0,0,0,0,0,0,0,,0,0,0,0,0,0,1,0,Matches
345,Joaquim,br BRA,DF,Santos,24,1998,30.3,61,45,46,14,1,38,51,74.5,13,39,24,15,46,107,183,1,Matches
346,John,br BRA,GK,Internacional,26,1996,9.0,0,0,0,0,0,0,0,,0,0,0,0,1,1,7,0,Matches
347,Felipe Jonatan,br BRA,DF,Santos,24,1998,1.0,0,0,0,0,0,0,1,0.0,1,2,0,2,0,0,0,0,Matches
348,Jori,br BRA,GK,América (MG),26,1996,11.0,1,1,1,0,0,1,2,50.0,1,0,0,0,0,1,9,0,Matches
349,Josué,br BRA,MF,Grêmio,17,2005,1.3,2,0,1,1,0,0,1,0.0,1,3,1,2,6,8,5,0,Matches
350,Jhonatan Jowjow,br BRA,"MF,FW",Palmeiras,20,2002,9.9,19,15,8,6,5,5,17,29.4,12,19,3,16,9,28,11,0,Matches
Rk,Player,Nation,Pos,Squad,Age,Born,90s,Tkl,TklW,Def 3rd,Mid 3rd,Att 3rd,Tkl,Att,Tkl%,Lost,Blocks,Sh,Pass,Int,Tkl+Int,Clr,Err,Matches
351,Daniel Jr,br BRA,MF,Cruzeiro,20,2002,0.3,0,0,0,0,0,0,1,0.0,1,0,0,0,0,0,0,0,Matches
352,Luciano Juba,br BRA,"DF,MF",Bahia,23,1999,7.2,14,9,8,5,1,9,15,60.0,6,5,0,5,9,23,14,0,Matches
353,Juninho,br BRA,MF,América (MG),35,1987,32.5,44,26,14,23,7,15,51,29.4,36,32,7,25,31,75,43,0,Matches
354,Jussa,br BRA,MF,Cruzeiro,26,1996,19.6,34,23,9,23,2,18,28,64.3,10,15,4,11,15,49,33,0,Matches
355,Justen,br BRA,DF,Fluminense,19,2003,0.6,2,1,2,0,0,1,2,50.0,1,1,0,1,2,4,4,0,Matches
356,Kaiki,br BRA,"DF,FW",Cruzeiro,19,2003,2.5,7,6,3,3,1,2,3,66.7,1,2,1,1,5,12,6,0,Matches
357,Kaio,br BRA,"MF,FW",Coritiba,18,2004,9.8,22,16,12,4,6,9,28,32.1,19,9,3,6,7,29,5,0,Matches
358,Lucas Kal,br BRA,MF,América (MG),26,1996,13.7,17,7,13,3,1,10,31,32.3,21,13,5,8,15,32,24,0,Matches
359,Walter Kannemann,ar ARG,DF,Grêmio,31,1991,26.2,50,33,30,18,2,27,52,51.9,25,36,16,20,45,95,116,0,Matches
360,Kanu,br BRA,DF,Bahia,25,1997,32.3,34,25,26,5,3,21,39,53.8,18,38,18,20,47,81,103,1,Matches
361,Alan Kardec,br BRA,"FW,MF",Atlético Mineiro,34,1989,2.9,0,0,0,0,0,0,0,,0,1,0,1,1,1,1,0,Matches
362,Kauan,br BRA,FW,Fortaleza,17,2005,0.1,0,0,0,0,0,0,1,0.0,1,0,0,0,0,0,0,0,Matches
363,Vinicius Kaue,br BRA,"DF,MF",Ath Paranaense,19,2003,3.8,7,2,4,3,0,4,8,50.0,4,6,1,5,3,10,12,0,Matches
364,Kayque,br BRA,MF,Botafogo (RJ),22,2000,0.3,1,1,0,0,1,0,0,,0,0,0,0,1,2,0,0,Matches
365,Renato Kayser,br BRA,"FW,MF",América (MG),26,1996,0.4,0,0,0,0,0,0,0,,0,0,0,0,0,0,0,0,Matches
366,Keiller,br BRA,GK,Internacional,26,1996,10.0,0,0,0,0,0,0,1,0.0,1,0,0,0,0,0,2,1,Matches
367,John Kennedy,br BRA,"FW,MF",Fluminense,20,2002,15.2,15,9,5,7,3,9,19,47.4,10,12,1,11,3,18,10,0,Matches
368,Keno,br BRA,"FW,MF",Fluminense,33,1989,17.9,31,15,11,14,6,16,31,51.6,15,11,1,10,10,41,18,0,Matches
369,Kevin,br BRA,"FW,DF",Palmeiras,20,2003,2.6,6,4,4,1,1,4,5,80.0,1,2,0,2,3,9,2,0,Matches
370,Kevyson,br BRA,DF,Santos,18,2004,10.8,30,23,18,11,1,13,22,59.1,9,8,3,5,22,52,22,1,Matches
371,Khellven,br BRA,DF,Ath Paranaense,21,2001,11.1,14,11,6,8,0,11,21,52.4,10,9,5,4,16,30,29,0,Matches
372,Maurício Kozlinski,br BRA,GK,Fortaleza,31,1991,1.0,0,0,0,0,0,0,0,,0,0,0,0,0,0,1,0,Matches
373,Benjamín Kuscevic,cl CHI,DF,Coritiba,26,1996,22.5,41,26,27,12,2,27,47,57.4,20,44,28,16,38,79,111,0,Matches
374,Derik Lacerda,br BRA,"FW,MF",Cuiabá,23,1999,7.3,13,10,9,3,1,8,16,50.0,8,6,1,5,3,16,4,0,Matches
375,Ignacio Laquintana,uy URU,FW,Bragantino,23,1999,2.0,4,3,0,3,1,0,1,0.0,1,1,0,1,1,5,0,0,Matches
Rk,Player,Nation,Pos,Squad,Age,Born,90s,Tkl,TklW,Def 3rd,Mid 3rd,Att 3rd,Tkl,Att,Tkl%,Lost,Blocks,Sh,Pass,Int,Tkl+Int,Clr,Err,Matches
376,Thauan Lara,br BRA,"DF,MF",Internacional,19,2004,3.7,7,6,4,2,1,4,9,44.4,5,4,2,2,4,11,9,0,Matches
377,Lelê,br BRA,"FW,MF",Fluminense,25,1997,12.7,16,11,7,6,3,3,8,37.5,5,14,1,13,3,19,8,0,Matches
378,Mauricio Lemos,uy URU,DF,Atlético Mineiro,27,1995,24.6,41,29,30,9,2,27,35,77.1,8,31,25,6,41,82,120,0,Matches
379,Marcos Leonardo,br BRA,FW,Santos,19,2003,28.8,7,3,1,4,2,2,6,33.3,4,11,5,6,2,9,24,0,Matches
380,Lian,br BRA,MF,Grêmio,17,2005,0.1,0,0,0,0,0,0,0,,0,0,0,0,0,0,0,0,Matches
381,Lima,br BRA,"MF,FW",Fluminense,26,1996,28.1,38,20,9,24,5,16,50,32.0,34,31,9,22,21,59,22,0,Matches
382,Lucas Lima,br BRA,"MF,FW",Santos,32,1990,24.5,60,41,19,35,6,26,72,36.1,46,27,4,23,3,63,9,0,Matches
383,Leonardo Linck,br BRA,GK,Ath Paranaense,21,2001,5.0,0,0,0,0,0,0,0,,0,0,0,0,0,0,2,1,Matches
384,Liziero,br BRA,MF,Coritiba,24,1998,6.5,15,10,4,11,0,9,23,39.1,14,8,3,5,8,23,9,0,Matches
385,Marcelo Lomba,br BRA,GK,Palmeiras,36,1986,3.0,0,0,0,0,0,0,0,,0,0,0,0,0,0,0,1,Matches
386,José López,ar ARG,"FW,MF",Palmeiras,22,2000,6.6,9,4,1,4,4,1,10,10.0,9,5,1,4,4,13,13,0,Matches
387,Luan,br BRA,MF,São Paulo,23,1999,6.8,13,5,6,6,1,6,13,46.2,7,8,2,6,9,22,6,0,Matches
388,Lucão,br BRA,DF,Bragantino,24,1998,2.2,3,1,3,0,0,1,1,100.0,0,0,0,0,5,8,6,0,Matches
389,Lucão,br BRA,GK,Bragantino,21,2001,5.0,0,0,0,0,0,0,0,,0,0,0,0,0,0,5,0,Matches
390,Lucas,br BRA,DF,Santos,21,2001,6.8,14,8,10,4,0,7,20,35.0,13,11,3,8,6,20,20,0,Matches
391,Ayrton Lucas,br BRA,DF,Flamengo,25,1997,28.8,62,45,31,21,10,37,68,54.4,31,21,5,16,14,76,52,0,Matches
392,Jean Lucas,br BRA,MF,Santos,24,1998,20.1,32,22,15,12,5,16,41,39.0,25,16,2,14,14,46,16,1,Matches
393,Jhonny Lucas,br BRA,MF,Goiás,22,2000,0.2,0,0,0,0,0,0,0,,0,1,0,1,0,0,0,0,Matches
394,João Lucas,br BRA,DF,Santos,24,1998,9.0,21,15,9,10,2,11,19,57.9,8,16,3,13,15,36,22,0,Matches
395,Ruan Lucas,br BRA,"MF,FW",Coritiba,18,2004,0.3,0,0,0,0,0,0,2,0.0,2,2,0,2,0,0,0,0,Matches
396,Ian Luccas,br BRA,MF,Cruzeiro,19,2003,5.3,15,7,6,5,4,4,10,40.0,6,2,0,2,5,20,11,0,Matches
397,Pedro Luccas,br BRA,GK,Coritiba,19,2004,3.0,0,0,0,0,0,0,0,,0,0,0,0,0,0,1,0,Matches
398,Luciano,br BRA,"MF,FW",São Paulo,29,1993,23.5,27,19,10,15,2,12,23,52.2,11,15,0,15,4,31,10,0,Matches
399,Thomas Luciano,br BRA,DF,Grêmio,21,2002,3.5,9,7,7,2,0,8,15,53.3,7,5,3,2,7,16,13,0,Matches
400,Luis,br BRA,FW,Cruzeiro,17,2005,0.1,2,1,0,2,0,1,1,100.0,0,1,0,1,1,3,1,0,Matches
Rk,Player,Nation,Pos,Squad,Age,Born,90s,Tkl,TklW,Def 3rd,Mid 3rd,Att 3rd,Tkl,Att,Tkl%,Lost,Blocks,Sh,Pass,Int,Tkl+Int,Clr,Err,Matches
401,Filipe Luís,br BRA,DF,Flamengo,37,1985,5.9,18,9,11,6,1,8,9,88.9,1,5,3,2,11,29,13,0,Matches
402,Victor Luis,br BRA,DF,Coritiba,29,1993,17.4,27,21,16,9,2,15,31,48.4,16,25,11,14,27,54,41,0,Matches
403,David Luiz,br BRA,DF,Flamengo,35,1987,11.0,13,9,8,4,1,6,12,50.0,6,13,11,2,10,23,56,0,Matches
404,Wallisson Luiz,br BRA,MF,Cruzeiro,25,1997,4.4,15,11,5,8,2,4,12,33.3,8,3,0,3,7,22,3,0,Matches
405,Machado,br BRA,MF,Cruzeiro,27,1996,25.3,38,23,13,16,9,12,29,41.4,17,18,5,13,33,71,25,2,Matches
406,Imanol Machuca,ar ARG,FW,Fortaleza,23,2000,7.5,18,10,5,9,4,9,18,50.0,9,11,0,11,3,21,1,0,Matches
407,Mádson,br BRA,"DF,MF",Ath Paranaense,31,1992,14.8,12,4,5,7,0,5,9,55.6,4,12,5,7,11,23,41,0,Matches
408,João Magno,br BRA,FW,Goiás,25,1997,10.9,5,4,1,3,1,1,5,20.0,4,9,1,8,2,7,18,0,Matches
409,Maguinho,br BRA,DF,Goiás,30,1993,31.7,50,32,28,16,6,25,52,48.1,27,42,21,21,39,89,86,1,Matches
410,Pablo Maia,br BRA,MF,São Paulo,21,2002,28.7,62,36,19,38,5,33,76,43.4,43,36,13,23,18,80,31,1,Matches
411,Thiago Maia,br BRA,MF,Flamengo,25,1997,23.3,49,31,21,24,4,27,61,44.3,34,23,12,11,29,78,38,1,Matches
412,Maicon,br BRA,DF,Santos,34,1988,0.5,0,0,0,0,0,0,0,,0,0,0,0,1,1,6,0,Matches
413,Maicon,br BRA,DF,Vasco da Gama,34,1988,13.9,19,13,15,4,0,9,13,69.2,4,23,17,6,17,36,84,0,Matches
414,Iago Maidana,br BRA,DF,América (MG),26,1996,24.0,32,15,22,9,1,12,22,54.5,10,31,21,10,32,64,107,0,Matches
415,Hugo Mallo,es ESP,DF,Internacional,31,1991,3.6,7,3,7,0,0,4,8,50.0,4,8,3,5,6,13,10,0,Matches
416,Léo Mana,br BRA,DF,Corinthians,18,2004,1.5,2,2,1,0,1,1,2,50.0,1,4,1,3,2,4,2,0,Matches
417,Alef Manga,br BRA,"FW,MF",Coritiba,28,1994,8.9,10,7,4,3,3,5,8,62.5,3,4,0,4,3,13,5,0,Matches
418,Manoel,br BRA,DF,Fluminense,32,1990,3.2,4,3,2,2,0,4,5,80.0,1,5,4,1,2,6,14,0,Matches
419,Fernando Marçal,br BRA,DF,Botafogo (RJ),33,1989,18.1,37,16,17,16,4,16,34,47.1,18,17,3,14,38,75,48,0,Matches
420,Marcelo,br BRA,DF,Fluminense,34,1988,14.7,26,19,7,12,7,15,29,51.7,14,13,4,9,12,38,17,1,Matches
421,Marcelo,br BRA,DF,Fortaleza,27,1996,12.0,18,12,10,7,1,9,17,52.9,8,16,11,5,17,35,46,0,Matches
422,João Marcelo,br BRA,DF,Cruzeiro,22,2000,1.8,3,3,2,1,0,1,1,100.0,0,2,2,0,4,7,9,0,Matches
423,Marcinho,br BRA,DF,América (MG),26,1996,8.9,11,7,7,3,1,6,22,27.3,16,14,5,9,17,28,32,1,Matches
424,Erick Marcus,br BRA,"MF,FW",Vasco da Gama,18,2004,4.4,10,5,0,6,4,6,10,60.0,4,1,0,1,4,14,5,0,Matches
425,Mariano,br BRA,DF,Atlético Mineiro,36,1986,17.4,48,31,30,16,2,34,50,68.0,16,11,4,7,20,68,33,1,Matches
Rk,Player,Nation,Pos,Squad,Age,Born,90s,Tkl,TklW,Def 3rd,Mid 3rd,Att 3rd,Tkl,Att,Tkl%,Lost,Blocks,Sh,Pass,Int,Tkl+Int,Clr,Err,Matches
426,Marinho,br BRA,"FW,DF",Flamengo,32,1990,0.9,2,2,0,1,1,0,3,0.0,3,2,1,1,0,2,0,0,Matches
427,Marinho,br BRA,"FW,MF",Fortaleza,32,1990,12.7,15,8,7,5,3,6,24,25.0,18,17,0,17,3,18,5,0,Matches
428,Marlon,br BRA,DF,Cruzeiro,25,1997,35.5,114,72,70,35,9,74,123,60.2,49,47,4,43,49,163,92,1,Matches
429,Marlon,br BRA,DF,América (MG),28,1994,18.6,37,26,20,16,1,22,36,61.1,14,32,6,26,31,68,49,0,Matches
430,Marlon,br BRA,DF,Fluminense,27,1995,10.4,11,5,7,3,1,8,10,80.0,2,12,9,3,9,20,30,0,Matches
431,Igor Marques,br BRA,DF,Cruzeiro,24,1999,1.3,5,2,2,3,0,2,5,40.0,3,3,1,2,1,6,4,0,Matches
432,Renato Marques,br BRA,"FW,MF",América (MG),19,2003,5.7,4,2,3,1,0,2,5,40.0,3,1,0,1,2,6,5,0,Matches
433,Juan Martín Lucero,ar ARG,FW,Fortaleza,31,1991,23.0,13,7,3,4,6,5,17,29.4,12,11,3,8,4,17,12,1,Matches
434,Martinelli,br BRA,"MF,DF",Fluminense,21,2001,20.9,31,24,12,12,7,15,26,57.7,11,35,18,17,13,44,27,0,Matches
435,Andre Martins,br BRA,"FW,MF",Grêmio,21,2001,4.1,9,9,2,5,2,4,7,57.1,3,6,1,5,1,10,5,0,Matches
436,Gustavo Martins Santos,br BRA,"DF,MF",Grêmio,20,2002,7.7,21,13,15,5,1,7,11,63.6,4,14,8,6,5,26,37,0,Matches
437,Gonzalo Mastriani,uy URU,FW,América (MG),29,1993,19.9,11,7,0,6,5,6,20,30.0,14,11,3,8,1,12,11,0,Matches
438,Matheusinho,br BRA,"MF,FW",América (MG),24,1998,2.5,5,3,3,1,1,1,3,33.3,2,4,0,4,1,6,0,0,Matches
439,Matheusinho,br BRA,DF,Cuiabá,24,1998,4.8,11,8,9,2,0,8,16,50.0,8,3,1,2,5,16,14,0,Matches
440,Matheuzinho,br BRA,DF,Flamengo,22,2000,6.9,20,9,12,6,2,12,20,60.0,8,12,4,8,7,27,15,0,Matches
441,Mauricio,br BRA,"FW,MF",Internacional,21,2001,19.6,19,11,7,10,2,12,36,33.3,24,14,2,12,10,29,9,0,Matches
442,Maycon,br BRA,MF,Corinthians,25,1997,26.7,43,26,20,17,6,22,57,38.6,35,39,5,34,33,76,36,0,Matches
443,Mayke,br BRA,"DF,FW",Palmeiras,30,1992,27.8,53,31,24,23,6,29,42,69.0,13,28,8,20,43,96,37,0,Matches
444,Gary Medel,cl CHI,"DF,MF",Vasco da Gama,35,1987,19.2,22,5,13,8,1,10,29,34.5,19,26,20,6,20,42,77,1,Matches
445,Bruno Melo,br BRA,DF,Goiás,30,1992,32.1,21,13,15,5,1,8,18,44.4,10,24,15,9,17,38,132,2,Matches
446,Felipe Melo,br BRA,DF,Fluminense,39,1983,11.0,12,10,4,7,1,5,11,45.5,6,12,7,5,8,20,44,0,Matches
447,Darlan Mendes,br BRA,MF,Grêmio,24,1998,0.5,2,1,2,0,0,0,4,0.0,4,0,0,0,0,2,1,0,Matches
448,Matheus Mendes,br BRA,GK,Atlético Mineiro,23,1999,2.0,0,0,0,0,0,0,0,,0,0,0,0,0,0,2,0,Matches
449,Nathan Mendes,br BRA,DF,São Paulo,20,2002,13.1,21,14,11,7,3,10,16,62.5,6,15,3,12,18,39,22,0,Matches
450,Vitor Mendes,br BRA,DF,Fluminense,23,1999,1.2,0,0,0,0,0,0,1,0.0,1,1,1,0,1,1,13,0,Matches
Rk,Player,Nation,Pos,Squad,Age,Born,90s,Tkl,TklW,Def 3rd,Mid 3rd,Att 3rd,Tkl,Att,Tkl%,Lost,Blocks,Sh,Pass,Int,Tkl+Int,Clr,Err,Matches
451,Bruno Méndez,uy URU,DF,Corinthians,23,1999,18.3,39,22,22,15,2,23,40,57.5,17,23,11,12,22,61,72,0,Matches
452,Jhegson Méndez,ec ECU,MF,São Paulo,25,1997,4.1,6,4,2,4,0,1,5,20.0,4,4,0,4,6,12,2,0,Matches
453,Óscar Méndez,uy URU,MF,América (MG),28,1994,2.9,8,6,0,8,0,4,10,40.0,6,3,1,2,4,12,11,0,Matches
454,Stiven Mendoza,co COL,"FW,MF",Santos,30,1992,18.6,25,13,5,13,7,13,26,50.0,13,20,0,20,11,36,5,0,Matches
455,Gabriel Menino,br BRA,MF,Palmeiras,22,2000,17.7,37,24,18,15,4,18,43,41.9,25,28,4,24,15,52,14,0,Matches
456,Gabriel Mercado,ar ARG,DF,Internacional,35,1987,24.2,32,18,22,9,1,18,33,54.5,15,21,12,9,23,55,87,0,Matches
457,Higor Meritão,br BRA,MF,Goiás,28,1994,2.5,8,2,4,3,1,4,12,33.3,8,4,0,4,3,11,6,0,Matches
458,Messias,br BRA,DF,Santos,28,1994,26.6,22,15,16,6,0,16,21,76.2,5,32,23,9,36,58,164,1,Matches
459,Bruno Mezenga,br BRA,"FW,MF",Santos,34,1988,1.9,3,1,0,2,1,1,2,50.0,1,3,0,3,0,3,3,0,Matches
460,Carlos Miguel,br BRA,GK,Corinthians,24,1998,1.2,0,0,0,0,0,0,0,,0,0,0,0,0,0,0,0,Matches
461,Fernando Miguel,br BRA,GK,Fortaleza,37,1985,5.1,1,0,1,0,0,1,1,100.0,0,0,0,0,1,2,1,1,Matches
462,Mikael,br BRA,FW,América (MG),23,1999,1.7,2,1,0,2,0,1,5,20.0,4,0,0,0,0,2,0,0,Matches
463,Lucas Milla,br BRA,MF,Grêmio,20,2003,3.4,10,4,3,6,1,5,14,35.7,9,10,4,6,4,14,6,0,Matches
464,Mina,br BRA,DF,Goiás,19,2003,0.5,2,0,2,0,0,0,0,,0,0,0,0,0,2,0,0,Matches
465,Lucas Mineiro,br BRA,MF,Cuiabá,26,1996,6.8,10,3,1,4,5,3,10,30.0,7,9,5,4,4,14,6,0,Matches
466,Vinicius Mingotti,br BRA,FW,Bahia,23,2000,7.3,6,5,3,2,1,1,4,25.0,3,2,1,1,2,8,4,0,Matches
467,Miranda,br BRA,DF,Vasco da Gama,23,2000,4.3,4,3,2,2,0,3,5,60.0,2,2,1,1,4,8,19,0,Matches
468,Moises,br BRA,"MF,FW",Fortaleza,26,1996,4.1,3,3,1,1,1,1,9,11.1,8,1,0,1,3,6,1,0,Matches
469,Rodrigo Moledo,br BRA,DF,Internacional,35,1987,5.3,2,2,1,1,0,0,3,0.0,3,10,8,2,3,5,35,0,Matches
470,Rafael Monteiro,br BRA,MF,Fluminense,18,2004,0.0,0,0,0,0,0,0,0,,0,0,0,0,0,0,0,0,Matches
471,Júnior Moraes,ua UKR,DF,Corinthians,35,1987,0.0,1,1,0,0,1,0,0,,0,0,0,0,0,1,0,0,Matches
472,João Moreira,pt POR,DF,São Paulo,18,2004,0.8,1,1,1,0,0,1,1,100.0,0,0,0,0,1,2,0,0,Matches
473,Everton Morelli,br BRA,MF,Goiás,25,1997,28.7,69,48,37,27,5,32,58,55.2,26,28,6,22,28,97,43,1,Matches
474,Alfredo Morelos,co COL,"FW,MF",Santos,26,1996,0.9,1,1,1,0,0,0,0,,0,0,0,0,1,2,0,0,Matches
475,Marcelino Moreno,ar ARG,MF,Coritiba,28,1994,25.6,32,19,11,19,2,8,27,29.6,19,15,2,13,13,45,5,0,Matches
Rk,Player,Nation,Pos,Squad,Age,Born,90s,Tkl,TklW,Def 3rd,Mid 3rd,Att 3rd,Tkl,Att,Tkl%,Lost,Blocks,Sh,Pass,Int,Tkl+Int,Clr,Err,Matches
476,Gabriel Moscardo,br BRA,MF,Corinthians,17,2005,12.6,37,22,20,15,2,18,40,45.0,22,29,9,20,20,57,28,0,Matches
477,Henry Mosquera,co COL,"FW,MF",Bragantino,21,2001,11.8,16,11,6,7,3,9,15,60.0,6,13,4,9,1,17,3,0,Matches
478,Gustavo Mosquito,br BRA,"FW,MF",Corinthians,25,1997,3.4,7,5,2,3,2,3,7,42.9,4,2,1,1,1,8,10,0,Matches
479,Hugo Moura,br BRA,MF,Ath Paranaense,25,1998,14.7,41,19,21,19,1,14,45,31.1,31,31,4,27,19,60,27,0,Matches
480,Lucas Moura,br BRA,"FW,MF",São Paulo,30,1992,9.6,6,0,1,4,1,2,13,15.4,11,7,1,6,7,13,8,0,Matches
481,Neto Moura,br BRA,MF,Cruzeiro,26,1996,5.5,9,3,3,5,1,4,23,17.4,19,4,0,4,7,16,3,0,Matches
482,Lucas Mugni,ar ARG,"MF,FW",Bahia,31,1992,4.0,6,5,4,2,0,1,11,9.1,10,3,0,3,4,10,2,0,Matches
483,Murillo,br BRA,DF,Corinthians,20,2002,12.9,16,9,7,9,0,4,11,36.4,7,31,22,9,16,32,65,1,Matches
484,Andrey Ramos do Nascimento,br BRA,MF,Coritiba,24,1998,12.5,37,21,18,16,3,14,35,40.0,21,19,3,16,20,57,23,0,Matches
485,Bruno Nascimento,br BRA,"FW,MF",Cruzeiro,25,1997,31.3,36,23,12,14,10,11,28,39.3,17,29,0,29,8,44,22,0,Matches
486,Matheus Nascimento,br BRA,"FW,MF",Botafogo (RJ),18,2004,1.1,1,1,0,1,0,0,0,,0,2,0,2,0,1,0,0,Matches
487,Nata,br BRA,"FW,DF",Grêmio,21,2001,0.2,0,0,0,0,0,0,0,,0,0,0,0,0,0,1,0,Matches
488,Natan,br BRA,DF,Bragantino,21,2001,9.3,6,5,5,1,0,4,7,57.1,3,15,10,5,9,15,30,1,Matches
489,Natanael,br BRA,DF,Coritiba,21,2002,27.8,91,63,55,29,7,54,87,62.1,33,39,10,29,31,122,70,1,Matches
490,Nathan,br BRA,DF,Santos,21,2001,5.5,14,13,10,3,1,10,19,52.6,9,4,0,4,8,22,8,0,Matches
491,Nathan,br BRA,"MF,FW",Grêmio,26,1996,7.6,11,6,4,3,4,3,10,30.0,7,15,2,13,8,19,6,0,Matches
492,Rafael Navarro,br BRA,FW,Palmeiras,22,2000,1.4,0,0,0,0,0,0,0,,0,4,0,4,1,1,1,0,Matches
493,Kaiky Naves,br BRA,"DF,FW",Palmeiras,20,2002,5.8,14,9,6,8,0,11,16,68.8,5,10,6,4,4,18,17,0,Matches
494,Felipe Negrucci,br BRA,MF,São Paulo,18,2004,0.2,0,0,0,0,0,0,0,,0,0,0,0,0,0,1,0,Matches
495,Emerson Negueba,br BRA,FW,Cuiabá,22,2000,5.4,7,4,2,4,1,2,5,40.0,3,8,0,8,3,10,5,0,Matches
496,Neris,br BRA,DF,Cruzeiro,30,1992,23.5,31,18,19,10,2,21,30,70.0,9,17,9,8,35,66,98,1,Matches
497,Rodrigo Nestor,br BRA,"MF,FW",São Paulo,22,2000,16.1,23,15,6,16,1,11,35,31.4,24,11,0,11,11,34,5,0,Matches
498,João Neto,br BRA,"MF,DF",Fluminense,19,2003,0.6,1,1,0,0,1,1,1,100.0,0,0,0,0,0,1,1,0,Matches
499,Gabriel Neves,uy URU,MF,São Paulo,25,1997,10.7,24,14,6,12,6,10,39,25.6,29,19,2,17,3,27,15,0,Matches
500,Newton,br BRA,MF,Botafogo (RJ),22,2000,0.1,0,0,0,0,0,0,1,0.0,1,0,0,0,0,0,0,0,Matches
Rk,Player,Nation,Pos,Squad,Age,Born,90s,Tkl,TklW,Def 3rd,Mid 3rd,Att 3rd,Tkl,Att,Tkl%,Lost,Blocks,Sh,Pass,Int,Tkl+Int,Clr,Err,Matches
501,Nicolas,br BRA,DF,América (MG),25,1997,8.0,12,6,9,3,0,5,14,35.7,9,19,5,14,11,23,28,0,Matches
502,Nikão,br BRA,"FW,MF",Cruzeiro,30,1992,8.9,15,10,7,8,0,8,13,61.5,5,8,1,7,6,21,4,0,Matches
503,Nino,br BRA,DF,Fluminense,25,1997,23.9,11,6,10,1,0,5,8,62.5,3,18,14,4,22,33,96,2,Matches
504,Freddy Noguera,py PAR,FW,Grêmio,19,2004,0.3,0,0,0,0,0,0,0,,0,0,0,0,0,0,0,0,Matches
505,Nonato,br BRA,MF,Santos,24,1998,7.3,21,15,6,13,2,10,22,45.5,12,14,3,11,14,35,3,0,Matches
506,Gabriel Novaes,br BRA,FW,Goiás,23,1999,1.1,1,1,0,1,0,1,5,20.0,4,2,1,1,0,1,2,0,Matches
507,Ruan Oliveira Ferreira,br BRA,"MF,FW",Corinthians,22,2000,9.8,23,13,12,10,1,13,36,36.1,23,13,1,12,8,31,13,1,Matches
508,Lucas Oliveira,br BRA,DF,Cruzeiro,26,1996,14.6,16,10,12,4,0,7,17,41.2,10,30,19,11,21,37,66,0,Matches
509,Pedro Oliveira,br BRA,"FW,MF",Goiás,18,2004,2.2,5,5,0,4,1,1,3,33.3,2,2,1,1,0,5,1,0,Matches
510,Cauly Oliveira Souza,br BRA,"MF,FW",Bahia,27,1995,28.3,23,12,2,18,3,6,23,26.1,17,17,1,16,13,36,6,0,Matches
511,Luca Orellano,ar ARG,"FW,MF",Vasco da Gama,22,2000,6.9,14,7,7,5,2,8,18,44.4,10,10,1,9,3,17,3,0,Matches
512,Leo Ortiz,br BRA,DF,Bragantino,27,1996,17.8,18,11,13,5,0,9,15,60.0,6,21,18,3,30,48,75,1,Matches
513,Otávio,br BRA,MF,Atlético Mineiro,28,1994,25.6,75,40,33,35,7,34,84,40.5,50,41,16,25,27,102,34,0,Matches
514,João Othavio Basso,br BRA,DF,Santos,26,1997,12.8,20,10,14,4,2,11,23,47.8,12,9,6,3,23,43,57,0,Matches
515,Luis Oyama,br BRA,MF,Goiás,26,1997,6.2,7,5,1,6,0,1,10,10.0,9,8,2,6,8,15,4,0,Matches
516,Pablinho,br BRA,FW,Cuiabá,19,2003,0.4,3,2,0,3,0,1,3,33.3,2,1,0,1,0,3,0,0,Matches
517,Pablo,br BRA,FW,Ath Paranaense,30,1992,15.5,18,10,4,11,3,7,16,43.8,9,11,1,10,8,26,19,0,Matches
518,Pablo,br BRA,DF,Flamengo,31,1991,4.7,4,3,4,0,0,0,0,,0,3,1,2,7,11,35,1,Matches
519,Bruno Pacheco,br BRA,DF,Fortaleza,31,1991,29.7,69,45,38,25,6,39,66,59.1,27,26,3,23,39,108,57,0,Matches
520,Helibelton Palacios,co COL,DF,Cruzeiro,29,1993,7.0,14,12,5,8,1,7,15,46.7,8,11,0,11,5,19,20,0,Matches
521,Julián Palacios,ar ARG,"FW,MF",Goiás,23,1999,18.1,27,16,4,13,10,9,45,20.0,36,13,0,13,12,39,6,0,Matches
522,Nino Paraíba,br BRA,DF,América (MG),37,1986,2.2,2,2,0,2,0,0,2,0.0,2,2,0,2,4,6,2,0,Matches
523,Mateus Pasinato,br BRA,GK,América (MG),30,1992,10.0,0,0,0,0,0,0,1,0.0,1,0,0,0,0,0,6,2,Matches
524,Weslley Patati,br BRA,"FW,MF",Santos,19,2003,1.5,5,2,1,3,1,3,9,33.3,6,3,0,3,4,9,1,0,Matches
525,Alexandre Pato,br BRA,"FW,MF",São Paulo,33,1989,1.8,1,0,1,0,0,1,2,50.0,1,0,0,0,0,1,1,0,Matches
Rk,Player,Nation,Pos,Squad,Age,Born,90s,Tkl,TklW,Def 3rd,Mid 3rd,Att 3rd,Tkl,Att,Tkl%,Lost,Blocks,Sh,Pass,Int,Tkl+Int,Clr,Err,Matches
526,Patrick,br BRA,"MF,FW",Atlético Mineiro,30,1992,6.2,28,19,9,10,9,11,26,42.3,15,11,1,10,6,34,9,0,Matches
527,Alan Patrick,br BRA,"MF,FW",Internacional,31,1991,27.2,23,8,8,11,4,14,44,31.8,30,20,2,18,9,32,7,0,Matches
528,Luan Patrick,br BRA,DF,Bragantino,21,2002,12.4,9,6,5,4,0,5,12,41.7,7,12,10,2,17,26,33,1,Matches
529,Patryck,br BRA,DF,São Paulo,20,2003,4.2,6,4,4,1,1,3,6,50.0,3,5,1,4,7,13,13,0,Matches
530,Giuliano de Paula,br BRA,"MF,FW",Corinthians,32,1990,18.1,34,16,9,20,5,14,44,31.8,30,15,3,12,13,47,20,0,Matches
531,Jair Paula,br BRA,DF,Santos,17,2005,0.4,0,0,0,0,0,0,0,,0,0,0,0,0,0,2,0,Matches
532,Paulinho,br BRA,DF,América (MG),18,2004,0.3,1,0,1,0,0,1,1,100.0,0,0,0,0,0,1,1,0,Matches
533,Paulinho,br BRA,"FW,MF",Atlético Mineiro,22,2000,33.2,43,31,14,24,5,18,37,48.6,19,25,1,24,16,59,17,0,Matches
534,Paulinho,br BRA,MF,Vasco da Gama,26,1997,18.2,42,23,18,19,5,15,37,40.5,22,26,3,23,16,58,16,0,Matches
535,Paulinho,br BRA,DF,Vasco da Gama,17,2005,0.5,,0,,,,,,,,,,,0,,,,Matches
536,Paulinho,br BRA,"MF,FW",Corinthians,34,1988,1.6,4,3,2,2,0,3,5,60.0,2,4,1,3,1,5,4,0,Matches
537,Caio Paulista,br BRA,DF,São Paulo,24,1998,23.1,28,19,13,12,3,15,35,42.9,20,19,3,16,20,48,22,0,Matches
538,Wellington Paulista,br BRA,FW,América (MG),38,1984,2.5,0,0,0,0,0,0,1,0.0,1,1,0,1,0,0,1,0,Matches
539,João Paulo,br BRA,GK,Santos,27,1995,35.7,1,1,1,0,0,1,1,100.0,0,0,0,0,0,1,15,1,Matches
540,Marcos Paulo,br BRA,"FW,MF",São Paulo,21,2001,5.9,7,7,1,3,3,3,14,21.4,11,11,2,9,6,13,2,0,Matches
541,Cristian Pavón,ar ARG,"FW,MF",Atlético Mineiro,27,1996,21.5,33,28,13,11,9,17,58,29.3,41,23,0,23,19,52,9,0,Matches
542,Dimitri Payet,fr FRA,"MF,FW",Vasco da Gama,35,1987,8.9,7,5,4,3,0,6,14,42.9,8,4,0,4,2,9,0,0,Matches
543,Pedrinho,br BRA,"FW,MF",América (MG),23,1999,4.6,5,1,2,3,0,2,9,22.2,7,1,0,1,6,11,2,0,Matches
544,Pedrinho,br BRA,"DF,MF",Ath Paranaense,20,2002,4.0,6,4,1,5,0,3,8,37.5,5,10,0,10,9,15,10,0,Matches
545,Pedrinho,br BRA,"MF,FW",Atlético Mineiro,24,1998,7.0,13,5,4,7,2,4,5,80.0,1,6,0,6,1,14,2,0,Matches
546,Pedrinho,br BRA,FW,Flamengo,19,2003,0.2,0,0,0,0,0,0,0,,0,0,0,0,1,1,1,0,Matches
547,Pedro,br BRA,FW,Flamengo,25,1997,23.9,18,13,2,10,6,4,14,28.6,10,17,0,17,8,26,15,0,Matches
548,João Pedro,br BRA,FW,Cruzeiro,19,2003,0.1,0,0,0,0,0,0,0,,0,0,0,0,0,0,0,0,Matches
549,João Pedro,it ITA,FW,Grêmio,30,1992,6.8,5,4,1,3,1,1,5,20.0,4,7,2,5,4,9,7,0,Matches
550,João Pedro,br BRA,DF,Grêmio,26,1996,23.1,34,17,15,15,4,14,32,43.8,18,24,8,16,13,47,45,1,Matches
Rk,Player,Nation,Pos,Squad,Age,Born,90s,Tkl,TklW,Def 3rd,Mid 3rd,Att 3rd,Tkl,Att,Tkl%,Lost,Blocks,Sh,Pass,Int,Tkl+Int,Clr,Err,Matches
551,João Pedro Pepê,br BRA,MF,Grêmio,25,1998,15.5,41,31,24,15,2,16,34,47.1,18,15,6,9,16,57,26,0,Matches
552,Jean Pedroso,br BRA,DF,Coritiba,19,2004,6.5,10,9,8,2,0,5,15,33.3,10,8,3,5,8,18,13,1,Matches
553,Matheus Peixoto,br BRA,FW,Goiás,27,1995,9.8,9,5,3,3,3,4,6,66.7,2,7,2,5,4,13,13,0,Matches
554,Léo Pelé,br BRA,DF,Vasco da Gama,26,1996,30.2,26,17,14,11,1,12,19,63.2,7,26,14,12,14,40,125,1,Matches
555,Carlos de Pena,uy URU,"MF,FW",Internacional,30,1992,15.8,26,13,5,17,4,12,36,33.3,24,13,2,11,21,47,20,0,Matches
556,Léo Pereira,br BRA,DF,Flamengo,27,1996,29.4,46,29,21,24,1,30,52,57.7,22,45,30,15,29,75,85,1,Matches
557,Matheus Pereira,pt POR,"FW,MF",Cruzeiro,26,1996,11.4,6,4,0,4,2,4,17,23.5,13,7,0,7,6,12,3,0,Matches
558,Bruno Peres,br BRA,"DF,MF",Ath Paranaense,32,1990,1.7,3,1,2,1,0,2,3,66.7,1,1,1,0,0,3,4,0,Matches
559,Lucas Perri,br BRA,GK,Botafogo (RJ),25,1997,37.5,0,0,0,0,0,0,1,0.0,1,0,0,0,0,0,19,3,Matches
560,Lucas Piazon,br BRA,FW,Botafogo (RJ),29,1994,0.2,0,0,0,0,0,0,0,,0,0,0,0,0,0,0,0,Matches
561,Yago Pikachu,br BRA,"FW,MF",Fortaleza,30,1992,19.5,20,14,9,9,2,8,28,28.6,20,22,3,19,13,33,13,0,Matches
562,Rodrigo Pinho,br BRA,FW,Coritiba,31,1991,4.3,5,1,1,4,0,0,8,0.0,8,6,2,4,1,6,4,0,Matches
563,Joaquín Piquerez,uy URU,DF,Palmeiras,24,1998,28.1,45,33,21,18,6,27,63,42.9,36,35,6,29,29,74,47,0,Matches
564,Gabriel Pirani,br BRA,"MF,FW",Fluminense,20,2002,4.4,8,5,4,1,3,2,6,33.3,4,6,2,4,2,10,5,0,Matches
565,Rafael Pires,br BRA,GK,São Paulo,33,1989,33.0,2,2,2,0,0,2,3,66.7,1,1,0,1,1,3,11,0,Matches
566,Lucas Piton,br BRA,DF,Vasco da Gama,22,2000,36.5,45,25,24,18,3,20,48,41.7,28,27,7,20,40,85,89,0,Matches
567,Isidro Pitta,py PAR,FW,Cuiabá,23,1999,9.1,2,1,0,1,1,0,3,0.0,3,2,1,1,2,4,5,0,Matches
568,Tomas Pochettino,ar ARG,"MF,FW",Fortaleza,26,1996,22.1,44,22,11,28,5,24,62,38.7,38,29,6,23,17,61,22,0,Matches
569,Luan Polli,br BRA,GK,Coritiba,29,1993,4.3,0,0,0,0,0,0,0,,0,0,0,0,0,0,3,3,Matches
570,Wesley Pombo,br BRA,MF,Coritiba,20,2002,0.6,2,0,0,1,1,2,3,66.7,1,0,0,0,0,2,0,0,Matches
571,Mateo Ponte,uy URU,DF,Botafogo (RJ),19,2003,0.2,1,0,0,1,0,1,1,100.0,0,1,0,1,1,2,0,0,Matches
572,William Pottker,br BRA,"FW,MF",Coritiba,29,1993,1.3,2,2,1,1,0,0,1,0.0,1,1,1,0,1,3,1,0,Matches
573,Bruno Praxedes,br BRA,MF,Vasco da Gama,20,2002,14.9,34,26,18,11,5,16,35,45.7,19,19,4,15,12,46,13,0,Matches
574,Bruno Praxedes,br BRA,MF,Bragantino,20,2002,0.1,0,0,0,0,0,0,0,,0,0,0,0,0,0,0,0,Matches
575,Erick Pulgar,cl CHI,MF,Flamengo,29,1994,22.2,42,26,14,25,3,23,66,34.8,43,29,10,19,25,67,30,1,Matches
Rk,Player,Nation,Pos,Squad,Age,Born,90s,Tkl,TklW,Def 3rd,Mid 3rd,Att 3rd,Tkl,Att,Tkl%,Lost,Blocks,Sh,Pass,Int,Tkl+Int,Clr,Err,Matches
576,Nicolás Quagliata,uy URU,"FW,MF",Cuiabá,23,1999,2.6,3,2,3,0,0,2,12,16.7,10,7,0,7,0,3,1,0,Matches
577,Du Queiroz,br BRA,"MF,DF",Corinthians,23,2000,2.0,2,1,1,1,0,1,5,20.0,4,0,0,0,3,5,4,0,Matches
578,Yani Quintero,co COL,MF,Bragantino,20,2002,1.1,5,4,2,3,0,1,2,50.0,1,3,0,3,1,6,0,0,Matches
579,Igor Rabello,br BRA,DF,Atlético Mineiro,27,1995,7.7,17,12,13,4,0,11,23,47.8,12,12,8,4,9,26,40,0,Matches
580,Rafael,br BRA,DF,Botafogo (RJ),32,1990,5.4,25,12,11,12,2,15,28,53.6,13,9,2,7,4,29,18,0,Matches
581,Zé Rafael,br BRA,MF,Palmeiras,29,1993,28.5,81,51,35,41,5,42,112,37.5,70,31,5,26,23,104,23,0,Matches
582,Rafinha,br BRA,DF,São Paulo,37,1985,22.5,41,26,26,12,3,27,46,58.7,19,17,9,8,16,57,34,1,Matches
583,Rai,br BRA,MF,Botafogo (RJ),20,2002,0.0,0,0,0,0,0,0,0,,0,0,0,0,0,0,0,0,Matches
584,Eric Ramires,br BRA,MF,Bragantino,22,2000,15.3,18,10,3,12,3,9,35,25.7,26,27,1,26,12,30,7,0,Matches
585,Lucas Ramos,br BRA,FW,Internacional,22,2001,0.0,0,0,0,0,0,0,0,,0,0,0,0,0,0,0,0,Matches
586,Raí Ramos,br BRA,DF,São Paulo,28,1994,3.1,5,4,4,1,0,5,7,71.4,2,2,1,1,1,6,7,0,Matches
587,Marcelo Rangel,br BRA,GK,Goiás,34,1988,3.0,0,0,0,0,0,0,0,,0,0,0,0,0,0,0,0,Matches
588,Pedro Rangel,br BRA,GK,Fluminense,22,2000,2.0,0,0,0,0,0,0,0,,0,0,0,0,0,0,1,0,Matches
589,Raniele,br BRA,"MF,DF",Cuiabá,26,1996,32.1,74,41,30,39,5,30,76,39.5,46,52,28,24,37,111,99,0,Matches
590,Rafael Ratão,br BRA,"FW,MF",Bahia,27,1995,8.7,25,17,11,11,3,13,29,44.8,16,7,0,7,2,27,3,0,Matches
591,Wellington Rato,br BRA,"FW,MF",São Paulo,30,1992,19.6,23,13,14,8,1,14,30,46.7,16,17,3,14,6,29,26,0,Matches
592,Raul,br BRA,"MF,DF",Bragantino,26,1996,1.2,3,0,2,0,1,2,3,66.7,1,2,1,1,1,4,2,0,Matches
593,Pedro Raul,br BRA,FW,Vasco da Gama,26,1996,9.3,3,2,0,1,2,1,6,16.7,5,7,3,4,5,8,11,0,Matches
594,Leonardo Realpe,ec ECU,DF,Bragantino,21,2001,18.7,24,10,16,7,1,13,25,52.0,12,10,7,3,25,49,69,0,Matches
595,Reinaldo,br BRA,FW,Ath Paranaense,21,2001,0.2,1,1,0,1,0,0,0,,0,0,0,0,0,1,0,0,Matches
596,Reinaldo,br BRA,DF,Grêmio,33,1989,29.8,41,21,18,17,6,26,42,61.9,16,20,5,15,16,57,74,0,Matches
597,Renê,br BRA,DF,Internacional,30,1992,25.4,53,33,28,24,1,33,58,56.9,25,30,5,25,36,89,90,1,Matches
598,Réver,br BRA,"DF,FW",Atlético Mineiro,38,1985,1.3,0,0,0,0,0,0,0,,0,2,2,0,1,1,11,0,Matches
599,Rezende,br BRA,"MF,DF",Bahia,28,1995,30.1,96,60,54,40,2,29,70,41.4,41,68,10,58,62,158,69,1,Matches
600,Everton Ribeiro,br BRA,"FW,MF",Flamengo,33,1989,16.4,21,12,8,10,3,10,39,25.6,29,9,3,6,11,32,5,0,Matches
Rk,Player,Nation,Pos,Squad,Age,Born,90s,Tkl,TklW,Def 3rd,Mid 3rd,Att 3rd,Tkl,Att,Tkl%,Lost,Blocks,Sh,Pass,Int,Tkl+Int,Clr,Err,Matches
601,Wesley Ribeiro,br BRA,"FW,MF",Corinthians,17,2005,9.6,15,11,8,5,2,9,22,40.9,13,8,0,8,6,21,4,0,Matches
602,João Ricardo Riedi,br BRA,GK,Fortaleza,34,1988,31.9,0,0,0,0,0,0,0,,0,0,0,0,1,1,5,3,Matches
603,Zé Ricardo,br BRA,MF,Goiás,23,1999,11.9,25,14,12,10,3,9,28,32.1,19,20,9,11,15,40,13,1,Matches
604,Richard,br BRA,MF,Cruzeiro,28,1994,3.8,9,6,4,5,0,3,4,75.0,1,6,0,6,7,16,5,0,Matches
605,Rikelme,br BRA,DF,Cuiabá,19,2003,26.0,61,46,39,15,7,39,78,50.0,39,33,7,26,40,101,87,0,Matches
606,Tomás Rincón,ve VEN,MF,Santos,35,1988,13.2,31,16,8,19,4,14,34,41.2,20,16,1,15,25,56,26,0,Matches
607,Richard Ríos,co COL,MF,Palmeiras,22,2000,20.6,45,33,19,21,5,19,59,32.2,40,39,3,36,19,64,23,1,Matches
608,Robert,br BRA,"MF,FW",Cruzeiro,17,2005,2.1,5,2,4,1,0,3,8,37.5,5,4,0,4,1,6,2,0,Matches
609,Zé Roberto,br BRA,"FW,MF",Coritiba,29,1993,5.8,5,4,1,3,1,0,5,0.0,5,4,1,3,1,6,6,0,Matches
610,Robson,br BRA,"MF,FW",Coritiba,31,1991,26.1,52,29,23,23,6,20,56,35.7,36,28,5,23,20,72,28,1,Matches
611,Kaique Rocha,br BRA,DF,Ath Paranaense,21,2001,7.2,6,3,3,2,1,3,4,75.0,1,8,3,5,13,19,46,0,Matches
612,Marcos Rocha,br BRA,DF,Palmeiras,34,1988,14.0,38,24,19,14,5,15,31,48.4,16,14,3,11,8,46,23,0,Matches
613,Pedro Rocha Neves,br BRA,FW,Fortaleza,28,1994,0.4,1,0,0,1,0,0,1,0.0,1,0,0,0,0,1,0,0,Matches
614,Sergio Rochet,uy URU,GK,Internacional,29,1993,19.0,0,0,0,0,0,0,1,0.0,1,0,0,0,0,0,3,5,Matches
615,Rodrigo,br BRA,"MF,FW",São Paulo,18,2004,2.6,3,3,1,2,0,2,9,22.2,7,2,0,2,3,6,4,0,Matches
616,James Rodríguez,co COL,"MF,FW",São Paulo,31,1991,7.1,8,5,0,4,4,5,11,45.5,6,3,0,3,0,8,1,0,Matches
617,Rodriguinho,br BRA,"DF,MF",América (MG),19,2003,13.9,24,16,17,7,0,13,38,34.2,25,18,2,16,9,33,21,0,Matches
618,Matías Rojas,py PAR,"MF,FW",Corinthians,27,1995,7.0,7,4,1,5,1,3,10,30.0,7,7,1,6,1,8,4,0,Matches
619,Romarinho,br BRA,"FW,MF",Fortaleza,28,1994,3.2,1,1,0,1,0,0,6,0.0,6,1,0,1,1,2,0,0,Matches
620,Ángel Romero,py PAR,FW,Corinthians,30,1992,13.3,26,14,13,11,2,16,40,40.0,24,14,0,14,5,31,17,0,Matches
621,Silvio Romero,ar ARG,FW,Fortaleza,34,1988,4.4,2,2,0,1,1,1,3,33.3,2,3,0,3,0,2,4,0,Matches
622,Rômulo,br BRA,"FW,MF",Ath Paranaense,20,2002,5.7,15,8,5,8,2,5,16,31.3,11,5,0,5,5,20,8,0,Matches
623,Romulo,br BRA,"MF,DF",Internacional,22,2000,13.5,26,17,8,13,5,15,24,62.5,9,18,4,14,17,43,31,0,Matches
624,Ronald,br BRA,MF,Grêmio,19,2003,4.6,11,4,3,6,2,8,13,61.5,5,4,3,1,3,14,10,0,Matches
625,Ronald,br BRA,MF,Cuiabá,25,1997,6.5,21,9,9,10,2,8,26,30.8,18,4,0,4,9,30,7,0,Matches
Rk,Player,Nation,Pos,Squad,Age,Born,90s,Tkl,TklW,Def 3rd,Mid 3rd,Att 3rd,Tkl,Att,Tkl%,Lost,Blocks,Sh,Pass,Int,Tkl+Int,Clr,Err,Matches
626,Budiga Roni,br BRA,MF,Corinthians,23,1999,7.5,23,13,12,11,0,10,26,38.5,16,15,6,9,6,29,12,0,Matches
627,Lucas Ronier,br BRA,"FW,MF",Coritiba,18,2004,0.6,1,1,1,0,0,1,2,50.0,1,1,0,1,0,1,0,0,Matches
628,Rony,br BRA,FW,Palmeiras,27,1995,18.2,9,8,3,5,1,2,10,20.0,8,8,1,7,2,11,12,0,Matches
629,Vitor Roque,br BRA,FW,Ath Paranaense,17,2005,19.0,19,10,8,8,3,7,18,38.9,11,12,2,10,2,21,2,0,Matches
630,Diego Rosa,br BRA,"MF,DF",Bahia,20,2002,2.7,16,10,6,9,1,9,14,64.3,5,2,0,2,5,21,5,0,Matches
631,Rossi,br BRA,"MF,FW",Vasco da Gama,29,1993,4.4,4,2,2,2,0,3,5,60.0,2,3,0,3,4,8,3,0,Matches
632,Agustín Rossi,ar ARG,GK,Flamengo,27,1995,15.0,0,0,0,0,0,0,0,,0,0,0,0,0,0,3,0,Matches
633,Rubens,br BRA,"DF,MF",Atlético Mineiro,21,2001,15.0,81,49,47,22,12,30,55,54.5,25,16,3,13,19,100,58,0,Matches
634,Daniel Ruiz Rivera,co COL,"FW,MF",Santos,21,2001,2.7,7,3,3,2,2,4,8,50.0,4,4,0,4,1,8,1,0,Matches
635,Rwan,br BRA,"MF,FW",Vasco da Gama,21,2001,0.4,1,1,0,1,0,0,0,,0,0,0,0,0,1,0,0,Matches
636,João Victor Santos Sá,br BRA,FW,Botafogo (RJ),28,1994,23.6,62,37,19,33,10,30,66,45.5,36,28,6,22,30,92,17,0,Matches
637,Arthur Sales,br BRA,"FW,MF",Bahia,20,2002,3.2,3,3,0,0,3,0,1,0.0,1,3,0,3,0,3,1,0,Matches
638,Andreas Samaris,gr GRE,MF,Coritiba,33,1989,2.0,4,2,1,2,1,3,7,42.9,4,3,0,3,4,8,3,0,Matches
639,Philipe Sampaio,br BRA,DF,Botafogo (RJ),28,1994,5.5,10,7,7,3,0,5,7,71.4,2,3,2,1,6,16,33,0,Matches
640,Sander,br BRA,DF,Goiás,32,1990,17.1,38,24,19,18,1,25,42,59.5,17,19,5,14,23,61,47,0,Matches
641,Sandry,br BRA,MF,Santos,20,2002,2.1,6,3,4,1,1,2,6,33.3,4,4,3,1,2,8,0,0,Matches
642,Alex Santana,br BRA,MF,Ath Paranaense,27,1995,11.1,15,11,5,7,3,9,19,47.4,10,10,7,3,11,26,8,0,Matches
643,Santos,br BRA,GK,Flamengo,32,1990,5.4,0,0,0,0,0,0,0,,0,0,0,0,0,0,3,2,Matches
644,Ademir Santos,br BRA,"FW,MF",Bahia,27,1995,19.3,32,20,6,16,10,13,37,35.1,24,17,1,16,8,40,3,0,Matches
645,Allyson Aires dos Santos,br BRA,DF,Cuiabá,32,1990,12.6,18,14,13,5,0,9,13,69.2,4,16,11,5,8,26,64,1,Matches
646,Andrey Santos,br BRA,MF,Vasco da Gama,18,2004,4.7,15,7,9,4,2,5,22,22.7,17,5,1,4,11,26,7,1,Matches
647,Bruno Araújo dos Santos,br BRA,DF,Goiás,29,1993,5.0,10,6,7,2,1,6,11,54.5,5,7,2,5,7,17,19,0,Matches
648,Eduardo Santos,br BRA,DF,Bragantino,25,1997,11.3,15,9,10,4,1,10,13,76.9,3,19,15,4,14,29,51,1,Matches
649,Fábio Santos,br BRA,DF,Corinthians,37,1985,18.6,24,15,13,9,2,17,31,54.8,14,24,12,12,19,43,57,0,Matches
650,Juan Santos,br BRA,FW,São Paulo,20,2002,14.2,19,14,9,9,1,6,13,46.2,7,12,2,10,6,25,13,0,Matches
Rk,Player,Nation,Pos,Squad,Age,Born,90s,Tkl,TklW,Def 3rd,Mid 3rd,Att 3rd,Tkl,Att,Tkl%,Lost,Blocks,Sh,Pass,Int,Tkl+Int,Clr,Err,Matches
651,Júnior Santos,br BRA,FW,Botafogo (RJ),28,1994,24.0,37,24,16,13,8,18,33,54.5,15,33,5,28,12,49,21,1,Matches
652,Kauan Santos,br BRA,FW,Palmeiras,18,2004,0.0,0,0,0,0,0,0,0,,0,0,0,0,0,0,0,0,Matches
653,Luis Eduardo Marques dos Santos,br BRA,DF,Fortaleza,25,1997,4.3,12,7,7,2,3,5,8,62.5,3,14,3,11,6,18,10,0,Matches
654,Matheus Santos,br BRA,"FW,MF",Goiás,24,1998,2.2,2,1,1,1,0,1,9,11.1,8,1,1,0,1,3,1,0,Matches
655,Pedrinho Santos,br BRA,"FW,MF",Corinthians,16,2006,6.9,9,4,7,2,0,6,14,42.9,8,6,2,4,5,14,3,0,Matches
656,Renzo Saravia,ar ARG,DF,Atlético Mineiro,29,1993,19.0,61,39,29,25,7,38,74,51.4,36,35,7,28,17,78,48,0,Matches
657,Eduardo Sasha,br BRA,"FW,MF",Bragantino,30,1992,24.8,15,5,1,11,3,4,12,33.3,8,8,2,6,10,25,15,0,Matches
658,Lucas Sasha,br BRA,MF,Fortaleza,32,1990,11.3,58,40,30,27,1,29,66,43.9,37,21,2,19,27,85,22,0,Matches
659,Gustavo Sauer,br BRA,"FW,MF",Botafogo (RJ),29,1993,2.9,6,4,2,1,3,4,11,36.4,7,2,1,1,3,9,1,0,Matches
660,Cleiton Schwengber,br BRA,GK,Bragantino,25,1997,33.0,0,0,0,0,0,0,1,0.0,1,0,0,0,2,2,19,2,Matches
661,Luis Segovia,ec ECU,DF,Botafogo (RJ),25,1997,1.1,0,0,0,0,0,0,0,,0,0,0,0,0,0,6,0,Matches
662,Matias Segovia,py PAR,FW,Botafogo (RJ),20,2003,7.2,22,18,11,11,0,16,33,48.5,17,4,1,3,8,30,7,0,Matches
663,Sidimar,br BRA,DF,Goiás,30,1992,11.2,14,6,10,3,1,3,7,42.9,4,13,11,2,11,25,80,0,Matches
664,Aderlan Silva,br BRA,DF,Bragantino,32,1990,15.8,54,31,30,21,3,31,70,44.3,39,21,2,19,26,80,26,0,Matches
665,Gabriel Silva,br BRA,"FW,MF",Coritiba,20,2002,1.0,3,2,0,3,0,1,1,100.0,0,0,0,0,1,4,0,0,Matches
666,Lucas Silva,br BRA,MF,Cruzeiro,29,1993,16.4,28,18,8,14,6,15,22,68.2,7,12,1,11,9,37,5,1,Matches
667,Lucas Silva,br BRA,MF,Grêmio,29,1993,2.5,10,6,5,5,0,4,7,57.1,3,1,0,1,1,11,3,0,Matches
668,Nathan Silva,br BRA,DF,Atlético Mineiro,25,1997,4.0,3,2,3,0,0,2,2,100.0,0,3,2,1,0,3,14,0,Matches
669,Ricardo Silva,br BRA,DF,América (MG),30,1992,17.9,25,17,19,6,0,18,28,64.3,10,28,17,11,28,53,91,1,Matches
670,Wellington Silva,br BRA,FW,Cuiabá,30,1993,14.8,23,15,10,8,5,12,30,40.0,18,19,0,19,6,29,8,0,Matches
671,Maximiliano Silvera,uy URU,"MF,FW",Santos,25,1997,5.0,10,8,2,8,0,3,8,37.5,5,8,0,8,1,11,2,0,Matches
672,Simioni,br BRA,MF,Goiás,19,2003,0.5,2,1,0,2,0,1,1,100.0,0,0,0,0,2,4,2,0,Matches
673,Jailson Siqueira,br BRA,"MF,DF",Palmeiras,27,1995,1.8,4,3,1,2,1,2,5,40.0,3,1,0,1,2,6,3,0,Matches
674,Islam Slimani,dz ALG,FW,Coritiba,34,1988,9.1,2,0,0,1,1,0,6,0.0,6,6,1,5,0,2,14,0,Matches
675,Everton Soares,br BRA,"FW,MF",Flamengo,26,1996,19.3,32,22,8,10,14,12,33,36.4,21,26,6,20,11,43,11,0,Matches
Rk,Player,Nation,Pos,Squad,Age,Born,90s,Tkl,TklW,Def 3rd,Mid 3rd,Att 3rd,Tkl,Att,Tkl%,Lost,Blocks,Sh,Pass,Int,Tkl+Int,Clr,Err,Matches
676,Tiquinho Soares,br BRA,FW,Botafogo (RJ),32,1991,27.1,18,10,3,8,7,9,19,47.4,10,15,3,12,3,21,29,0,Matches
677,Fernando Sobral,br BRA,MF,Cuiabá,28,1994,21.1,70,45,39,22,9,32,70,45.7,38,45,5,40,15,85,15,0,Matches
678,Yeferson Soteldo,ve VEN,"FW,MF",Santos,25,1997,17.3,16,9,5,9,2,5,16,31.3,11,10,0,10,6,22,7,0,Matches
679,Yago Souza,br BRA,MF,América (MG),16,2006,0.2,0,0,0,0,0,0,0,,0,0,0,0,0,0,0,0,Matches
680,Everaldo Stum,br BRA,FW,Bahia,31,1991,24.2,11,8,2,5,4,5,11,45.5,6,10,2,8,2,13,16,0,Matches
681,Luis Suárez,uy URU,FW,Grêmio,36,1987,32.0,10,5,2,2,6,4,20,20.0,16,9,2,7,4,14,5,0,Matches
682,Bruno Tabata,br BRA,"MF,FW",Palmeiras,25,1997,1.4,1,1,0,1,0,0,3,0.0,3,0,0,0,0,1,2,0,Matches
683,Tadeu,br BRA,GK,Goiás,30,1992,35.0,1,0,1,0,0,1,3,33.3,2,0,0,0,0,1,17,2,Matches
684,Talisson,br BRA,FW,Bragantino,20,2002,1.7,4,1,2,1,1,2,2,100.0,0,2,1,1,2,6,2,0,Matches
685,Tchê Tchê,br BRA,"MF,DF",Botafogo (RJ),30,1992,29.5,32,19,14,15,3,12,33,36.4,21,16,3,13,13,45,25,0,Matches
686,Alex Teixeira,br BRA,"FW,MF",Vasco da Gama,33,1990,12.6,9,6,2,6,1,2,4,50.0,2,5,0,5,1,10,4,0,Matches
687,David Terans,uy URU,"MF,FW",Ath Paranaense,28,1994,4.4,3,1,0,2,1,1,5,20.0,4,4,0,4,1,4,0,0,Matches
688,Miguel Terceros,bo BOL,"MF,FW",Santos,18,2004,0.4,0,0,0,0,0,0,0,,0,1,0,1,1,1,0,0,Matches
689,Thaciano,br BRA,"MF,FW",Bahia,27,1995,32.1,49,25,15,28,6,24,55,43.6,31,41,8,33,26,75,27,0,Matches
690,Thiago,br BRA,"FW,MF",Ath Paranaense,22,2000,2.5,5,3,3,2,0,3,7,42.9,4,1,0,1,1,6,0,0,Matches
691,Guilherme Tinga,br BRA,DF,Fortaleza,29,1993,28.7,54,31,33,15,6,29,68,42.6,39,28,14,14,41,95,105,0,Matches
692,Titi,br BRA,DF,Fortaleza,34,1988,31.6,48,35,30,16,2,25,43,58.1,18,29,18,11,34,82,116,1,Matches
693,Stênio Toledo,br BRA,"FW,MF",Cruzeiro,19,2003,3.2,7,7,3,4,0,2,3,66.7,1,2,0,2,3,10,1,0,Matches
694,Uendel,br BRA,DF,Cuiabá,34,1988,4.0,2,1,1,0,1,0,1,0.0,1,4,1,3,0,2,9,0,Matches
695,Júnior Urso,br BRA,MF,Coritiba,33,1989,3.3,4,3,3,1,0,3,7,42.9,4,2,0,2,2,6,4,0,Matches
696,Bruno Uvini,br BRA,DF,Grêmio,31,1991,16.1,16,11,11,4,1,10,19,52.6,9,28,19,9,22,38,67,0,Matches
697,Enner Valencia,ec ECU,FW,Internacional,33,1989,16.0,4,3,1,3,0,0,4,0.0,4,7,2,5,2,6,10,0,Matches
698,Vanderlan,br BRA,DF,Palmeiras,20,2002,10.1,29,18,23,4,2,13,16,81.3,3,7,1,6,12,41,23,0,Matches
699,Rodrigo Varanda,br BRA,"FW,MF",América (MG),20,2003,5.7,8,5,3,2,3,4,15,26.7,11,9,0,9,0,8,5,0,Matches
700,Guillermo Varela,uy URU,DF,Flamengo,29,1993,2.6,1,1,1,0,0,0,0,,0,3,1,2,5,6,5,0,Matches
Rk,Player,Nation,Pos,Squad,Age,Born,90s,Tkl,TklW,Def 3rd,Mid 3rd,Att 3rd,Tkl,Att,Tkl%,Lost,Blocks,Sh,Pass,Int,Tkl+Int,Clr,Err,Matches
701,Eduardo Vargas,cl CHI,FW,Atlético Mineiro,33,1989,5.2,3,1,1,2,0,3,12,25.0,9,4,0,4,0,3,1,0,Matches
702,Pablo Vegetti,ar ARG,FW,Vasco da Gama,34,1988,19.9,7,5,1,4,2,2,18,11.1,16,18,8,10,4,11,35,0,Matches
703,Raphael Veiga,br BRA,MF,Palmeiras,27,1995,27.3,27,13,10,12,5,10,28,35.7,18,12,0,12,7,34,17,0,Matches
704,Fausto Vera,ar ARG,MF,Corinthians,22,2000,15.3,26,12,13,10,3,14,46,30.4,32,28,10,18,16,42,30,0,Matches
705,Patrick Verhon,br BRA,FW,Bahia,18,2004,0.0,0,0,0,0,0,0,0,,0,0,0,0,0,0,0,0,Matches
706,Lucas Veríssimo,br BRA,DF,Corinthians,27,1995,14.5,19,11,11,6,2,11,14,78.6,3,17,11,6,10,29,76,0,Matches
707,Bruno Viana,br BRA,DF,Coritiba,27,1995,9.0,11,6,7,4,0,5,8,62.5,3,14,8,6,12,23,40,0,Matches
708,Marcos Victor,br BRA,DF,Bahia,21,2001,0.1,0,0,0,0,0,0,0,,0,0,0,0,0,0,0,0,Matches
709,Paulo Victor,br BRA,DF,Vasco da Gama,21,2001,0.1,0,0,0,0,0,0,0,,0,0,0,0,0,0,0,0,Matches
710,Arturo Vidal,cl CHI,MF,Ath Paranaense,35,1987,4.2,11,8,3,6,2,2,7,28.6,5,2,1,1,6,17,4,0,Matches
711,Arturo Vidal,cl CHI,"MF,DF",Flamengo,35,1987,2.8,5,5,3,2,0,5,12,41.7,7,2,1,1,2,7,5,0,Matches
712,Felipe Vieira,,DF,Fluminense,,,2.3,3,1,2,1,0,2,2,100.0,0,2,1,1,4,7,7,0,Matches
713,Luan Vieira,br BRA,"FW,MF",Grêmio,29,1993,0.6,1,1,0,1,0,0,1,0.0,1,2,2,0,0,1,0,0,Matches
714,Gustavo Vilar,br BRA,DF,Coritiba,22,2000,1.0,0,0,0,0,0,0,0,,0,0,0,0,1,1,3,0,Matches
715,Pedro Vilhena,br BRA,FW,São Paulo,20,2002,0.2,0,0,0,0,0,0,0,,0,0,0,0,0,0,0,0,Matches
716,Mathías Villasanti,py PAR,MF,Grêmio,26,1997,29.4,94,58,46,37,11,42,115,36.5,73,47,11,36,34,128,48,0,Matches
717,Marcos Vinicios Sorriso,br BRA,"FW,DF",Bragantino,21,2001,10.4,22,15,5,11,6,5,13,38.5,8,18,0,18,8,30,6,0,Matches
718,Vinicius,br BRA,MF,Santos,23,1999,0.3,0,0,0,0,0,0,0,,0,0,0,0,0,0,0,0,Matches
719,Vinícius,br BRA,FW,Goiás,29,1993,13.0,18,13,7,8,3,8,20,40.0,12,8,1,7,12,30,24,0,Matches
720,Vinícius,br BRA,FW,Grêmio,31,1991,7.3,3,1,1,2,0,2,10,20.0,8,5,0,5,7,10,5,0,Matches
721,Marcos Vinicius,br BRA,"DF,MF",Coritiba,25,1997,1.9,4,4,1,3,0,1,2,50.0,1,0,0,0,4,8,6,0,Matches
722,Mateus Vital,br BRA,MF,Cruzeiro,24,1998,20.9,24,14,8,14,2,10,24,41.7,14,14,1,13,7,31,4,0,Matches
723,Vitão,br BRA,DF,Internacional,22,2000,22.7,16,14,10,6,0,9,23,39.1,14,26,16,10,16,32,104,0,Matches
724,Vitão,br BRA,DF,Cuiabá,22,2000,0.1,0,0,0,0,0,0,1,0.0,1,1,1,0,0,0,1,0,Matches
725,Vitinho,br BRA,"FW,MF",Bragantino,23,1999,22.8,35,21,12,18,5,10,43,23.3,33,28,1,27,11,46,10,0,Matches
Rk,Player,Nation,Pos,Squad,Age,Born,90s,Tkl,TklW,Def 3rd,Mid 3rd,Att 3rd,Tkl,Att,Tkl%,Lost,Blocks,Sh,Pass,Int,Tkl+Int,Clr,Err,Matches
726,José Vitor,br BRA,DF,Vasco da Gama,20,2002,1.2,0,0,0,0,0,0,1,0.0,1,4,2,2,0,0,4,0,Matches
727,Paulo Vitor,br BRA,"MF,DF",Cruzeiro,23,1999,1.4,2,2,0,2,0,0,2,0.0,2,2,1,1,0,2,1,0,Matches
728,Paulo Vitor,br BRA,MF,Atlético Mineiro,18,2004,0.2,0,0,0,0,0,0,2,0.0,2,0,0,0,1,1,0,0,Matches
729,Rayan Vitor,br BRA,"FW,MF",Vasco da Gama,16,2006,2.9,2,1,0,2,0,0,2,0.0,2,1,0,1,0,2,2,0,Matches
730,Vladimir,br BRA,GK,Santos,33,1989,2.3,0,0,0,0,0,0,1,0.0,1,0,0,0,0,0,0,1,Matches
731,Walter,br BRA,GK,Cuiabá,35,1987,35.0,0,0,0,0,0,0,0,,0,0,0,0,2,2,9,1,Matches
732,Talles Wander,br BRA,"FW,MF",São Paulo,19,2003,0.2,0,0,0,0,0,0,1,0.0,1,0,0,0,0,0,1,0,Matches
733,Wanderson,br BRA,DF,América (MG),31,1991,5.6,5,4,4,0,1,1,7,14.3,6,6,4,2,4,9,28,0,Matches
734,Wanderson,br BRA,"FW,MF",Internacional,28,1994,26.0,35,24,12,14,9,15,41,36.6,26,19,3,16,16,51,13,0,Matches
735,Deivid Washington,br BRA,FW,Santos,17,2005,4.7,4,1,0,1,3,2,8,25.0,6,4,0,4,1,5,3,0,Matches
736,Welington,br BRA,DF,São Paulo,21,2001,10.4,16,13,10,3,3,11,18,61.1,7,10,3,7,3,19,25,0,Matches
737,José Welison,br BRA,MF,Fortaleza,27,1995,18.6,49,30,20,25,4,18,34,52.9,16,24,5,19,23,72,24,0,Matches
738,João Wellington,br BRA,MF,Cruzeiro,19,2004,4.1,5,4,4,1,0,2,3,66.7,1,4,0,4,1,6,10,0,Matches
739,Wesley,br BRA,"FW,MF",Cruzeiro,23,1999,19.7,36,23,12,20,4,17,47,36.2,30,17,0,17,12,48,9,0,Matches
740,Wesley,br BRA,DF,Flamengo,19,2003,27.9,74,48,42,26,6,32,69,46.4,37,24,10,14,40,114,64,1,Matches
741,Wesley,br BRA,DF,Grêmio,19,2004,1.0,3,2,2,1,0,2,3,66.7,1,0,0,0,1,4,0,1,Matches
742,Wéverton,br BRA,GK,Palmeiras,35,1987,35.0,0,0,0,0,0,0,1,0.0,1,1,0,1,1,1,10,1,Matches
743,William,br BRA,DF,Cruzeiro,27,1995,29.4,64,38,36,17,11,31,84,36.9,53,53,4,49,49,113,58,1,Matches
744,Willian,br BRA,"FW,MF",Ath Paranaense,36,1986,6.4,9,7,0,7,2,2,8,25.0,6,3,0,3,1,10,0,0,Matches
745,Willian,br BRA,MF,Goiás,29,1993,24.4,54,31,21,29,4,24,50,48.0,26,30,15,15,50,104,61,1,Matches
746,Xavier,br BRA,DF,Goiás,22,2000,0.7,,4,,,,,,,,,,,1,,,,Matches
747,Samuel Xavier,br BRA,DF,Fluminense,32,1990,23.4,29,18,12,11,6,20,30,66.7,10,27,12,15,16,45,32,0,Matches
748,Yago,br BRA,MF,Bahia,27,1995,15.1,45,25,15,18,12,23,54,42.6,31,22,2,20,16,61,14,1,Matches
749,Vinícius Zanocelo,br BRA,"MF,FW",Fortaleza,22,2001,0.9,1,1,1,0,0,1,4,25.0,3,2,1,1,3,4,3,0,Matches
750,Bruno Zapelli,ar ARG,"MF,FW",Ath Paranaense,20,2002,12.7,16,7,6,8,2,13,22,59.1,9,17,1,16,7,23,3,0,Matches
Rk,Player,Nation,Pos,Squad,Age,Born,90s,Tkl,TklW,Def 3rd,Mid 3rd,Att 3rd,Tkl,Att,Tkl%,Lost,Blocks,Sh,Pass,Int,Tkl+Int,Clr,Err,Matches
751,Federico Zaracho,ar ARG,"MF,FW",Atlético Mineiro,24,1998,21.6,71,42,27,37,7,27,92,29.3,65,29,4,25,31,102,22,0,Matches
752,Zinho,br BRA,"FW,MF",Grêmio,19,2003,2.7,2,2,1,0,1,0,8,0.0,8,1,0,1,1,3,1,0,Matches
