Rk,Player,Nation,Pos,Squad,Age,Born,90s,SCA,SCA90,PassLive,PassDead,TO,Sh,Fld,Def,GCA,GCA90,PassLive,PassDead,TO,Sh,Fld,Def,Matches
1,Nicolás Acevedo,uy URU,MF,Bahia,23,1999,21.9,43,1.96,33,1,2,4,2,1,0,0.00,0,0,0,0,0,0,Matches
2,Luiz Adriano,br BRA,FW,Internacional,35,1987,14.8,23,1.56,17,0,0,4,2,0,2,0.14,1,0,0,1,0,0,Matches
3,Adriel,br BRA,GK,Grêmio,22,2001,2.0,0,0.00,0,0,0,0,0,0,0,0.00,0,0,0,0,0,0,Matches
4,Adryelson,br BRA,DF,Botafogo (RJ),24,1998,33.3,13,0.39,12,0,0,0,0,1,2,0.06,1,0,0,0,0,1,Matches
5,Adson,br BRA,"FW,MF",Corinthians,22,2000,9.5,33,3.47,25,0,5,1,1,1,3,0.32,2,0,1,0,0,0,Matches
6,Adyson,br BRA,"FW,MF",América (MG),17,2005,2.7,16,5.88,14,2,0,0,0,0,0,0.00,0,0,0,0,0,0,Matches
7,Washington Aguerre,uy URU,GK,América (MG),29,1993,2.0,0,0.00,0,0,0,0,0,0,0,0.00,0,0,0,0,0,0,Matches
8,Carlos Alberto,br BRA,"FW,MF",Botafogo (RJ),20,2002,3.3,9,2.73,6,0,1,0,2,0,3,0.91,1,0,1,0,1,0,Matches
9,Yuri Alberto,br BRA,FW,Corinthians,21,2001,30.2,56,1.85,34,1,3,8,8,2,9,0.30,4,0,0,3,2,0,Matches
10,Ale,br BRA,MF,América (MG),32,1990,15.8,35,2.21,34,0,1,0,0,0,0,0.00,0,0,0,0,0,0,Matches
11,Alexandre Alemão,br BRA,FW,Internacional,24,1998,3.8,14,3.70,10,0,0,0,4,0,1,0.26,1,0,0,0,0,0,Matches
12,Alerrandro,br BRA,"FW,MF",Bragantino,23,2000,4.5,7,1.56,6,0,1,0,0,0,1,0.22,1,0,0,0,0,0,Matches
13,Alesson,br BRA,"FW,MF",Goiás,23,1999,7.3,18,2.47,13,0,3,1,1,0,1,0.14,1,0,0,0,0,0,Matches
14,Alex,br BRA,DF,Santos,23,1999,5.1,5,0.99,2,0,0,2,0,1,1,0.20,0,0,0,1,0,0,Matches
15,Caio Alexandre,br BRA,MF,Fortaleza,23,1999,29.2,86,2.95,76,2,1,1,4,2,6,0.21,6,0,0,0,0,0,Matches
16,Matheus Alexandre,br BRA,DF,Cuiabá,23,1999,33.1,43,1.30,35,4,0,1,1,2,3,0.09,2,1,0,0,0,0,Matches
17,Alexsander,br BRA,"MF,DF",Fluminense,19,2003,13.3,34,2.57,31,0,1,1,1,0,2,0.15,2,0,0,0,0,0,Matches
18,Alison,br BRA,MF,Santos,29,1993,1.5,0,0.00,0,0,0,0,0,0,0,0.00,0,0,0,0,0,0,Matches
19,Alisson,br BRA,"MF,DF",Atlético Mineiro,17,2005,0.5,4,7.35,3,0,1,0,0,0,0,0.00,0,0,0,0,0,0,Matches
20,Alisson,br BRA,"MF,FW",São Paulo,29,1993,23.9,65,2.72,42,12,2,2,5,2,7,0.29,6,0,0,0,1,0,Matches
21,Allan,br BRA,MF,Flamengo,25,1997,5.4,13,2.42,12,0,0,0,1,0,2,0.37,1,0,0,0,1,0,Matches
22,Allano,br BRA,FW,Goiás,27,1995,13.7,30,2.18,20,0,1,1,7,1,2,0.15,2,0,0,0,0,0,Matches
23,Henrique Almeida,br BRA,FW,América (MG),31,1991,1.7,7,04.04,4,0,2,1,0,0,0,0.00,0,0,0,0,0,0,Matches
24,Rodrigo Alves,br BRA,MF,Vasco da Gama,20,2002,3.9,1,0.26,1,0,0,0,0,0,0,0.00,0,0,0,0,0,0,Matches
25,Anderson,br BRA,GK,Cruzeiro,24,1998,1.0,0,0.00,0,0,0,0,0,0,0,0.00,0,0,0,0,0,0,Matches
Rk,Player,Nation,Pos,Squad,Age,Born,90s,SCA,SCA90,PassLive,PassDead,TO,Sh,Fld,Def,GCA,GCA90,PassLive,PassDead,TO,Sh,Fld,Def,Matches
26,Anderson,br BRA,"FW,MF",Goiás,24,1998,14.3,37,2.58,24,2,5,3,3,0,2,0.14,2,0,0,0,0,0,Matches
27,André,br BRA,DF,Bahia,19,2003,1.4,4,2.88,3,0,1,0,0,0,0,0.00,0,0,0,0,0,0,Matches
28,André,br BRA,"MF,DF",Fluminense,21,2001,29.4,58,1.97,51,0,3,1,2,1,4,0.14,4,0,0,0,0,0,Matches
29,Maurício Antônio,br BRA,DF,Coritiba,30,1992,2.0,2,1.00,2,0,0,0,0,0,0,0.00,0,0,0,0,0,0,Matches
30,Apodi,br BRA,"FW,MF",Goiás,36,1986,4.2,5,1.18,3,0,1,0,1,0,3,0.71,1,0,1,0,1,0,Matches
31,Guilherme Arana,br BRA,DF,Atlético Mineiro,25,1997,26.5,54,02.04,45,2,2,3,1,1,4,0.15,4,0,0,0,0,0,Matches
32,Charles Aránguiz,cl CHI,MF,Internacional,33,1989,14.1,30,2.13,26,1,0,1,1,1,2,0.14,2,0,0,0,0,0,Matches
33,João Araújo,br BRA,MF,Grêmio,17,2005,0.1,0,0.00,0,0,0,0,0,0,0,0.00,0,0,0,0,0,0,Matches
34,Luiz Araújo,br BRA,"FW,MF",Flamengo,26,1996,8.7,37,4.24,24,4,4,2,3,0,5,0.57,2,0,1,0,2,0,Matches
35,Matheus Araújo,br BRA,"MF,FW",Corinthians,20,2002,6.5,24,3.71,21,1,2,0,0,0,4,0.62,3,0,1,0,0,0,Matches
36,Michel Araujo,uy URU,"FW,MF",São Paulo,26,1996,19.6,71,3.61,46,9,6,4,5,1,3,0.15,3,0,0,0,0,0,Matches
37,Robert Arboleda,ec ECU,DF,São Paulo,31,1991,19.1,11,0.58,5,0,0,6,0,0,1,0.05,0,0,0,1,0,0,Matches
38,Jhon Arias,co COL,"FW,MF",Fluminense,25,1997,26.5,133,05.02,102,8,10,6,7,0,11,0.42,9,0,1,1,0,0,Matches
39,Luciano Arriagada,cl CHI,"FW,MF",Ath Paranaense,20,2002,2.1,7,3.32,4,0,0,1,1,1,0,0.00,0,0,0,0,0,0,Matches
40,Arthur,br BRA,"FW,MF",Cruzeiro,24,1998,15.0,37,2.46,24,1,5,2,5,0,1,0.07,1,0,0,0,0,0,Matches
41,Arthur,br BRA,DF,América (MG),19,2003,1.0,2,2.00,2,0,0,0,0,0,0,0.00,0,0,0,0,0,0,Matches
42,Arthur,br BRA,"DF,FW",Fluminense,18,2004,0.2,4,18.00,4,0,0,0,0,0,0,0.00,0,0,0,0,0,0,Matches
43,Artur,br BRA,FW,Palmeiras,24,1998,21.1,89,4.23,66,5,9,3,5,1,4,0.19,4,0,0,0,0,0,Matches
44,Eduard Atuesta,co COL,MF,Palmeiras,25,1997,0.1,0,0.00,0,0,0,0,0,0,0,0.00,0,0,0,0,0,0,Matches
45,Felipe Augusto,br BRA,"FW,MF",Corinthians,18,2004,3.6,4,1.11,2,0,1,0,1,0,0,0.00,0,0,0,0,0,0,Matches
46,Filipe Augusto,br BRA,MF,Cuiabá,29,1993,11.8,23,1.94,14,7,1,0,1,0,1,0.08,1,0,0,0,0,0,Matches
47,Renato Augusto,br BRA,MF,Corinthians,34,1988,14.2,79,5.54,51,15,1,6,4,2,7,0.49,5,1,0,0,1,0,Matches
48,Danilo Avelar,br BRA,DF,América (MG),33,1989,22.0,29,1.32,21,3,0,4,0,1,4,0.18,3,1,0,0,0,0,Matches
49,Felipe Azevedo,br BRA,"FW,MF",América (MG),36,1987,19.4,57,2.90,41,3,2,5,4,2,4,0.20,2,0,1,0,0,1,Matches
50,Matheus Babi,br BRA,FW,Goiás,25,1997,9.8,17,1.74,7,0,0,3,7,0,1,0.10,0,0,0,0,1,0,Matches
Rk,Player,Nation,Pos,Squad,Age,Born,90s,SCA,SCA90,PassLive,PassDead,TO,Sh,Fld,Def,GCA,GCA90,PassLive,PassDead,TO,Sh,Fld,Def,Matches
51,Matheus Bahia,br BRA,"DF,MF",Bahia,23,1999,5.5,13,2.24,11,1,0,0,1,0,0,0.00,0,0,0,0,0,0,Matches
52,Fabián Balbuena,py PAR,DF,Corinthians,31,1991,1.0,0,0.00,0,0,0,0,0,0,0,0.00,0,0,0,0,0,0,Matches
53,Robson Bambu,br BRA,DF,Vasco da Gama,25,1997,14.2,9,0.63,7,1,0,0,0,1,0,0.00,0,0,0,0,0,0,Matches
54,Gabriel Baralhas,br BRA,MF,Internacional,24,1998,2.6,3,1.15,3,0,0,0,0,0,0,0.00,0,0,0,0,0,0,Matches
55,Danilo Barbosa,br BRA,"MF,DF",Botafogo (RJ),26,1996,11.2,13,1.16,13,0,0,0,0,0,3,0.27,3,0,0,0,0,0,Matches
56,Diogo Barbosa,br BRA,DF,Fluminense,30,1992,12.4,28,2.26,24,1,3,0,0,0,2,0.16,2,0,0,0,0,0,Matches
57,Diogo Barbosa,br BRA,DF,Grêmio,30,1992,4.3,12,2.79,7,1,3,0,1,0,0,0.00,0,0,0,0,0,0,Matches
58,Gabriel Barbosa,br BRA,FW,Flamengo,26,1996,17.1,46,2.69,33,6,0,7,0,0,5,0.29,3,0,0,2,0,0,Matches
59,Lucas Barbosa,br BRA,"FW,MF",Santos,21,2001,1.1,2,1.75,1,0,1,0,0,0,0,0.00,0,0,0,0,0,0,Matches
60,Lucas Barbosa,br BRA,"MF,FW",Coritiba,21,2001,1.1,5,4.41,5,0,0,0,0,0,0,0.00,0,0,0,0,0,0,Matches
61,Chrystian Barletta,br BRA,MF,Corinthians,21,2001,1.4,,,,,,,,,,,,,,,,,Matches
62,Cauan Barros,br BRA,MF,Vasco da Gama,18,2004,2.6,5,1.90,3,0,0,0,1,1,0,0.00,0,0,0,0,0,0,Matches
63,Gabriel Barros,br BRA,"FW,MF",Internacional,21,2001,2.0,6,03.07,6,0,0,0,0,0,1,0.51,1,0,0,0,0,0,Matches
64,Bastos,ao ANG,DF,Botafogo (RJ),31,1991,1.3,0,0.00,0,0,0,0,0,0,0,0.00,0,0,0,0,0,0,Matches
65,Fellipe Bastos,br BRA,MF,Goiás,32,1990,0.4,1,2.50,0,1,0,0,0,0,0,0.00,0,0,0,0,0,0,Matches
66,Diogo Batista,br BRA,"DF,MF",Coritiba,19,2003,5.9,15,2.54,12,1,0,1,1,0,1,0.17,1,0,0,0,0,0,Matches
67,Rodrigo Battaglia,ar ARG,MF,Atlético Mineiro,31,1991,19.2,18,0.94,17,0,0,1,0,0,0,0.00,0,0,0,0,0,0,Matches
68,José Luis Rodríguez Bebanz,uy URU,DF,Vasco da Gama,25,1997,22.2,59,2.66,40,9,4,4,1,1,3,0.14,3,0,0,0,0,0,Matches
69,Matheus Belém,br BRA,DF,São Paulo,19,2003,1.9,1,0.53,1,0,0,0,0,0,0,0.00,0,0,0,0,0,0,Matches
70,Lucas Belezi,br BRA,DF,Ath Paranaense,19,2003,0.5,0,0.00,0,0,0,0,0,0,0,0.00,0,0,0,0,0,0,Matches
71,Ramiro Benetti,br BRA,MF,Cruzeiro,29,1993,4.5,8,1.77,7,0,0,1,0,0,1,0.22,1,0,0,0,0,0,Matches
72,Martín Benítez,ar ARG,"MF,FW",América (MG),28,1994,12.4,75,06.03,39,14,9,3,10,0,6,0.48,4,1,0,1,0,0,Matches
73,Bento,br BRA,GK,Ath Paranaense,23,1999,33.0,6,0.18,4,2,0,0,0,0,2,0.06,2,0,0,0,0,0,Matches
74,Lucas Beraldo,br BRA,DF,São Paulo,19,2003,24.0,19,0.79,19,0,0,0,0,0,0,0.00,0,0,0,0,0,0,Matches
75,Lucas Besozzi,ar ARG,"FW,MF",Grêmio,20,2003,4.4,14,3.16,10,0,2,1,1,0,2,0.45,2,0,0,0,0,0,Matches
Rk,Player,Nation,Pos,Squad,Age,Born,90s,SCA,SCA90,PassLive,PassDead,TO,Sh,Fld,Def,GCA,GCA90,PassLive,PassDead,TO,Sh,Fld,Def,Matches
76,Matheus Bianqui,br BRA,MF,Coritiba,25,1998,15.8,23,1.46,20,0,1,2,0,0,3,0.19,2,0,0,1,0,0,Matches
77,Raul Bicalho,br BRA,DF,Bahia,23,1999,3.6,2,0.56,0,0,0,1,1,0,1,0.28,0,0,0,1,0,0,Matches
78,Matheus Bidu,br BRA,DF,Corinthians,23,1999,18.4,46,2.50,32,9,2,0,2,1,4,0.22,2,0,0,0,1,1,Matches
79,Biel,br BRA,"FW,MF",Bahia,21,2001,15.1,89,5.88,47,12,10,6,13,1,4,0.26,0,1,0,2,1,0,Matches
80,Rafael Bilu,br BRA,FW,Cruzeiro,23,1999,1.0,7,7.33,3,0,3,1,0,0,0,0.00,0,0,0,0,0,0,Matches
81,Guilherme Biro,br BRA,"FW,MF",Corinthians,18,2004,6.4,20,3.16,14,0,2,2,2,0,1,0.16,1,0,0,0,0,0,Matches
82,Bitelo,br BRA,"MF,FW",Grêmio,23,2000,17.2,71,4.12,50,10,6,3,1,1,6,0.35,6,0,0,0,0,0,Matches
83,Paulinho Bóia,br BRA,FW,América (MG),24,1998,1.5,7,4.63,6,0,0,0,1,0,0,0.00,0,0,0,0,0,0,Matches
84,Thiago Borbas,uy URU,FW,Bragantino,20,2002,15.9,33,02.08,25,0,3,3,2,0,4,0.25,3,0,0,0,1,0,Matches
85,Ângelo Borges,br BRA,"FW,MF",Santos,18,2004,6.0,21,3.49,17,0,3,0,1,0,2,0.33,1,0,1,0,0,0,Matches
86,Daniel Borges,br BRA,DF,América (MG),29,1993,8.9,22,2.48,18,2,2,0,0,0,2,0.23,2,0,0,0,0,0,Matches
87,Daniel Borges,br BRA,DF,Botafogo (RJ),29,1993,0.5,0,0.00,0,0,0,0,0,0,0,0.00,0,0,0,0,0,0,Matches
88,Marllon Borges,br BRA,DF,Cuiabá,30,1992,36.0,10,0.28,8,0,0,2,0,0,1,0.03,0,0,0,1,0,0,Matches
89,Pedro Borges,br BRA,"MF,FW",Fortaleza,25,1997,6.3,12,1.91,9,0,0,1,0,2,2,0.32,1,0,0,1,0,0,Matches
90,Gabriel Boschilia,br BRA,"MF,FW",Coritiba,26,1996,3.8,11,2.88,6,2,2,1,0,0,1,0.26,1,0,0,0,0,0,Matches
91,Lucas Braga,br BRA,"DF,FW",Santos,26,1996,22.1,41,1.84,28,5,5,1,2,0,2,0.09,1,0,0,0,1,0,Matches
92,David Braz,br BRA,DF,Fluminense,35,1987,9.6,10,01.04,8,0,0,2,0,0,0,0.00,0,0,0,0,0,0,Matches
93,Brenno,br BRA,GK,Grêmio,23,1999,1.0,0,0.00,0,0,0,0,0,0,0,0.00,0,0,0,0,0,0,Matches
94,Breno,br BRA,MF,Botafogo (RJ),22,2000,0.1,0,0.00,0,0,0,0,0,0,0,0.00,0,0,0,0,0,0,Matches
95,Breno,br BRA,FW,Palmeiras,27,1996,15.2,37,2.44,23,0,1,1,10,2,6,0.40,3,0,0,1,2,0,Matches
96,Emanuel Brítez,ar ARG,DF,Fortaleza,30,1992,30.7,36,1.17,29,1,0,4,0,2,2,0.07,2,0,0,0,0,0,Matches
97,Bruninho,br BRA,"FW,MF",Bragantino,19,2003,7.9,37,4.66,22,4,4,4,3,0,2,0.25,1,0,1,0,0,0,Matches
98,Fabrício Bruno,br BRA,DF,Flamengo,26,1996,34.0,27,0.79,21,1,0,5,0,0,4,0.12,4,0,0,0,0,0,Matches
99,Vitor Bueno,br BRA,"MF,FW",Ath Paranaense,28,1994,23.1,137,5.95,88,34,6,5,3,1,14,0.61,10,1,0,1,1,1,Matches
100,Esteban Burgos,ar ARG,DF,América (MG),31,1992,3.3,1,0.31,1,0,0,0,0,0,0,0.00,0,0,0,0,0,0,Matches
Rk,Player,Nation,Pos,Squad,Age,Born,90s,SCA,SCA90,PassLive,PassDead,TO,Sh,Fld,Def,GCA,GCA90,PassLive,PassDead,TO,Sh,Fld,Def,Matches
101,Fabricio Bustos,ar ARG,DF,Internacional,26,1996,27.8,66,2.38,54,3,1,5,2,1,6,0.22,6,0,0,0,0,0,Matches
102,Rafael Cabral,br BRA,GK,Cruzeiro,32,1990,37.0,5,0.14,5,0,0,0,0,0,2,0.05,2,0,0,0,0,0,Matches
103,Cacá,br BRA,DF,Ath Paranaense,23,1999,18.8,12,0.64,11,0,0,1,0,0,0,0.00,0,0,0,0,0,0,Matches
104,Cadu,br BRA,DF,Santos,20,2002,0.2,0,0.00,0,0,0,0,0,0,0,0.00,0,0,0,0,0,0,Matches
105,Caetano,br BRA,DF,Corinthians,23,1999,13.4,8,0.60,7,0,0,1,0,0,1,0.07,1,0,0,0,0,0,Matches
106,Jonathan Cafu,br BRA,"FW,MF",Cuiabá,31,1991,19.0,55,2.90,45,1,4,2,3,0,6,0.32,4,0,0,0,2,0,Matches
107,Júnior Caiçara,br BRA,DF,Santos,33,1989,1.9,0,0.00,0,0,0,0,0,0,0,0.00,0,0,0,0,0,0,Matches
108,Rodrigo Caio,br BRA,"MF,DF",Flamengo,29,1993,0.7,0,0.00,0,0,0,0,0,0,0,0.00,0,0,0,0,0,0,Matches
109,Caíque,br BRA,GK,Grêmio,25,1997,4.0,1,0.25,1,0,0,0,0,0,0,0.00,0,0,0,0,0,0,Matches
110,Calebe,br BRA,"MF,FW",Fortaleza,22,2000,16.4,78,4.75,52,6,10,3,6,1,8,0.49,7,0,1,0,0,0,Matches
111,Jonathan Calleri,ar ARG,FW,São Paulo,29,1993,15.0,37,2.47,27,0,0,5,5,0,4,0.27,3,0,0,0,1,0,Matches
112,Patric Calmon PK,br BRA,DF,Cuiabá,28,1994,5.8,16,2.77,14,1,1,0,0,0,0,0.00,0,0,0,0,0,0,Matches
113,Guilherme Camacho,br BRA,MF,Santos,32,1990,5.0,6,1.21,6,0,0,0,0,0,0,0.00,0,0,0,0,0,0,Matches
114,Nathan Camargo,br BRA,MF,Bragantino,17,2005,0.1,1,7.50,1,0,0,0,0,0,0,0.00,0,0,0,0,0,0,Matches
115,Gustavo Campanharo,br BRA,MF,Internacional,30,1992,7.7,13,1.68,10,0,1,0,1,1,0,0.00,0,0,0,0,0,0,Matches
116,Camilo Cándido,uy URU,DF,Bahia,27,1995,13.8,38,2.75,33,1,2,2,0,0,4,0.29,2,0,1,1,0,0,Matches
117,Luan Cândido,br BRA,DF,Bragantino,21,2001,12.0,24,1.99,18,2,1,1,2,0,1,0.08,1,0,0,0,0,0,Matches
118,Germán Cano,ar ARG,FW,Fluminense,34,1988,27.4,36,1.31,27,0,1,8,0,0,5,0.18,3,0,0,2,0,0,Matches
119,Agustín Canobbio,uy URU,"FW,MF",Ath Paranaense,24,1998,23.5,107,4.56,75,4,8,7,12,1,9,0.38,8,0,0,0,1,0,Matches
120,Víctor Cantillo,co COL,MF,Corinthians,29,1993,3.0,5,1.69,5,0,0,0,0,0,1,0.34,1,0,0,0,0,0,Matches
121,Manuel Capasso,ar ARG,DF,Vasco da Gama,26,1996,6.2,7,1.14,7,0,0,0,0,0,0,0.00,0,0,0,0,0,0,Matches
122,Juninho Capixaba,br BRA,DF,Bragantino,25,1997,31.9,111,3.47,80,9,3,9,6,4,3,0.09,2,0,0,1,0,0,Matches
123,Gabriel Carabajal,ar ARG,MF,Vasco da Gama,31,1991,1.4,11,8.11,9,0,2,0,0,0,1,0.74,1,0,0,0,0,0,Matches
124,Felipe Carballo,uy URU,MF,Grêmio,26,1996,17.1,33,1.93,28,1,0,4,0,0,3,0.18,2,0,0,1,0,0,Matches
125,Johnny Cardoso,us USA,MF,Internacional,21,2001,17.9,34,1.91,29,0,1,2,0,2,7,0.39,4,0,0,2,0,1,Matches
Rk,Player,Nation,Pos,Squad,Age,Born,90s,SCA,SCA90,PassLive,PassDead,TO,Sh,Fld,Def,GCA,GCA90,PassLive,PassDead,TO,Sh,Fld,Def,Matches
126,Ed Carlos,br BRA,"MF,FW",Santos,21,2001,0.4,3,7.30,2,1,0,0,0,0,0,0.00,0,0,0,0,0,0,Matches
127,João Carlos,br BRA,GK,Cuiabá,34,1988,3.0,1,0.33,0,1,0,0,0,0,0,0.00,0,0,0,0,0,0,Matches
128,Ryan Carlos,br BRA,DF,Bahia,20,2002,6.4,16,2.49,12,1,2,1,0,0,2,0.31,2,0,0,0,0,0,Matches
129,Alan Carvalho,cn CHN,MF,Fluminense,33,1989,0.5,0,0.00,0,0,0,0,0,0,0,0.00,0,0,0,0,0,0,Matches
130,Breno Cascardo,br BRA,MF,América (MG),19,2003,12.9,27,02.09,21,0,2,3,0,1,2,0.16,1,0,0,1,0,0,Matches
131,Cássio,br BRA,GK,Corinthians,35,1987,36.8,4,0.11,3,1,0,0,0,0,0,0.00,0,0,0,0,0,0,Matches
132,Luciano Castán,br BRA,DF,Cruzeiro,33,1989,35.7,26,0.73,22,1,0,3,0,0,1,0.03,1,0,0,0,0,0,Matches
133,Iury de Castilho,br BRA,FW,Cuiabá,27,1995,4.4,8,1.81,5,0,2,0,1,0,0,0.00,0,0,0,0,0,0,Matches
134,Matheus Cavichioli,br BRA,GK,América (MG),36,1986,15.0,4,0.27,3,1,0,0,0,0,0,0.00,0,0,0,0,0,0,Matches
135,Juan Cazares,ec ECU,"MF,FW",América (MG),30,1992,3.1,16,05.07,12,3,0,1,0,0,3,0.95,2,0,0,1,0,0,Matches
136,Brayan Ceballos,co COL,DF,Fortaleza,21,2001,2.3,1,0.44,0,1,0,0,0,0,0,0.00,0,0,0,0,0,0,Matches
137,Pablo Ceppelini,uy URU,MF,Cuiabá,31,1991,11.1,51,4.62,19,27,1,3,1,0,3,0.27,0,3,0,0,0,0,Matches
138,Murilo Cerqueira,br BRA,DF,Palmeiras,25,1997,24.1,26,01.08,21,0,1,2,0,2,3,0.12,3,0,0,0,0,0,Matches
139,Ricardo Cerqueira,br BRA,MF,Cuiabá,20,2002,0.1,1,11.25,0,0,0,0,1,0,0,0.00,0,0,0,0,0,0,Matches
140,Júlio César,br BRA,DF,América (MG),19,2003,6.6,4,0.61,3,0,1,0,0,0,2,0.30,1,0,1,0,0,0,Matches
141,Reynaldo Cesar Moraes,br BRA,DF,Cruzeiro,26,1997,0.7,0,0.00,0,0,0,0,0,0,0,0.00,0,0,0,0,0,0,Matches
142,Reynaldo Cesar Moraes,br BRA,DF,Coritiba,26,1997,2.7,1,0.37,1,0,0,0,0,0,0,0.00,0,0,0,0,0,0,Matches
143,Kayky Chagas,br BRA,"FW,MF",Bahia,19,2003,4.6,14,03.07,7,3,3,1,0,0,2,0.44,1,0,1,0,0,0,Matches
144,Jhon Chancellor,ve VEN,DF,Coritiba,31,1992,3.4,0,0.00,0,0,0,0,0,0,0,0.00,0,0,0,0,0,0,Matches
145,Gabriel Chapecó,br BRA,GK,Grêmio,22,2000,31.0,5,0.16,4,1,0,0,0,0,0,0.00,0,0,0,0,0,0,Matches
146,Gabriel Chaves,br BRA,"FW,MF",Vasco da Gama,21,2001,29.0,84,2.90,46,10,11,5,12,0,8,0.28,4,1,1,0,2,0,Matches
147,Jhoanner Chávez,ec ECU,"DF,MF",Bahia,20,2002,6.5,18,2.75,17,0,1,0,0,0,0,0.00,0,0,0,0,0,0,Matches
148,Chiqueti,br BRA,MF,Ath Paranaense,17,2005,0.2,,,,,,,,,,,,,,,,,Matches
149,Christian,br BRA,"MF,FW",Ath Paranaense,22,2000,15.1,49,3.24,28,5,5,5,2,4,1,0.07,1,0,0,0,0,0,Matches
150,Cicinho,bg BUL,DF,Bahia,34,1988,8.4,15,1.80,11,2,1,0,1,0,0,0.00,0,0,0,0,0,0,Matches
Rk,Player,Nation,Pos,Squad,Age,Born,90s,SCA,SCA90,PassLive,PassDead,TO,Sh,Fld,Def,GCA,GCA90,PassLive,PassDead,TO,Sh,Fld,Def,Matches
151,Cipriano,br BRA,DF,Bragantino,20,2002,0.8,1,1.18,1,0,0,0,0,0,0,0.00,0,0,0,0,0,0,Matches
152,Marcelo Cirino,br BRA,"FW,MF",Ath Paranaense,31,1992,1.1,1,0.88,1,0,0,0,0,0,0,0.00,0,0,0,0,0,0,Matches
153,Léo Cittadini,br BRA,MF,Bahia,28,1994,1.5,3,1.91,1,0,1,1,0,0,0,0.00,0,0,0,0,0,0,Matches
154,Léo Cittadini,br BRA,"MF,FW",Ath Paranaense,28,1994,2.2,6,2.69,5,1,0,0,0,0,0,0.00,0,0,0,0,0,0,Matches
155,Mateus Claus,br BRA,GK,Bahia,28,1994,0.6,0,0.00,0,0,0,0,0,0,0,0.00,0,0,0,0,0,0,Matches
156,Clayson,br BRA,"FW,MF",Cuiabá,27,1995,18.2,62,3.41,29,15,4,4,8,2,5,0.27,2,1,0,0,1,1,Matches
157,Mateus Cocão,br BRA,MF,Vasco da Gama,20,2002,3.9,11,2.85,10,0,0,0,0,1,0,0.00,0,0,0,0,0,0,Matches
158,Diego Costa,es ESP,FW,Botafogo (RJ),34,1988,5.7,12,02.09,7,0,1,1,3,0,2,0.35,1,0,0,1,0,0,Matches
159,Philippe Costa,br BRA,FW,Goiás,22,2000,1.2,5,4.13,2,0,1,2,0,0,0,0.00,0,0,0,0,0,0,Matches
160,Talles Costa,br BRA,"MF,FW",São Paulo,20,2002,1.5,6,4.00,4,0,0,1,1,0,0,0.00,0,0,0,0,0,0,Matches
161,Lucas Crispim,br BRA,"MF,DF",Fortaleza,28,1994,5.4,26,4.80,23,2,0,0,1,0,1,0.18,0,0,0,0,1,0,Matches
162,Franco Cristaldo,ar ARG,"MF,FW",Grêmio,26,1996,23.7,98,4.14,62,28,1,2,5,0,12,0.51,7,3,0,1,1,0,Matches
163,Tomás Cuello,ar ARG,"MF,FW",Ath Paranaense,22,2000,22.8,77,3.37,46,7,10,2,7,5,8,0.35,7,0,0,0,1,0,Matches
164,Víctor Cuesta,ar ARG,DF,Botafogo (RJ),34,1988,35.0,26,0.74,23,0,0,2,0,1,2,0.06,1,0,0,1,0,0,Matches
165,Cuiabano,br BRA,"DF,MF",Grêmio,19,2003,5.4,13,2.39,9,1,1,1,1,0,0,0.00,0,0,0,0,0,0,Matches
166,Lucas Cunha,br BRA,DF,Bragantino,26,1997,0.8,2,2.57,2,0,0,0,0,0,0,0.00,0,0,0,0,0,0,Matches
167,Matheus Cunha,br BRA,GK,Flamengo,21,2001,17.6,2,0.11,2,0,0,0,0,0,0,0.00,0,0,0,0,0,0,Matches
168,Ian Custódio,br BRA,DF,Palmeiras,19,2003,0.2,0,0.00,0,0,0,0,0,0,0,0.00,0,0,0,0,0,0,Matches
169,João Dalla Corte,br BRA,DF,Internacional,16,2006,0.2,0,0.00,0,0,0,0,0,0,0,0.00,0,0,0,0,0,0,Matches
170,Danielzinho,br BRA,"FW,MF",Bahia,27,1996,0.9,9,10.13,8,0,0,1,0,0,1,1.13,0,0,0,1,0,0,Matches
171,Danielzinho,br BRA,FW,Ath Paranaense,20,2002,0.0,0,0.00,0,0,0,0,0,0,0,0.00,0,0,0,0,0,0,Matches
172,Danielzinho,br BRA,MF,Fluminense,27,1996,6.8,36,5.29,31,2,2,0,1,0,1,0.15,1,0,0,0,0,0,Matches
173,David,br BRA,"FW,MF",São Paulo,27,1995,8.1,29,3.56,21,0,3,2,2,1,2,0.25,2,0,0,0,0,0,Matches
174,Giorgian De Arrascaeta,uy URU,"MF,FW",Flamengo,28,1994,20.5,105,5.13,65,17,7,6,8,2,12,0.59,5,2,3,0,2,0,Matches
175,Sergio Antonio De Luiz Junior,br BRA,"MF,DF",Vasco da Gama,27,1995,4.0,8,02.02,6,0,0,0,2,0,0,0.00,0,0,0,0,0,0,Matches
Rk,Player,Nation,Pos,Squad,Age,Born,90s,SCA,SCA90,PassLive,PassDead,TO,Sh,Fld,Def,GCA,GCA90,PassLive,PassDead,TO,Sh,Fld,Def,Matches
176,Denilson,br BRA,MF,Cuiabá,21,2001,21.2,89,4.20,59,12,9,4,3,2,6,0.28,5,1,0,0,0,0,Matches
177,Denzel,br BRA,FW,Goiás,20,2003,0.3,0,0.00,0,0,0,0,0,0,0,0.00,0,0,0,0,0,0,Matches
178,Deyverson,br BRA,FW,Cuiabá,31,1991,32.3,57,1.77,43,0,2,8,2,2,8,0.25,6,0,0,1,1,0,Matches
179,Leonel Di Plácido,ar ARG,DF,Botafogo (RJ),29,1994,26.2,83,3.17,56,12,9,1,1,4,7,0.27,5,1,1,0,0,0,Matches
180,Gabriel Dias,br BRA,DF,Vasco da Gama,28,1994,0.1,0,0.00,0,0,0,0,0,0,0,0.00,0,0,0,0,0,0,Matches
181,Jean Dias,br BRA,"FW,MF",Internacional,32,1990,3.6,5,1.40,1,2,1,1,0,0,0,0.00,0,0,0,0,0,0,Matches
182,Luan Dias,br BRA,"MF,FW",Santos,25,1997,2.1,2,0.94,0,2,0,0,0,0,0,0.00,0,0,0,0,0,0,Matches
183,Matheus Dias,br BRA,"MF,FW",Internacional,25,1997,4.5,9,2.00,9,0,0,0,0,0,1,0.22,1,0,0,0,0,0,Matches
184,Diego,br BRA,DF,São Paulo,23,1999,19.4,16,0.83,15,0,0,1,0,0,0,0.00,0,0,0,0,0,0,Matches
185,Dieguinho,br BRA,"DF,FW",Goiás,27,1995,12.0,37,03.09,19,7,5,3,2,1,1,0.08,1,0,0,0,0,0,Matches
186,Diogo,br BRA,"FW,MF",Coritiba,26,1996,8.4,15,1.78,12,0,0,1,2,0,2,0.24,1,0,0,0,1,0,Matches
187,Dodi,br BRA,MF,Santos,26,1996,19.1,16,0.84,8,4,0,1,3,0,1,0.05,0,0,0,0,1,0,Matches
188,Dodô,br BRA,DF,Atlético Mineiro,30,1992,0.7,3,4.58,1,1,0,0,1,0,1,1.53,0,0,0,0,1,0,Matches
189,Dodô,br BRA,DF,Santos,30,1992,15.8,27,1.70,20,5,0,2,0,0,1,0.06,0,0,0,1,0,0,Matches
190,Dodô,br BRA,"MF,FW",Goiás,21,2001,3.6,23,6.41,10,7,1,0,4,1,0,0.00,0,0,0,0,0,0,Matches
191,Thiago Dombroski,br BRA,DF,Coritiba,20,2002,5.6,2,0.36,1,0,0,0,0,1,0,0.00,0,0,0,0,0,0,Matches
192,Halerrandrio dos Santos,br BRA,MF,Goiás,16,2006,0.3,0,0.00,0,0,0,0,0,0,0,0.00,0,0,0,0,0,0,Matches
193,Thiago dos Santos,br BRA,"DF,MF",Fluminense,33,1989,9.1,8,0.88,7,1,0,0,0,0,0,0.00,0,0,0,0,0,0,Matches
194,Henrique Dourado,br BRA,FW,Cruzeiro,33,1989,3.8,7,1.83,3,0,1,2,0,1,0,0.00,0,0,0,0,0,0,Matches
195,David Duarte,br BRA,DF,Bahia,28,1995,9.6,5,0.52,4,0,0,1,0,0,0,0.00,0,0,0,0,0,0,Matches
196,Dudu,br BRA,MF,Ath Paranaense,17,2006,0.0,0,0.00,0,0,0,0,0,0,0,0.00,0,0,0,0,0,0,Matches
197,Dudu,br BRA,FW,Palmeiras,31,1992,12.0,62,5.18,48,2,9,0,1,2,5,0.42,4,0,0,0,0,1,Matches
198,Éberth,br BRA,FW,Coritiba,19,2003,0.3,1,3.60,0,0,0,1,0,0,0,0.00,0,0,0,0,0,0,Matches
199,Edenílson,br BRA,"MF,FW",Atlético Mineiro,33,1989,15.2,39,2.57,34,1,0,1,2,1,4,0.26,3,0,0,1,0,0,Matches
200,Eder,br BRA,DF,América (MG),27,1995,17.4,11,0.63,11,0,0,0,0,0,0,0.00,0,0,0,0,0,0,Matches
Rk,Player,Nation,Pos,Squad,Age,Born,90s,SCA,SCA90,PassLive,PassDead,TO,Sh,Fld,Def,GCA,GCA90,PassLive,PassDead,TO,Sh,Fld,Def,Matches
201,EDU,br BRA,DF,Goiás,22,2000,4.8,3,0.62,3,0,0,0,0,0,0,0.00,0,0,0,0,0,0,Matches
202,Edu,br BRA,"FW,MF",Coritiba,29,1993,3.6,7,1.97,6,0,0,0,1,0,0,0.00,0,0,0,0,0,0,Matches
203,Carlos Eduardo,br BRA,"MF,FW",Atlético Mineiro,18,2004,0.1,0,0.00,0,0,0,0,0,0,0,0.00,0,0,0,0,0,0,Matches
204,Carlos Eduardo,br BRA,MF,Botafogo (RJ),33,1989,29.7,84,2.83,57,10,5,3,9,0,10,0.34,7,3,0,0,0,0,Matches
205,Eguinaldo,br BRA,"FW,MF",Vasco da Gama,18,2004,0.7,1,1.34,1,0,0,0,0,0,0,0.00,0,0,0,0,0,0,Matches
206,Rafael Elias,br BRA,FW,Cruzeiro,23,1999,6.0,15,2.50,8,0,2,4,1,0,0,0.00,0,0,0,0,0,0,Matches
207,Rodrigo Ely,br BRA,DF,Grêmio,29,1993,7.4,1,0.14,1,0,0,0,0,0,0,0.00,0,0,0,0,0,0,Matches
208,Lucas Emmanuel,br BRA,FW,Goiás,22,2000,0.6,0,0.00,0,0,0,0,0,0,0,0.00,0,0,0,0,0,0,Matches
209,Leandro Emmanuel Martínez,ar ARG,MF,América (MG),28,1994,28.2,120,4.25,83,22,3,3,5,4,9,0.32,6,2,0,0,1,0,Matches
210,Alan Empereur,br BRA,DF,Cuiabá,28,1994,32.8,25,0.76,23,2,0,0,0,0,1,0.03,1,0,0,0,0,0,Matches
211,Endrick,br BRA,FW,Palmeiras,16,2006,17.3,54,3.12,31,0,11,5,7,0,9,0.52,3,0,4,1,1,0,Matches
212,Erick,br BRA,MF,Ath Paranaense,25,1997,27.8,61,2.20,51,0,2,5,1,2,7,0.25,6,0,1,0,0,0,Matches
213,Erison,br BRA,"FW,MF",São Paulo,23,1999,4.3,7,1.61,2,0,2,2,1,0,1,0.23,0,0,0,1,0,0,Matches
214,Gonzalo Escobar,ar ARG,DF,Fortaleza,25,1997,6.4,16,2.49,11,2,2,0,0,1,1,0.16,0,0,0,0,0,1,Matches
215,Lucas Esquivel,ar ARG,DF,Ath Paranaense,21,2001,18.3,41,2.24,21,13,1,1,3,2,3,0.16,2,1,0,0,0,0,Matches
216,Estevão,br BRA,MF,Internacional,20,2002,0.1,0,0.00,0,0,0,0,0,0,0,0.00,0,0,0,0,0,0,Matches
217,Estevão,br BRA,FW,Palmeiras,16,2006,0.1,,,,,,,,,,,,,,,,,Matches
218,Vitor Eudes,br BRA,GK,Fluminense,24,1998,1.0,0,0.00,0,0,0,0,0,0,0,0.00,0,0,0,0,0,0,Matches
219,Lucas Evangelista,br BRA,MF,Bragantino,27,1995,30.2,159,5.26,107,28,5,8,9,2,12,0.40,7,3,0,2,0,0,Matches
220,Everaldo,br BRA,"FW,MF",América (MG),28,1994,13.7,50,3.65,35,3,1,4,7,0,6,0.44,6,0,0,0,0,0,Matches
221,Éverson,br BRA,GK,Atlético Mineiro,32,1990,36.0,8,0.22,6,2,0,0,0,0,1,0.03,0,1,0,0,0,0,Matches
222,Everton,br BRA,"FW,MF",Grêmio,25,1997,13.5,44,3.26,31,2,3,5,2,1,5,0.37,4,0,1,0,0,0,Matches
223,Bruno Fabiano Alves,br BRA,DF,Grêmio,31,1991,27.2,5,0.18,4,0,0,1,0,0,1,0.04,1,0,0,0,0,0,Matches
224,Fabinho,br BRA,MF,Palmeiras,20,2002,6.5,15,2.30,12,0,0,1,1,1,2,0.31,1,0,0,1,0,0,Matches
225,Fábio,br BRA,GK,Fluminense,42,1980,35.0,4,0.11,4,0,0,0,0,0,0,0.00,0,0,0,0,0,0,Matches
Rk,Player,Nation,Pos,Squad,Age,Born,90s,SCA,SCA90,PassLive,PassDead,TO,Sh,Fld,Def,GCA,GCA90,PassLive,PassDead,TO,Sh,Fld,Def,Matches
226,Fábio,br BRA,"DF,MF",Grêmio,32,1990,9.7,24,2.48,19,0,0,2,2,1,3,0.31,2,0,0,0,0,1,Matches
227,Fagner,br BRA,DF,Corinthians,33,1989,23.3,69,2.96,38,26,1,0,3,1,5,0.21,4,1,0,0,0,0,Matches
228,Willian Farias,br BRA,MF,Coritiba,33,1989,10.7,14,1.31,11,0,1,1,0,1,0,0.00,0,0,0,0,0,0,Matches
229,Luiz Felipe,br BRA,DF,Santos,29,1993,0.0,0,0.00,0,0,0,0,0,0,0,0.00,0,0,0,0,0,0,Matches
230,Marcos Felipe,br BRA,GK,Bahia,26,1996,37.0,5,0.14,2,3,0,0,0,0,1,0.03,1,0,0,0,0,0,Matches
231,Matheus Felipe,br BRA,DF,Ath Paranaense,24,1998,5.9,3,0.51,3,0,0,0,0,0,0,0.00,0,0,0,0,0,0,Matches
232,Danilo Fernandes,br BRA,GK,Bahia,34,1988,0.4,0,0.00,0,0,0,0,0,0,0,0.00,0,0,0,0,0,0,Matches
233,Lucas Fernandes,br BRA,MF,Botafogo (RJ),25,1997,5.3,19,3.62,7,7,0,4,1,0,1,0.19,1,0,0,0,0,0,Matches
234,Matheus Fernandes,br BRA,MF,Bragantino,24,1998,26.0,74,2.85,69,0,0,2,1,2,4,0.15,3,0,0,0,0,1,Matches
235,Nathan Fernandes,br BRA,"FW,MF",Grêmio,17,2005,4.2,16,3.82,9,0,4,3,0,0,1,0.24,1,0,0,0,0,0,Matches
236,Gatito Fernández,py PAR,GK,Botafogo (RJ),34,1988,0.5,0,0.00,0,0,0,0,0,0,0,0.00,0,0,0,0,0,0,Matches
237,Leonardo Fernández,uy URU,"MF,FW",Fluminense,24,1998,7.3,32,4.39,17,7,3,1,4,0,2,0.27,0,0,1,0,1,0,Matches
238,Rodrigo Fernández,uy URU,MF,Santos,27,1996,22.4,21,0.94,17,0,1,0,3,0,1,0.04,1,0,0,0,0,0,Matches
239,Fernandinho,br BRA,MF,Ath Paranaense,37,1985,21.5,71,3.31,61,3,1,0,5,1,12,0.56,11,0,0,0,1,0,Matches
240,Fernando,br BRA,DF,Ath Paranaense,23,1999,5.3,14,2.64,13,1,0,0,0,0,4,0.75,4,0,0,0,0,0,Matches
241,Nahuel Ferraresi,ve VEN,FW,São Paulo,24,1998,0.0,0,0.00,0,0,0,0,0,0,0,0.00,0,0,0,0,0,0,Matches
242,Ferreira,br BRA,"FW,MF",Grêmio,25,1997,12.7,51,04.01,34,2,8,3,4,0,9,0.71,4,1,2,1,1,0,Matches
243,Sebastián Ferreira,py PAR,"FW,MF",Vasco da Gama,24,1998,4.9,15,03.07,13,0,0,1,1,0,2,0.41,1,0,0,1,0,0,Matches
244,Figueiredo,br BRA,"FW,MF",Vasco da Gama,21,2001,7.3,21,2.88,15,1,1,0,4,0,1,0.14,0,0,0,0,1,0,Matches
245,Tobias Figueiredo,pt POR,DF,Fortaleza,28,1994,3.8,3,0.79,2,0,0,0,1,0,0,0.00,0,0,0,0,0,0,Matches
246,Matheus França,br BRA,"MF,FW",Flamengo,18,2004,4.1,16,3.90,11,1,3,0,1,0,1,0.24,0,0,0,0,1,0,Matches
247,Alan Franco,ec ECU,"MF,FW",Atlético Mineiro,24,1998,9.3,13,1.39,11,0,0,1,0,1,1,0.11,0,0,0,1,0,0,Matches
248,Alan Franco,ar ARG,DF,São Paulo,26,1996,12.5,10,0.80,10,0,0,0,0,0,1,0.08,1,0,0,0,0,0,Matches
249,Fransérgio,br BRA,MF,Coritiba,32,1990,5.9,8,1.35,7,0,0,1,0,0,1,0.17,1,0,0,0,0,0,Matches
250,Marlon Freitas,br BRA,MF,Botafogo (RJ),27,1995,32.3,80,2.48,70,1,1,6,1,1,5,0.15,4,0,0,1,0,0,Matches
Rk,Player,Nation,Pos,Squad,Age,Born,90s,SCA,SCA90,PassLive,PassDead,TO,Sh,Fld,Def,GCA,GCA90,PassLive,PassDead,TO,Sh,Fld,Def,Matches
251,Bruno Fuchs,br BRA,DF,Atlético Mineiro,23,1999,12.1,10,0.83,10,0,0,0,0,0,2,0.17,2,0,0,0,0,0,Matches
252,Julio Furch,ar ARG,"FW,MF",Santos,33,1989,6.8,17,2.50,11,0,2,3,1,0,0,0.00,0,0,0,0,0,0,Matches
253,Gabriel,br BRA,DF,Bahia,21,2001,10.9,6,0.55,3,0,0,3,0,0,0,0.00,0,0,0,0,0,0,Matches
254,Gabriel,br BRA,MF,Internacional,30,1992,8.5,17,2.00,15,1,0,0,0,1,0,0.00,0,0,0,0,0,0,Matches
255,Gabriel,br BRA,GK,Coritiba,30,1992,30.7,5,0.16,4,1,0,0,0,0,0,0.00,0,0,0,0,0,0,Matches
256,Gabriel,br BRA,MF,Botafogo (RJ),29,1993,9.6,33,3.30,24,1,3,3,0,2,2,0.20,2,0,0,0,0,0,Matches
257,Eduardo Gabriel,br BRA,DF,Santos,26,1996,3.0,2,0.67,1,0,0,1,0,0,0,0.00,0,0,0,0,0,0,Matches
258,Thalisson Gabriel,br BRA,DF,Coritiba,21,2002,10.5,2,0.19,1,0,0,1,0,0,0,0.00,0,0,0,0,0,0,Matches
259,Zé Gabriel,br BRA,MF,Vasco da Gama,24,1999,21.5,26,1.21,22,0,1,1,1,1,0,0.00,0,0,0,0,0,0,Matches
260,Ighor Gabryel,br BRA,FW,América (MG),20,2003,0.3,1,3.46,1,0,0,0,0,0,0,0.00,0,0,0,0,0,0,Matches
261,Matías Galarza,py PAR,MF,Vasco da Gama,20,2002,4.5,5,1.12,5,0,0,0,0,0,0,0.00,0,0,0,0,0,0,Matches
262,Thiago Galhardo,br BRA,"FW,MF",Fortaleza,33,1989,20.8,58,2.78,41,0,3,8,4,2,6,0.29,6,0,0,0,0,0,Matches
263,JP Galvão,br BRA,DF,Botafogo (RJ),21,2001,2.2,6,2.69,4,2,0,0,0,0,0,0.00,0,0,0,0,0,0,Matches
264,Ganso,br BRA,MF,Fluminense,33,1989,19.3,68,3.52,53,11,0,4,0,0,8,0.41,6,2,0,0,0,0,Matches
265,Maurício Garcez,br BRA,"MF,FW",Coritiba,25,1997,6.6,12,1.81,6,0,1,1,3,1,0,0.00,0,0,0,0,0,0,Matches
266,García,br BRA,DF,Palmeiras,21,2002,3.3,5,1.54,4,1,0,0,0,0,1,0.31,1,0,0,0,0,0,Matches
267,Bryan García,ec ECU,MF,Ath Paranaense,22,2001,0.0,0,0.00,0,0,0,0,0,0,0,0.00,0,0,0,0,0,0,Matches
268,Luan Garcia,br BRA,DF,Palmeiras,29,1993,20.2,25,1.24,23,0,1,1,0,0,4,0.20,2,0,1,1,0,0,Matches
269,Rafael Gava,br BRA,MF,Cuiabá,29,1993,0.2,2,10.00,1,1,0,0,0,0,0,0.00,0,0,0,0,0,0,Matches
270,Pedro Geromel,br BRA,DF,Grêmio,37,1985,5.2,2,0.38,1,0,0,1,0,0,0,0.00,0,0,0,0,0,0,Matches
271,Gerson,br BRA,MF,Flamengo,25,1997,29.9,122,04.09,101,0,8,4,8,1,15,0.50,13,0,1,0,1,0,Matches
272,Gil,br BRA,DF,Corinthians,35,1987,32.0,24,0.75,17,0,0,5,1,1,4,0.12,2,0,0,2,0,0,Matches
273,Gilberto,br BRA,FW,Cruzeiro,33,1989,12.1,22,1.81,18,0,1,2,0,1,3,0.25,3,0,0,0,0,0,Matches
274,Gilberto,br BRA,DF,Bahia,29,1993,20.6,62,03.01,48,5,4,1,3,1,8,0.39,6,0,1,0,1,0,Matches
275,Giovane,br BRA,FW,Corinthians,19,2003,1.5,0,0.00,0,0,0,0,0,0,0,0.00,0,0,0,0,0,0,Matches
Rk,Player,Nation,Pos,Squad,Age,Born,90s,SCA,SCA90,PassLive,PassDead,TO,Sh,Fld,Def,GCA,GCA90,PassLive,PassDead,TO,Sh,Fld,Def,Matches
276,Giovani,br BRA,FW,Palmeiras,19,2004,0.2,0,0.00,0,0,0,0,0,0,0,0.00,0,0,0,0,0,0,Matches
277,Giovanni,br BRA,"MF,DF",Fluminense,21,2002,1.1,6,5.63,4,0,0,1,1,0,0,0.00,0,0,0,0,0,0,Matches
278,Bruno Gomes,br BRA,MF,Coritiba,21,2001,24.4,71,2.91,44,6,5,3,11,2,6,0.25,3,1,0,1,1,0,Matches
279,Igor Gomes,br BRA,"MF,FW",Atlético Mineiro,23,1999,15.3,52,3.41,38,9,4,0,1,0,6,0.39,5,0,1,0,0,0,Matches
280,Igor Gomes,br BRA,DF,Internacional,21,2001,16.3,15,0.92,11,0,1,2,1,0,1,0.06,1,0,0,0,0,0,Matches
281,Marlon Gomes,br BRA,MF,Vasco da Gama,19,2003,12.7,,,,,,,,,,,,,,,,,Matches
282,William Gomes,br BRA,FW,São Paulo,16,2006,0.8,5,5.92,4,0,0,0,0,1,0,0.00,0,0,0,0,0,0,Matches
283,Gustavo Gómez,py PAR,DF,Palmeiras,29,1993,30.7,31,01.01,24,0,0,5,0,2,5,0.16,3,0,0,2,0,0,Matches
284,Sebastián Gómez,co COL,MF,Coritiba,26,1996,15.9,19,1.20,14,2,0,1,1,1,3,0.19,1,0,0,1,1,0,Matches
285,Aloísio dos Santos Gonçalves,cn CHN,"FW,MF",América (MG),34,1988,8.0,26,3.26,16,0,5,3,2,0,4,0.50,2,0,0,2,0,0,Matches
286,Diego Gonçalves,br BRA,"FW,MF",Goiás,28,1994,4.0,11,2.78,9,0,0,1,1,0,0,0.00,0,0,0,0,0,0,Matches
287,Mateus Gonçalves Martins,br BRA,"MF,FW",América (MG),28,1994,0.7,0,0.00,0,0,0,0,0,0,0,0.00,0,0,0,0,0,0,Matches
288,Matheus Gonçalves,br BRA,"FW,MF",Flamengo,17,2005,0.2,2,11.25,2,0,0,0,0,0,0,0.00,0,0,0,0,0,0,Matches
289,Matheus Gonçalves,br BRA,"FW,MF",Bragantino,17,2005,5.1,31,06.04,19,3,3,2,4,0,4,0.78,1,0,1,0,2,0,Matches
290,Yony González,co COL,"FW,MF",Fluminense,28,1994,6.4,11,1.72,10,0,0,0,0,1,1,0.16,1,0,0,0,0,0,Matches
291,Roger Guedes,br BRA,"FW,MF",Corinthians,26,1996,15.0,46,03.07,34,2,2,4,4,0,3,0.20,3,0,0,0,0,0,Matches
292,Guga,br BRA,DF,Fluminense,24,1998,16.8,42,2.50,36,4,0,0,1,1,5,0.30,5,0,0,0,0,0,Matches
293,Guilherme,br BRA,MF,Goiás,31,1991,20.6,99,4.81,41,49,2,4,2,1,8,0.39,1,6,0,1,0,0,Matches
294,Guilherme,br BRA,"FW,MF",Fortaleza,27,1995,15.7,48,03.06,30,4,4,6,3,1,4,0.25,4,0,0,0,0,0,Matches
295,Guilherme,br BRA,"DF,MF",Bragantino,20,2002,2.9,2,0.69,1,1,0,0,0,0,0,0.00,0,0,0,0,0,0,Matches
296,Luis Guilherme,br BRA,"FW,MF",Palmeiras,16,2006,6.4,30,4.70,17,4,4,0,4,1,2,0.31,1,0,0,0,1,0,Matches
297,Gustavinho,br BRA,"FW,MF",Grêmio,21,2001,0.4,1,2.81,1,0,0,0,0,0,0,0.00,0,0,0,0,0,0,Matches
298,Gustavinho,br BRA,"MF,FW",Bragantino,18,2004,7.4,14,1.90,10,0,2,1,1,0,1,0.14,0,0,0,1,0,0,Matches
299,Raphael Guzzo,pt POR,MF,Goiás,28,1995,6.4,21,3.28,14,3,0,3,0,1,0,0.00,0,0,0,0,0,0,Matches
300,Lucas Halter,br BRA,DF,Goiás,22,2000,28.7,28,0.98,23,2,0,2,0,1,2,0.07,2,0,0,0,0,0,Matches
Rk,Player,Nation,Pos,Squad,Age,Born,90s,SCA,SCA90,PassLive,PassDead,TO,Sh,Fld,Def,GCA,GCA90,PassLive,PassDead,TO,Sh,Fld,Def,Matches
301,Hayner,br BRA,"DF,MF",Coritiba,27,1995,3.4,7,02.07,6,0,0,0,1,0,1,0.30,1,0,0,0,0,0,Matches
302,Thiago Heleno,br BRA,DF,Ath Paranaense,34,1988,30.9,20,0.65,19,1,0,0,0,0,2,0.06,2,0,0,0,0,0,Matches
303,Helinho,br BRA,FW,Bragantino,22,2000,15.4,80,5.20,52,9,9,3,6,1,6,0.39,4,1,0,0,1,0,Matches
304,Henrique,br BRA,DF,Coritiba,36,1986,22.5,11,0.49,7,1,0,1,0,2,0,0.00,0,0,0,0,0,0,Matches
305,Bruno Henrique,br BRA,"FW,MF",Flamengo,32,1990,17.1,46,2.68,33,0,6,4,3,0,6,0.35,2,0,3,0,1,0,Matches
306,Bruno Henrique,br BRA,MF,Internacional,33,1989,11.7,44,3.77,32,6,0,2,4,0,2,0.17,2,0,0,0,0,0,Matches
307,Dalbert Henrique,br BRA,DF,Internacional,29,1993,5.5,9,1.63,6,2,0,0,1,0,1,0.18,0,1,0,0,0,0,Matches
308,Fernando Henrique,br BRA,MF,Cruzeiro,21,2001,1.5,7,4.77,4,0,0,2,1,0,1,0.68,1,0,0,0,0,0,Matches
309,Luis Henrique,br BRA,"FW,MF",Botafogo (RJ),21,2001,15.3,61,3.96,50,0,9,1,1,0,8,0.52,4,0,3,0,1,0,Matches
310,Mateus Henrique,br BRA,DF,América (MG),20,2002,6.0,12,02.01,11,0,1,0,0,0,3,0.50,2,0,1,0,0,0,Matches
311,Paulo Henrique,br BRA,DF,Vasco da Gama,26,1996,9.5,29,03.07,22,3,3,1,0,0,2,0.21,2,0,0,0,0,0,Matches
312,Pedro Henrique,br BRA,DF,Ath Paranaense,27,1995,9.5,5,0.53,4,0,0,0,0,1,1,0.11,1,0,0,0,0,0,Matches
313,Pedro Henrique,br BRA,"FW,MF",Internacional,32,1990,14.1,47,3.33,27,1,5,6,7,1,6,0.43,3,0,1,0,1,1,Matches
314,Breno Herculano,br BRA,"FW,MF",Goiás,23,1999,0.9,1,1.15,1,0,0,0,0,0,0,0.00,0,0,0,0,0,0,Matches
315,Hércules,br BRA,MF,Fortaleza,22,2000,8.6,17,1.98,13,0,1,1,0,2,1,0.12,0,0,0,0,0,1,Matches
316,Diego Hernández,uy URU,FW,Botafogo (RJ),22,2000,0.5,1,2.20,0,0,0,1,0,0,0,0.00,0,0,0,0,0,0,Matches
317,Nicolás Hernández,co COL,DF,Internacional,25,1998,14.4,12,0.83,10,0,0,1,1,0,3,0.21,3,0,0,0,0,0,Matches
318,Lucca Holanda,br BRA,FW,Internacional,19,2003,6.1,19,3.10,13,0,1,2,2,1,1,0.16,1,0,0,0,0,0,Matches
319,Hugo,br BRA,DF,Goiás,25,1997,15.8,33,02.09,25,7,1,0,0,0,1,0.06,1,0,0,0,0,0,Matches
320,Hugo,br BRA,DF,Botafogo (RJ),21,2001,15.5,36,2.32,25,11,0,0,0,0,2,0.13,2,0,0,0,0,0,Matches
321,Victor Hugo,br BRA,"MF,FW",Flamengo,18,2004,14.2,33,2.33,24,1,4,4,0,0,3,0.21,3,0,0,0,0,0,Matches
322,Vitor Hugo,br BRA,DF,Bahia,31,1991,23.7,14,0.59,12,0,0,1,0,1,1,0.04,1,0,0,0,0,0,Matches
323,Hulk,br BRA,FW,Atlético Mineiro,36,1986,32.7,158,4.84,72,14,21,15,34,2,22,0.67,13,1,3,1,4,0,Matches
324,José Hurtado,ec ECU,DF,Bragantino,21,2001,18.0,34,1.89,26,4,4,0,0,0,0,0.00,0,0,0,0,0,0,Matches
325,Hyoran,br BRA,"MF,FW",Atlético Mineiro,29,1993,7.7,31,04.04,20,6,1,3,1,0,1,0.13,1,0,0,0,0,0,Matches
Rk,Player,Nation,Pos,Squad,Age,Born,90s,SCA,SCA90,PassLive,PassDead,TO,Sh,Fld,Def,GCA,GCA90,PassLive,PassDead,TO,Sh,Fld,Def,Matches
326,Igor,br BRA,MF,Flamengo,19,2003,0.9,1,1.15,1,0,0,0,0,0,0,0.00,0,0,0,0,0,0,Matches
327,André Inácio,br BRA,FW,Flamengo,20,2002,0.2,0,0.00,0,0,0,0,0,0,0,0.00,0,0,0,0,0,0,Matches
328,Gabriel Inocêncio,br BRA,DF,Santos,28,1994,14.2,23,1.62,18,2,1,1,0,1,0,0.00,0,0,0,0,0,0,Matches
329,Isaac,br BRA,FW,Atlético Mineiro,18,2004,0.2,1,11.25,1,0,0,0,0,0,0,0.00,0,0,0,0,0,0,Matches
330,Isaac,br BRA,"MF,DF",Fluminense,18,2004,1.5,9,6.18,5,0,2,0,1,1,1,0.69,1,0,0,0,0,0,Matches
331,Juan Iturbe,py PAR,"FW,MF",Grêmio,29,1993,0.8,1,1.32,0,0,0,0,0,1,1,1.32,0,0,0,0,0,1,Matches
332,Zé Ivaldo,br BRA,DF,Ath Paranaense,25,1997,11.3,8,0.71,7,0,1,0,0,0,2,0.18,2,0,0,0,0,0,Matches
333,Ivonei,br BRA,MF,Santos,20,2002,0.0,0,0.00,0,0,0,0,0,0,0,0.00,0,0,0,0,0,0,Matches
334,Vítor Jacaré,br BRA,"DF,MF",Bahia,23,1999,9.5,26,2.83,18,2,1,2,1,2,2,0.22,0,0,1,0,0,1,Matches
335,Jadsom,br BRA,MF,Bragantino,21,2001,21.1,55,2.61,48,2,0,3,1,1,2,0.10,2,0,0,0,0,0,Matches
336,Jair,br BRA,MF,Vasco da Gama,28,1994,17.7,53,3.00,45,1,2,1,4,0,4,0.23,2,0,1,0,1,0,Matches
337,Jamerson,br BRA,"DF,FW",Coritiba,24,1998,21.0,43,02.05,29,4,7,2,0,1,4,0.19,2,1,1,0,0,0,Matches
338,Janderson,br BRA,"FW,MF",Botafogo (RJ),23,1999,4.6,17,3.70,15,0,2,0,0,0,2,0.43,2,0,0,0,0,0,Matches
339,Jandrei,br BRA,GK,São Paulo,29,1993,5.0,1,0.20,1,0,0,0,0,0,0,0.00,0,0,0,0,0,0,Matches
340,Léo Jardim,br BRA,GK,Vasco da Gama,27,1995,38.0,1,0.03,1,0,0,0,0,0,0,0.00,0,0,0,0,0,0,Matches
341,Jemerson,br BRA,DF,Atlético Mineiro,30,1992,27.5,15,0.55,11,0,0,4,0,0,2,0.07,1,0,0,1,0,0,Matches
342,Jesé,es ESP,MF,Coritiba,29,1993,1.1,4,3.75,4,0,0,0,0,0,0,0.00,0,0,0,0,0,0,Matches
343,Alexandre Jesus,br BRA,DF,Fluminense,21,2001,0.1,0,0.00,0,0,0,0,0,0,0,0.00,0,0,0,0,0,0,Matches
344,Jhow,br BRA,DF,América (MG),19,2003,0.2,0,0.00,0,0,0,0,0,0,0,0.00,0,0,0,0,0,0,Matches
345,Joaquim,br BRA,DF,Santos,24,1998,30.3,29,0.96,20,0,1,5,1,2,5,0.16,2,0,0,2,1,0,Matches
346,John,br BRA,GK,Internacional,26,1996,9.0,0,0.00,0,0,0,0,0,0,0,0.00,0,0,0,0,0,0,Matches
347,Felipe Jonatan,br BRA,DF,Santos,24,1998,1.0,2,2.00,2,0,0,0,0,0,0,0.00,0,0,0,0,0,0,Matches
348,Jori,br BRA,GK,América (MG),26,1996,11.0,2,0.18,1,1,0,0,0,0,0,0.00,0,0,0,0,0,0,Matches
349,Josué,br BRA,MF,Grêmio,17,2005,1.3,0,0.00,0,0,0,0,0,0,0,0.00,0,0,0,0,0,0,Matches
350,Jhonatan Jowjow,br BRA,"MF,FW",Palmeiras,20,2002,9.9,37,3.73,26,3,3,3,2,0,3,0.30,3,0,0,0,0,0,Matches
Rk,Player,Nation,Pos,Squad,Age,Born,90s,SCA,SCA90,PassLive,PassDead,TO,Sh,Fld,Def,GCA,GCA90,PassLive,PassDead,TO,Sh,Fld,Def,Matches
351,Daniel Jr,br BRA,MF,Cruzeiro,20,2002,0.3,6,22.50,4,0,1,0,1,0,0,0.00,0,0,0,0,0,0,Matches
352,Luciano Juba,br BRA,"DF,MF",Bahia,23,1999,7.2,32,4.45,13,18,0,1,0,0,2,0.28,1,1,0,0,0,0,Matches
353,Juninho,br BRA,MF,América (MG),35,1987,32.5,97,2.99,78,1,5,8,3,2,9,0.28,8,0,0,0,1,0,Matches
354,Jussa,br BRA,MF,Cruzeiro,26,1996,19.6,22,1.12,20,0,1,0,0,1,0,0.00,0,0,0,0,0,0,Matches
355,Justen,br BRA,DF,Fluminense,19,2003,0.6,0,0.00,0,0,0,0,0,0,0,0.00,0,0,0,0,0,0,Matches
356,Kaiki,br BRA,"DF,FW",Cruzeiro,19,2003,2.5,5,1.97,3,0,1,0,1,0,2,0.79,0,0,1,0,1,0,Matches
357,Kaio,br BRA,"MF,FW",Coritiba,18,2004,9.8,31,3.16,15,2,3,0,11,0,1,0.10,1,0,0,0,0,0,Matches
358,Lucas Kal,br BRA,MF,América (MG),26,1996,13.7,29,2.11,29,0,0,0,0,0,1,0.07,1,0,0,0,0,0,Matches
359,Walter Kannemann,ar ARG,DF,Grêmio,31,1991,26.2,18,0.69,16,0,0,1,0,1,1,0.04,0,0,0,0,0,1,Matches
360,Kanu,br BRA,DF,Bahia,25,1997,32.3,24,0.74,19,0,0,5,0,0,2,0.06,0,0,0,2,0,0,Matches
361,Alan Kardec,br BRA,"FW,MF",Atlético Mineiro,34,1989,2.9,8,2.70,7,0,0,0,1,0,1,0.34,1,0,0,0,0,0,Matches
362,Kauan,br BRA,FW,Fortaleza,17,2005,0.1,0,0.00,0,0,0,0,0,0,0,0.00,0,0,0,0,0,0,Matches
363,Vinicius Kaue,br BRA,"DF,MF",Ath Paranaense,19,2003,3.8,3,0.79,2,0,1,0,0,0,0,0.00,0,0,0,0,0,0,Matches
364,Kayque,br BRA,MF,Botafogo (RJ),22,2000,0.3,2,6.67,2,0,0,0,0,0,1,3.33,1,0,0,0,0,0,Matches
365,Renato Kayser,br BRA,"FW,MF",América (MG),26,1996,0.4,1,2.31,0,0,0,1,0,0,0,0.00,0,0,0,0,0,0,Matches
366,Keiller,br BRA,GK,Internacional,26,1996,10.0,1,0.10,1,0,0,0,0,0,0,0.00,0,0,0,0,0,0,Matches
367,John Kennedy,br BRA,"FW,MF",Fluminense,20,2002,15.2,57,3.74,25,0,19,6,6,1,3,0.20,0,0,2,0,1,0,Matches
368,Keno,br BRA,"FW,MF",Fluminense,33,1989,17.9,72,04.01,52,2,12,3,3,0,10,0.56,7,0,2,0,1,0,Matches
369,Kevin,br BRA,"FW,DF",Palmeiras,20,2003,2.6,6,2.32,3,0,1,1,1,0,1,0.39,0,0,0,0,1,0,Matches
370,Kevyson,br BRA,DF,Santos,18,2004,10.8,20,1.85,15,0,3,1,1,0,1,0.09,1,0,0,0,0,0,Matches
371,Khellven,br BRA,DF,Ath Paranaense,21,2001,11.1,26,2.35,16,8,1,1,0,0,4,0.36,4,0,0,0,0,0,Matches
372,Maurício Kozlinski,br BRA,GK,Fortaleza,31,1991,1.0,0,0.00,0,0,0,0,0,0,0,0.00,0,0,0,0,0,0,Matches
373,Benjamín Kuscevic,cl CHI,DF,Coritiba,26,1996,22.5,8,0.36,8,0,0,0,0,0,0,0.00,0,0,0,0,0,0,Matches
374,Derik Lacerda,br BRA,"FW,MF",Cuiabá,23,1999,7.3,25,3.41,13,0,5,2,4,1,5,0.68,2,0,1,0,2,0,Matches
375,Ignacio Laquintana,uy URU,FW,Bragantino,23,1999,2.0,3,1.48,2,0,0,1,0,0,1,0.49,0,0,0,1,0,0,Matches
Rk,Player,Nation,Pos,Squad,Age,Born,90s,SCA,SCA90,PassLive,PassDead,TO,Sh,Fld,Def,GCA,GCA90,PassLive,PassDead,TO,Sh,Fld,Def,Matches
376,Thauan Lara,br BRA,"DF,MF",Internacional,19,2004,3.7,10,2.68,8,0,1,1,0,0,1,0.27,1,0,0,0,0,0,Matches
377,Lelê,br BRA,"FW,MF",Fluminense,25,1997,12.7,29,2.28,20,0,3,4,2,0,4,0.31,2,0,1,1,0,0,Matches
378,Mauricio Lemos,uy URU,DF,Atlético Mineiro,27,1995,24.6,12,0.49,11,0,0,1,0,0,3,0.12,3,0,0,0,0,0,Matches
379,Marcos Leonardo,br BRA,FW,Santos,19,2003,28.8,71,2.47,45,1,6,9,9,1,6,0.21,4,0,1,0,1,0,Matches
380,Lian,br BRA,MF,Grêmio,17,2005,0.1,0,0.00,0,0,0,0,0,0,0,0.00,0,0,0,0,0,0,Matches
381,Lima,br BRA,"MF,FW",Fluminense,26,1996,28.1,69,2.45,51,5,5,5,2,1,10,0.36,3,1,2,3,1,0,Matches
382,Lucas Lima,br BRA,"MF,FW",Santos,32,1990,24.5,127,5.19,66,43,2,3,5,8,7,0.29,4,2,0,1,0,0,Matches
383,Leonardo Linck,br BRA,GK,Ath Paranaense,21,2001,5.0,1,0.20,1,0,0,0,0,0,0,0.00,0,0,0,0,0,0,Matches
384,Liziero,br BRA,MF,Coritiba,24,1998,6.5,13,2.00,11,1,1,0,0,0,0,0.00,0,0,0,0,0,0,Matches
385,Marcelo Lomba,br BRA,GK,Palmeiras,36,1986,3.0,1,0.33,1,0,0,0,0,0,0,0.00,0,0,0,0,0,0,Matches
386,José López,ar ARG,"FW,MF",Palmeiras,22,2000,6.6,24,3.65,15,0,2,2,4,1,1,0.15,1,0,0,0,0,0,Matches
387,Luan,br BRA,MF,São Paulo,23,1999,6.8,6,0.89,4,0,0,0,2,0,0,0.00,0,0,0,0,0,0,Matches
388,Lucão,br BRA,DF,Bragantino,24,1998,2.2,0,0.00,0,0,0,0,0,0,0,0.00,0,0,0,0,0,0,Matches
389,Lucão,br BRA,GK,Bragantino,21,2001,5.0,0,0.00,0,0,0,0,0,0,0,0.00,0,0,0,0,0,0,Matches
390,Lucas,br BRA,DF,Santos,21,2001,6.8,11,1.62,8,0,2,0,1,0,0,0.00,0,0,0,0,0,0,Matches
391,Ayrton Lucas,br BRA,DF,Flamengo,25,1997,28.8,47,1.63,34,0,7,2,3,1,8,0.28,4,0,2,1,1,0,Matches
392,Jean Lucas,br BRA,MF,Santos,24,1998,20.1,85,4.23,52,20,7,5,1,0,6,0.30,4,1,0,1,0,0,Matches
393,Jhonny Lucas,br BRA,MF,Goiás,22,2000,0.2,1,5.00,1,0,0,0,0,0,0,0.00,0,0,0,0,0,0,Matches
394,João Lucas,br BRA,DF,Santos,24,1998,9.0,11,1.23,4,4,0,2,0,1,2,0.22,1,1,0,0,0,0,Matches
395,Ruan Lucas,br BRA,"MF,FW",Coritiba,18,2004,0.3,1,3.10,1,0,0,0,0,0,1,3.10,1,0,0,0,0,0,Matches
396,Ian Luccas,br BRA,MF,Cruzeiro,19,2003,5.3,10,1.87,7,0,0,1,1,1,1,0.19,1,0,0,0,0,0,Matches
397,Pedro Luccas,br BRA,GK,Coritiba,19,2004,3.0,1,0.33,1,0,0,0,0,0,0,0.00,0,0,0,0,0,0,Matches
398,Luciano,br BRA,"MF,FW",São Paulo,29,1993,23.5,81,3.45,56,1,8,10,5,1,5,0.21,2,0,0,3,0,0,Matches
399,Thomas Luciano,br BRA,DF,Grêmio,21,2002,3.5,3,0.87,2,1,0,0,0,0,0,0.00,0,0,0,0,0,0,Matches
400,Luis,br BRA,FW,Cruzeiro,17,2005,0.1,1,18.00,1,0,0,0,0,0,0,0.00,0,0,0,0,0,0,Matches
Rk,Player,Nation,Pos,Squad,Age,Born,90s,SCA,SCA90,PassLive,PassDead,TO,Sh,Fld,Def,GCA,GCA90,PassLive,PassDead,TO,Sh,Fld,Def,Matches
401,Filipe Luís,br BRA,DF,Flamengo,37,1985,5.9,11,1.88,11,0,0,0,0,0,2,0.34,2,0,0,0,0,0,Matches
402,Victor Luis,br BRA,DF,Coritiba,29,1993,17.4,40,2.30,26,11,0,0,3,0,4,0.23,2,2,0,0,0,0,Matches
403,David Luiz,br BRA,DF,Flamengo,35,1987,11.0,9,0.81,8,1,0,0,0,0,1,0.09,1,0,0,0,0,0,Matches
404,Wallisson Luiz,br BRA,MF,Cruzeiro,25,1997,4.4,13,2.98,9,0,4,0,0,0,1,0.23,1,0,0,0,0,0,Matches
405,Machado,br BRA,MF,Cruzeiro,27,1996,25.3,64,2.53,42,16,0,3,1,2,4,0.16,3,1,0,0,0,0,Matches
406,Imanol Machuca,ar ARG,FW,Fortaleza,23,2000,7.5,36,4.76,20,8,5,2,1,0,0,0.00,0,0,0,0,0,0,Matches
407,Mádson,br BRA,"DF,MF",Ath Paranaense,31,1992,14.8,40,2.71,29,5,1,4,1,0,5,0.34,5,0,0,0,0,0,Matches
408,João Magno,br BRA,FW,Goiás,25,1997,10.9,20,1.83,11,1,0,5,3,0,4,0.37,1,0,0,2,1,0,Matches
409,Maguinho,br BRA,DF,Goiás,30,1993,31.7,47,1.48,35,1,2,1,6,2,4,0.13,2,0,0,0,2,0,Matches
410,Pablo Maia,br BRA,MF,São Paulo,21,2002,28.7,59,02.05,50,0,1,5,1,2,3,0.10,0,0,1,2,0,0,Matches
411,Thiago Maia,br BRA,MF,Flamengo,25,1997,23.3,33,1.41,30,1,0,1,0,1,2,0.09,2,0,0,0,0,0,Matches
412,Maicon,br BRA,DF,Santos,34,1988,0.5,0,0.00,0,0,0,0,0,0,0,0.00,0,0,0,0,0,0,Matches
413,Maicon,br BRA,DF,Vasco da Gama,34,1988,13.9,13,0.93,11,1,0,1,0,0,3,0.22,2,0,0,1,0,0,Matches
414,Iago Maidana,br BRA,DF,América (MG),26,1996,24.0,10,0.42,8,0,0,1,0,1,1,0.04,1,0,0,0,0,0,Matches
415,Hugo Mallo,es ESP,DF,Internacional,31,1991,3.6,3,0.83,2,0,0,1,0,0,0,0.00,0,0,0,0,0,0,Matches
416,Léo Mana,br BRA,DF,Corinthians,18,2004,1.5,1,0.67,1,0,0,0,0,0,0,0.00,0,0,0,0,0,0,Matches
417,Alef Manga,br BRA,"FW,MF",Coritiba,28,1994,8.9,40,4.48,26,1,7,5,1,0,7,0.78,4,0,3,0,0,0,Matches
418,Manoel,br BRA,DF,Fluminense,32,1990,3.2,0,0.00,0,0,0,0,0,0,0,0.00,0,0,0,0,0,0,Matches
419,Fernando Marçal,br BRA,DF,Botafogo (RJ),33,1989,18.1,51,2.82,21,28,0,1,0,1,7,0.39,3,4,0,0,0,0,Matches
420,Marcelo,br BRA,DF,Fluminense,34,1988,14.7,82,5.57,50,16,6,5,3,2,7,0.48,4,1,0,2,0,0,Matches
421,Marcelo,br BRA,DF,Fortaleza,27,1996,12.0,8,0.67,7,0,0,0,1,0,0,0.00,0,0,0,0,0,0,Matches
422,João Marcelo,br BRA,DF,Cruzeiro,22,2000,1.8,2,1.10,2,0,0,0,0,0,0,0.00,0,0,0,0,0,0,Matches
423,Marcinho,br BRA,DF,América (MG),26,1996,8.9,18,02.03,14,2,1,1,0,0,0,0.00,0,0,0,0,0,0,Matches
424,Erick Marcus,br BRA,"MF,FW",Vasco da Gama,18,2004,4.4,22,4.96,15,1,1,1,4,0,2,0.45,2,0,0,0,0,0,Matches
425,Mariano,br BRA,DF,Atlético Mineiro,36,1986,17.4,22,1.27,19,3,0,0,0,0,1,0.06,1,0,0,0,0,0,Matches
Rk,Player,Nation,Pos,Squad,Age,Born,90s,SCA,SCA90,PassLive,PassDead,TO,Sh,Fld,Def,GCA,GCA90,PassLive,PassDead,TO,Sh,Fld,Def,Matches
426,Marinho,br BRA,"FW,DF",Flamengo,32,1990,0.9,3,3.29,2,1,0,0,0,0,0,0.00,0,0,0,0,0,0,Matches
427,Marinho,br BRA,"FW,MF",Fortaleza,32,1990,12.7,48,3.78,25,8,6,2,7,0,4,0.31,1,0,0,0,3,0,Matches
428,Marlon,br BRA,DF,Cruzeiro,25,1997,35.5,94,2.65,75,16,1,0,0,2,4,0.11,4,0,0,0,0,0,Matches
429,Marlon,br BRA,DF,América (MG),28,1994,18.6,41,2.21,29,8,1,0,2,1,2,0.11,1,1,0,0,0,0,Matches
430,Marlon,br BRA,DF,Fluminense,27,1995,10.4,9,0.87,9,0,0,0,0,0,0,0.00,0,0,0,0,0,0,Matches
431,Igor Marques,br BRA,DF,Cruzeiro,24,1999,1.3,6,4.54,6,0,0,0,0,0,1,0.76,1,0,0,0,0,0,Matches
432,Renato Marques,br BRA,"FW,MF",América (MG),19,2003,5.7,9,1.57,8,0,1,0,0,0,2,0.35,2,0,0,0,0,0,Matches
433,Juan Martín Lucero,ar ARG,FW,Fortaleza,31,1991,23.0,49,2.13,30,1,2,7,9,0,2,0.09,1,0,0,0,1,0,Matches
434,Martinelli,br BRA,"MF,DF",Fluminense,21,2001,20.9,50,2.39,40,1,3,2,1,3,7,0.33,7,0,0,0,0,0,Matches
435,Andre Martins,br BRA,"FW,MF",Grêmio,21,2001,4.1,11,2.69,7,0,1,2,0,1,0,0.00,0,0,0,0,0,0,Matches
436,Gustavo Martins Santos,br BRA,"DF,MF",Grêmio,20,2002,7.7,4,0.52,3,0,0,0,1,0,1,0.13,1,0,0,0,0,0,Matches
437,Gonzalo Mastriani,uy URU,FW,América (MG),29,1993,19.9,33,1.66,25,0,0,2,6,0,3,0.15,3,0,0,0,0,0,Matches
438,Matheusinho,br BRA,"MF,FW",América (MG),24,1998,2.5,11,4.30,11,0,0,0,0,0,0,0.00,0,0,0,0,0,0,Matches
439,Matheusinho,br BRA,DF,Cuiabá,24,1998,4.8,11,2.29,7,1,0,1,2,0,0,0.00,0,0,0,0,0,0,Matches
440,Matheuzinho,br BRA,DF,Flamengo,22,2000,6.9,10,1.45,9,1,0,0,0,0,0,0.00,0,0,0,0,0,0,Matches
441,Mauricio,br BRA,"FW,MF",Internacional,21,2001,19.6,65,3.31,52,1,4,4,4,0,10,0.51,8,0,0,1,1,0,Matches
442,Maycon,br BRA,MF,Corinthians,25,1997,26.7,47,1.76,41,3,0,2,0,1,6,0.22,5,1,0,0,0,0,Matches
443,Mayke,br BRA,"DF,FW",Palmeiras,30,1992,27.8,74,2.67,69,2,2,1,0,0,8,0.29,8,0,0,0,0,0,Matches
444,Gary Medel,cl CHI,"DF,MF",Vasco da Gama,35,1987,19.2,16,0.84,14,1,0,0,1,0,0,0.00,0,0,0,0,0,0,Matches
445,Bruno Melo,br BRA,DF,Goiás,30,1992,32.1,31,0.97,23,1,0,5,2,0,4,0.12,3,0,0,0,1,0,Matches
446,Felipe Melo,br BRA,DF,Fluminense,39,1983,11.0,11,0.98,11,0,0,0,0,0,0,0.00,0,0,0,0,0,0,Matches
447,Darlan Mendes,br BRA,MF,Grêmio,24,1998,0.5,1,2.00,1,0,0,0,0,0,0,0.00,0,0,0,0,0,0,Matches
448,Matheus Mendes,br BRA,GK,Atlético Mineiro,23,1999,2.0,1,0.50,1,0,0,0,0,0,0,0.00,0,0,0,0,0,0,Matches
449,Nathan Mendes,br BRA,DF,São Paulo,20,2002,13.1,15,1.15,12,0,2,1,0,0,1,0.08,0,0,1,0,0,0,Matches
450,Vitor Mendes,br BRA,DF,Fluminense,23,1999,1.2,2,1.67,2,0,0,0,0,0,0,0.00,0,0,0,0,0,0,Matches
Rk,Player,Nation,Pos,Squad,Age,Born,90s,SCA,SCA90,PassLive,PassDead,TO,Sh,Fld,Def,GCA,GCA90,PassLive,PassDead,TO,Sh,Fld,Def,Matches
451,Bruno Méndez,uy URU,DF,Corinthians,23,1999,18.3,17,0.93,16,1,0,0,0,0,0,0.00,0,0,0,0,0,0,Matches
452,Jhegson Méndez,ec ECU,MF,São Paulo,25,1997,4.1,7,1.70,7,0,0,0,0,0,0,0.00,0,0,0,0,0,0,Matches
453,Óscar Méndez,uy URU,MF,América (MG),28,1994,2.9,1,0.35,1,0,0,0,0,0,0,0.00,0,0,0,0,0,0,Matches
454,Stiven Mendoza,co COL,"FW,MF",Santos,30,1992,18.6,46,2.48,34,1,1,1,8,1,5,0.27,4,0,0,0,1,0,Matches
455,Gabriel Menino,br BRA,MF,Palmeiras,22,2000,17.7,78,4.41,53,11,4,4,4,2,7,0.40,2,4,1,0,0,0,Matches
456,Gabriel Mercado,ar ARG,DF,Internacional,35,1987,24.2,8,0.33,6,0,0,1,1,0,1,0.04,1,0,0,0,0,0,Matches
457,Higor Meritão,br BRA,MF,Goiás,28,1994,2.5,1,0.40,1,0,0,0,0,0,0,0.00,0,0,0,0,0,0,Matches
458,Messias,br BRA,DF,Santos,28,1994,26.6,5,0.19,3,0,0,2,0,0,1,0.04,0,0,0,1,0,0,Matches
459,Bruno Mezenga,br BRA,"FW,MF",Santos,34,1988,1.9,2,01.07,1,0,0,1,0,0,0,0.00,0,0,0,0,0,0,Matches
460,Carlos Miguel,br BRA,GK,Corinthians,24,1998,1.2,0,0.00,0,0,0,0,0,0,0,0.00,0,0,0,0,0,0,Matches
461,Fernando Miguel,br BRA,GK,Fortaleza,37,1985,5.1,0,0.00,0,0,0,0,0,0,0,0.00,0,0,0,0,0,0,Matches
462,Mikael,br BRA,FW,América (MG),23,1999,1.7,6,3.51,3,0,3,0,0,0,0,0.00,0,0,0,0,0,0,Matches
463,Lucas Milla,br BRA,MF,Grêmio,20,2003,3.4,4,1.18,2,0,2,0,0,0,0,0.00,0,0,0,0,0,0,Matches
464,Mina,br BRA,DF,Goiás,19,2003,0.5,1,2.00,0,0,0,1,0,0,0,0.00,0,0,0,0,0,0,Matches
465,Lucas Mineiro,br BRA,MF,Cuiabá,26,1996,6.8,14,02.06,13,0,0,1,0,0,0,0.00,0,0,0,0,0,0,Matches
466,Vinicius Mingotti,br BRA,FW,Bahia,23,2000,7.3,12,1.64,9,0,0,2,1,0,1,0.14,0,0,0,1,0,0,Matches
467,Miranda,br BRA,DF,Vasco da Gama,23,2000,4.3,7,1.63,7,0,0,0,0,0,0,0.00,0,0,0,0,0,0,Matches
468,Moises,br BRA,"MF,FW",Fortaleza,26,1996,4.1,15,3.68,7,0,4,4,0,0,4,0.98,0,0,2,2,0,0,Matches
469,Rodrigo Moledo,br BRA,DF,Internacional,35,1987,5.3,5,0.94,4,1,0,0,0,0,0,0.00,0,0,0,0,0,0,Matches
470,Rafael Monteiro,br BRA,MF,Fluminense,18,2004,0.0,0,0.00,0,0,0,0,0,0,0,0.00,0,0,0,0,0,0,Matches
471,Júnior Moraes,ua UKR,DF,Corinthians,35,1987,0.0,0,0.00,0,0,0,0,0,0,0,0.00,0,0,0,0,0,0,Matches
472,João Moreira,pt POR,DF,São Paulo,18,2004,0.8,0,0.00,0,0,0,0,0,0,0,0.00,0,0,0,0,0,0,Matches
473,Everton Morelli,br BRA,MF,Goiás,25,1997,28.7,48,1.67,37,1,1,3,6,0,3,0.10,1,0,1,1,0,0,Matches
474,Alfredo Morelos,co COL,"FW,MF",Santos,26,1996,0.9,5,5.84,5,0,0,0,0,0,0,0.00,0,0,0,0,0,0,Matches
475,Marcelino Moreno,ar ARG,MF,Coritiba,28,1994,25.6,126,4.92,76,25,13,5,5,2,16,0.62,10,2,1,2,1,0,Matches
Rk,Player,Nation,Pos,Squad,Age,Born,90s,SCA,SCA90,PassLive,PassDead,TO,Sh,Fld,Def,GCA,GCA90,PassLive,PassDead,TO,Sh,Fld,Def,Matches
476,Gabriel Moscardo,br BRA,MF,Corinthians,17,2005,12.6,14,1.11,10,0,2,1,0,1,3,0.24,1,0,1,1,0,0,Matches
477,Henry Mosquera,co COL,"FW,MF",Bragantino,21,2001,11.8,58,4.92,38,0,11,6,3,0,7,0.59,3,0,2,2,0,0,Matches
478,Gustavo Mosquito,br BRA,"FW,MF",Corinthians,25,1997,3.4,7,02.05,6,0,1,0,0,0,0,0.00,0,0,0,0,0,0,Matches
479,Hugo Moura,br BRA,MF,Ath Paranaense,25,1998,14.7,11,0.74,10,0,0,0,0,1,0,0.00,0,0,0,0,0,0,Matches
480,Lucas Moura,br BRA,"FW,MF",São Paulo,30,1992,9.6,34,3.53,19,4,4,0,7,0,0,0.00,0,0,0,0,0,0,Matches
481,Neto Moura,br BRA,MF,Cruzeiro,26,1996,5.5,15,2.71,12,0,2,0,1,0,0,0.00,0,0,0,0,0,0,Matches
482,Lucas Mugni,ar ARG,"MF,FW",Bahia,31,1992,4.0,13,3.27,11,2,0,0,0,0,0,0.00,0,0,0,0,0,0,Matches
483,Murillo,br BRA,DF,Corinthians,20,2002,12.9,14,01.08,10,0,2,2,0,0,0,0.00,0,0,0,0,0,0,Matches
484,Andrey Ramos do Nascimento,br BRA,MF,Coritiba,24,1998,12.5,32,2.56,25,3,2,0,2,0,0,0.00,0,0,0,0,0,0,Matches
485,Bruno Nascimento,br BRA,"FW,MF",Cruzeiro,25,1997,31.3,119,3.80,76,9,15,8,11,0,8,0.26,4,0,3,0,1,0,Matches
486,Matheus Nascimento,br BRA,"FW,MF",Botafogo (RJ),18,2004,1.1,2,1.84,2,0,0,0,0,0,0,0.00,0,0,0,0,0,0,Matches
487,Nata,br BRA,"FW,DF",Grêmio,21,2001,0.2,0,0.00,0,0,0,0,0,0,0,0.00,0,0,0,0,0,0,Matches
488,Natan,br BRA,DF,Bragantino,21,2001,9.3,3,0.32,3,0,0,0,0,0,0,0.00,0,0,0,0,0,0,Matches
489,Natanael,br BRA,DF,Coritiba,21,2002,27.8,40,1.44,33,5,1,1,0,0,3,0.11,3,0,0,0,0,0,Matches
490,Nathan,br BRA,DF,Santos,21,2001,5.5,10,1.83,9,0,0,1,0,0,1,0.18,1,0,0,0,0,0,Matches
491,Nathan,br BRA,"MF,FW",Grêmio,26,1996,7.6,29,3.81,22,1,1,2,1,2,4,0.53,2,0,0,1,0,1,Matches
492,Rafael Navarro,br BRA,FW,Palmeiras,22,2000,1.4,5,3.60,5,0,0,0,0,0,0,0.00,0,0,0,0,0,0,Matches
493,Kaiky Naves,br BRA,"DF,FW",Palmeiras,20,2002,5.8,5,0.85,5,0,0,0,0,0,1,0.17,1,0,0,0,0,0,Matches
494,Felipe Negrucci,br BRA,MF,São Paulo,18,2004,0.2,1,6.00,1,0,0,0,0,0,0,0.00,0,0,0,0,0,0,Matches
495,Emerson Negueba,br BRA,FW,Cuiabá,22,2000,5.4,10,1.86,6,0,2,1,1,0,1,0.19,1,0,0,0,0,0,Matches
496,Neris,br BRA,DF,Cruzeiro,30,1992,23.5,14,0.60,12,0,0,2,0,0,2,0.09,1,0,0,1,0,0,Matches
497,Rodrigo Nestor,br BRA,"MF,FW",São Paulo,22,2000,16.1,56,3.48,38,1,10,3,3,1,3,0.19,1,0,1,1,0,0,Matches
498,João Neto,br BRA,"MF,DF",Fluminense,19,2003,0.6,1,1.73,1,0,0,0,0,0,1,1.73,1,0,0,0,0,0,Matches
499,Gabriel Neves,uy URU,MF,São Paulo,25,1997,10.7,25,2.33,23,1,0,0,0,1,3,0.28,3,0,0,0,0,0,Matches
500,Newton,br BRA,MF,Botafogo (RJ),22,2000,0.1,1,11.25,1,0,0,0,0,0,0,0.00,0,0,0,0,0,0,Matches
Rk,Player,Nation,Pos,Squad,Age,Born,90s,SCA,SCA90,PassLive,PassDead,TO,Sh,Fld,Def,GCA,GCA90,PassLive,PassDead,TO,Sh,Fld,Def,Matches
501,Nicolas,br BRA,DF,América (MG),25,1997,8.0,15,1.87,9,5,0,1,0,0,1,0.12,1,0,0,0,0,0,Matches
502,Nikão,br BRA,"FW,MF",Cruzeiro,30,1992,8.9,46,5.19,34,7,3,0,2,0,5,0.56,4,1,0,0,0,0,Matches
503,Nino,br BRA,DF,Fluminense,25,1997,23.9,24,1.00,18,0,0,4,1,1,0,0.00,0,0,0,0,0,0,Matches
504,Freddy Noguera,py PAR,FW,Grêmio,19,2004,0.3,0,0.00,0,0,0,0,0,0,0,0.00,0,0,0,0,0,0,Matches
505,Nonato,br BRA,MF,Santos,24,1998,7.3,14,1.91,9,0,1,0,3,1,0,0.00,0,0,0,0,0,0,Matches
506,Gabriel Novaes,br BRA,FW,Goiás,23,1999,1.1,1,0.95,0,0,0,1,0,0,0,0.00,0,0,0,0,0,0,Matches
507,Ruan Oliveira Ferreira,br BRA,"MF,FW",Corinthians,22,2000,9.8,30,03.05,17,7,3,1,1,1,3,0.31,2,0,0,0,1,0,Matches
508,Lucas Oliveira,br BRA,DF,Cruzeiro,26,1996,14.6,13,0.89,13,0,0,0,0,0,0,0.00,0,0,0,0,0,0,Matches
509,Pedro Oliveira,br BRA,"FW,MF",Goiás,18,2004,2.2,8,3.69,6,0,1,0,0,1,1,0.46,1,0,0,0,0,0,Matches
510,Cauly Oliveira Souza,br BRA,"MF,FW",Bahia,27,1995,28.3,171,06.05,111,29,18,8,2,3,17,0.60,13,2,1,1,0,0,Matches
511,Luca Orellano,ar ARG,"FW,MF",Vasco da Gama,22,2000,6.9,28,04.03,17,3,4,0,4,0,4,0.58,2,0,2,0,0,0,Matches
512,Leo Ortiz,br BRA,DF,Bragantino,27,1996,17.8,28,1.57,26,0,0,2,0,0,2,0.11,2,0,0,0,0,0,Matches
513,Otávio,br BRA,MF,Atlético Mineiro,28,1994,25.6,37,1.44,34,0,0,1,2,0,0,0.00,0,0,0,0,0,0,Matches
514,João Othavio Basso,br BRA,DF,Santos,26,1997,12.8,8,0.63,6,0,1,1,0,0,0,0.00,0,0,0,0,0,0,Matches
515,Luis Oyama,br BRA,MF,Goiás,26,1997,6.2,9,1.44,8,0,0,1,0,0,0,0.00,0,0,0,0,0,0,Matches
516,Pablinho,br BRA,FW,Cuiabá,19,2003,0.4,1,2.65,0,0,0,0,1,0,0,0.00,0,0,0,0,0,0,Matches
517,Pablo,br BRA,FW,Ath Paranaense,30,1992,15.5,43,2.77,31,1,3,8,0,0,3,0.19,2,0,0,1,0,0,Matches
518,Pablo,br BRA,DF,Flamengo,31,1991,4.7,1,0.21,1,0,0,0,0,0,0,0.00,0,0,0,0,0,0,Matches
519,Bruno Pacheco,br BRA,DF,Fortaleza,31,1991,29.7,59,1.99,39,10,1,2,6,1,7,0.24,5,1,0,1,0,0,Matches
520,Helibelton Palacios,co COL,DF,Cruzeiro,29,1993,7.0,6,0.86,5,0,0,1,0,0,0,0.00,0,0,0,0,0,0,Matches
521,Julián Palacios,ar ARG,"FW,MF",Goiás,23,1999,18.1,95,5.24,58,18,5,4,10,0,8,0.44,4,1,0,1,2,0,Matches
522,Nino Paraíba,br BRA,DF,América (MG),37,1986,2.2,8,3.64,7,0,1,0,0,0,0,0.00,0,0,0,0,0,0,Matches
523,Mateus Pasinato,br BRA,GK,América (MG),30,1992,10.0,1,0.10,1,0,0,0,0,0,0,0.00,0,0,0,0,0,0,Matches
524,Weslley Patati,br BRA,"FW,MF",Santos,19,2003,1.5,6,3.94,3,1,0,2,0,0,0,0.00,0,0,0,0,0,0,Matches
525,Alexandre Pato,br BRA,"FW,MF",São Paulo,33,1989,1.8,4,2.22,3,0,0,1,0,0,2,1.11,1,0,0,1,0,0,Matches
Rk,Player,Nation,Pos,Squad,Age,Born,90s,SCA,SCA90,PassLive,PassDead,TO,Sh,Fld,Def,GCA,GCA90,PassLive,PassDead,TO,Sh,Fld,Def,Matches
526,Patrick,br BRA,"MF,FW",Atlético Mineiro,30,1992,6.2,14,2.26,6,1,3,0,3,1,1,0.16,0,0,0,0,1,0,Matches
527,Alan Patrick,br BRA,"MF,FW",Internacional,31,1991,27.2,112,4.11,81,17,6,2,3,3,11,0.40,8,1,0,1,1,0,Matches
528,Luan Patrick,br BRA,DF,Bragantino,21,2002,12.4,11,0.89,9,0,0,1,0,1,1,0.08,1,0,0,0,0,0,Matches
529,Patryck,br BRA,DF,São Paulo,20,2003,4.2,6,1.44,3,1,1,0,1,0,0,0.00,0,0,0,0,0,0,Matches
530,Giuliano de Paula,br BRA,"MF,FW",Corinthians,32,1990,18.1,40,2.21,35,1,0,3,1,0,3,0.17,3,0,0,0,0,0,Matches
531,Jair Paula,br BRA,DF,Santos,17,2005,0.4,1,2.81,1,0,0,0,0,0,0,0.00,0,0,0,0,0,0,Matches
532,Paulinho,br BRA,DF,América (MG),18,2004,0.3,0,0.00,0,0,0,0,0,0,0,0.00,0,0,0,0,0,0,Matches
533,Paulinho,br BRA,"FW,MF",Atlético Mineiro,22,2000,33.2,81,2.44,73,0,2,4,2,0,8,0.24,8,0,0,0,0,0,Matches
534,Paulinho,br BRA,MF,Vasco da Gama,26,1997,18.2,62,3.32,45,7,6,2,2,0,6,0.32,3,1,2,0,0,0,Matches
535,Paulinho,br BRA,DF,Vasco da Gama,17,2005,0.5,,,,,,,,,,,,,,,,,Matches
536,Paulinho,br BRA,"MF,FW",Corinthians,34,1988,1.6,6,3.65,4,0,1,1,0,0,0,0.00,0,0,0,0,0,0,Matches
537,Caio Paulista,br BRA,DF,São Paulo,24,1998,23.1,64,2.77,44,2,17,0,1,0,9,0.39,5,1,2,0,1,0,Matches
538,Wellington Paulista,br BRA,FW,América (MG),38,1984,2.5,7,2.78,4,0,1,2,0,0,1,0.40,0,0,0,1,0,0,Matches
539,João Paulo,br BRA,GK,Santos,27,1995,35.7,9,0.25,5,4,0,0,0,0,1,0.03,0,1,0,0,0,0,Matches
540,Marcos Paulo,br BRA,"FW,MF",São Paulo,21,2001,5.9,35,5.95,22,3,5,3,0,2,2,0.34,1,0,1,0,0,0,Matches
541,Cristian Pavón,ar ARG,"FW,MF",Atlético Mineiro,27,1996,21.5,84,3.89,58,5,9,6,5,1,11,0.51,10,0,1,0,0,0,Matches
542,Dimitri Payet,fr FRA,"MF,FW",Vasco da Gama,35,1987,8.9,34,3.83,25,6,1,1,1,0,4,0.45,3,1,0,0,0,0,Matches
543,Pedrinho,br BRA,"FW,MF",América (MG),23,1999,4.6,12,2.63,10,0,1,0,1,0,1,0.22,0,0,0,0,1,0,Matches
544,Pedrinho,br BRA,"DF,MF",Ath Paranaense,20,2002,4.0,3,0.75,3,0,0,0,0,0,0,0.00,0,0,0,0,0,0,Matches
545,Pedrinho,br BRA,"MF,FW",Atlético Mineiro,24,1998,7.0,37,5.29,32,0,2,0,3,0,4,0.57,3,0,0,0,1,0,Matches
546,Pedrinho,br BRA,FW,Flamengo,19,2003,0.2,1,4.74,1,0,0,0,0,0,0,0.00,0,0,0,0,0,0,Matches
547,Pedro,br BRA,FW,Flamengo,25,1997,23.9,47,1.97,33,0,2,8,3,1,5,0.21,5,0,0,0,0,0,Matches
548,João Pedro,br BRA,FW,Cruzeiro,19,2003,0.1,0,0.00,0,0,0,0,0,0,0,0.00,0,0,0,0,0,0,Matches
549,João Pedro,it ITA,FW,Grêmio,30,1992,6.8,10,1.46,5,0,1,1,1,2,3,0.44,2,0,0,1,0,0,Matches
550,João Pedro,br BRA,DF,Grêmio,26,1996,23.1,45,1.95,34,6,4,0,1,0,2,0.09,2,0,0,0,0,0,Matches
Rk,Player,Nation,Pos,Squad,Age,Born,90s,SCA,SCA90,PassLive,PassDead,TO,Sh,Fld,Def,GCA,GCA90,PassLive,PassDead,TO,Sh,Fld,Def,Matches
551,João Pedro Pepê,br BRA,MF,Grêmio,25,1998,15.5,27,1.74,24,0,1,0,2,0,4,0.26,4,0,0,0,0,0,Matches
552,Jean Pedroso,br BRA,DF,Coritiba,19,2004,6.5,6,0.92,5,1,0,0,0,0,0,0.00,0,0,0,0,0,0,Matches
553,Matheus Peixoto,br BRA,FW,Goiás,27,1995,9.8,15,1.54,9,0,1,3,0,2,2,0.20,1,0,0,1,0,0,Matches
554,Léo Pelé,br BRA,DF,Vasco da Gama,26,1996,30.2,29,0.96,27,0,1,0,1,0,1,0.03,1,0,0,0,0,0,Matches
555,Carlos de Pena,uy URU,"MF,FW",Internacional,30,1992,15.8,37,2.34,24,6,0,7,0,0,1,0.06,1,0,0,0,0,0,Matches
556,Léo Pereira,br BRA,DF,Flamengo,27,1996,29.4,29,0.99,27,0,0,2,0,0,2,0.07,1,0,0,1,0,0,Matches
557,Matheus Pereira,pt POR,"FW,MF",Cruzeiro,26,1996,11.4,41,3.61,29,7,0,3,2,0,3,0.26,3,0,0,0,0,0,Matches
558,Bruno Peres,br BRA,"DF,MF",Ath Paranaense,32,1990,1.7,1,0.57,1,0,0,0,0,0,0,0.00,0,0,0,0,0,0,Matches
559,Lucas Perri,br BRA,GK,Botafogo (RJ),25,1997,37.5,4,0.11,4,0,0,0,0,0,0,0.00,0,0,0,0,0,0,Matches
560,Lucas Piazon,br BRA,FW,Botafogo (RJ),29,1994,0.2,0,0.00,0,0,0,0,0,0,0,0.00,0,0,0,0,0,0,Matches
561,Yago Pikachu,br BRA,"FW,MF",Fortaleza,30,1992,19.5,68,3.49,48,5,4,7,4,0,4,0.21,1,0,2,1,0,0,Matches
562,Rodrigo Pinho,br BRA,FW,Coritiba,31,1991,4.3,11,2.57,4,0,0,3,4,0,0,0.00,0,0,0,0,0,0,Matches
563,Joaquín Piquerez,uy URU,DF,Palmeiras,24,1998,28.1,69,2.46,48,9,4,5,1,2,9,0.32,7,0,0,1,1,0,Matches
564,Gabriel Pirani,br BRA,"MF,FW",Fluminense,20,2002,4.4,7,1.59,5,0,1,0,1,0,1,0.23,1,0,0,0,0,0,Matches
565,Rafael Pires,br BRA,GK,São Paulo,33,1989,33.0,1,0.03,1,0,0,0,0,0,0,0.00,0,0,0,0,0,0,Matches
566,Lucas Piton,br BRA,DF,Vasco da Gama,22,2000,36.5,105,2.88,83,12,8,2,0,0,6,0.16,5,0,0,1,0,0,Matches
567,Isidro Pitta,py PAR,FW,Cuiabá,23,1999,9.1,26,2.84,18,0,2,1,5,0,3,0.33,3,0,0,0,0,0,Matches
568,Tomas Pochettino,ar ARG,"MF,FW",Fortaleza,26,1996,22.1,74,3.34,52,13,1,3,3,2,4,0.18,4,0,0,0,0,0,Matches
569,Luan Polli,br BRA,GK,Coritiba,29,1993,4.3,1,0.23,0,1,0,0,0,0,0,0.00,0,0,0,0,0,0,Matches
570,Wesley Pombo,br BRA,MF,Coritiba,20,2002,0.6,3,5.40,3,0,0,0,0,0,0,0.00,0,0,0,0,0,0,Matches
571,Mateo Ponte,uy URU,DF,Botafogo (RJ),19,2003,0.2,0,0.00,0,0,0,0,0,0,0,0.00,0,0,0,0,0,0,Matches
572,William Pottker,br BRA,"FW,MF",Coritiba,29,1993,1.3,1,0.78,0,1,0,0,0,0,0,0.00,0,0,0,0,0,0,Matches
573,Bruno Praxedes,br BRA,MF,Vasco da Gama,20,2002,14.9,26,1.75,19,0,1,5,1,0,3,0.20,3,0,0,0,0,0,Matches
574,Bruno Praxedes,br BRA,MF,Bragantino,20,2002,0.1,0,0.00,0,0,0,0,0,0,0,0.00,0,0,0,0,0,0,Matches
575,Erick Pulgar,cl CHI,MF,Flamengo,29,1994,22.2,36,1.62,33,0,0,2,1,0,4,0.18,4,0,0,0,0,0,Matches
Rk,Player,Nation,Pos,Squad,Age,Born,90s,SCA,SCA90,PassLive,PassDead,TO,Sh,Fld,Def,GCA,GCA90,PassLive,PassDead,TO,Sh,Fld,Def,Matches
576,Nicolás Quagliata,uy URU,"FW,MF",Cuiabá,23,1999,2.6,13,4.98,8,2,0,3,0,0,0,0.00,0,0,0,0,0,0,Matches
577,Du Queiroz,br BRA,"MF,DF",Corinthians,23,2000,2.0,3,1.53,2,0,0,0,0,1,0,0.00,0,0,0,0,0,0,Matches
578,Yani Quintero,co COL,MF,Bragantino,20,2002,1.1,0,0.00,0,0,0,0,0,0,0,0.00,0,0,0,0,0,0,Matches
579,Igor Rabello,br BRA,DF,Atlético Mineiro,27,1995,7.7,5,0.65,5,0,0,0,0,0,0,0.00,0,0,0,0,0,0,Matches
580,Rafael,br BRA,DF,Botafogo (RJ),32,1990,5.4,7,1.31,6,1,0,0,0,0,0,0.00,0,0,0,0,0,0,Matches
581,Zé Rafael,br BRA,MF,Palmeiras,29,1993,28.5,65,2.28,49,1,2,5,7,1,6,0.21,4,0,0,1,1,0,Matches
582,Rafinha,br BRA,DF,São Paulo,37,1985,22.5,55,2.44,49,5,0,0,1,0,2,0.09,2,0,0,0,0,0,Matches
583,Rai,br BRA,MF,Botafogo (RJ),20,2002,0.0,0,0.00,0,0,0,0,0,0,0,0.00,0,0,0,0,0,0,Matches
584,Eric Ramires,br BRA,MF,Bragantino,22,2000,15.3,47,03.07,38,1,1,5,2,0,5,0.33,4,0,0,1,0,0,Matches
585,Lucas Ramos,br BRA,FW,Internacional,22,2001,0.0,0,0.00,0,0,0,0,0,0,0,0.00,0,0,0,0,0,0,Matches
586,Raí Ramos,br BRA,DF,São Paulo,28,1994,3.1,4,1.28,3,1,0,0,0,0,0,0.00,0,0,0,0,0,0,Matches
587,Marcelo Rangel,br BRA,GK,Goiás,34,1988,3.0,0,0.00,0,0,0,0,0,0,0,0.00,0,0,0,0,0,0,Matches
588,Pedro Rangel,br BRA,GK,Fluminense,22,2000,2.0,0,0.00,0,0,0,0,0,0,0,0.00,0,0,0,0,0,0,Matches
589,Raniele,br BRA,"MF,DF",Cuiabá,26,1996,32.1,41,1.28,27,0,0,4,6,4,5,0.16,1,0,0,2,2,0,Matches
590,Rafael Ratão,br BRA,"FW,MF",Bahia,27,1995,8.7,23,2.66,18,0,1,4,0,0,4,0.46,1,0,0,3,0,0,Matches
591,Wellington Rato,br BRA,"FW,MF",São Paulo,30,1992,19.6,87,4.44,49,25,5,7,0,1,7,0.36,5,2,0,0,0,0,Matches
592,Raul,br BRA,"MF,DF",Bragantino,26,1996,1.2,2,1.68,2,0,0,0,0,0,0,0.00,0,0,0,0,0,0,Matches
593,Pedro Raul,br BRA,FW,Vasco da Gama,26,1996,9.3,17,1.83,12,0,0,3,2,0,1,0.11,0,0,0,1,0,0,Matches
594,Leonardo Realpe,ec ECU,DF,Bragantino,21,2001,18.7,14,0.75,12,0,0,2,0,0,1,0.05,0,0,0,1,0,0,Matches
595,Reinaldo,br BRA,FW,Ath Paranaense,21,2001,0.2,0,0.00,0,0,0,0,0,0,0,0.00,0,0,0,0,0,0,Matches
596,Reinaldo,br BRA,DF,Grêmio,33,1989,29.8,109,3.66,50,44,7,4,4,0,12,0.40,5,5,0,1,1,0,Matches
597,Renê,br BRA,DF,Internacional,30,1992,25.4,68,2.68,58,5,2,1,0,2,8,0.32,6,1,0,0,0,1,Matches
598,Réver,br BRA,"DF,FW",Atlético Mineiro,38,1985,1.3,0,0.00,0,0,0,0,0,0,0,0.00,0,0,0,0,0,0,Matches
599,Rezende,br BRA,"MF,DF",Bahia,28,1995,30.1,41,1.36,34,0,0,5,1,1,6,0.20,4,0,0,1,0,1,Matches
600,Everton Ribeiro,br BRA,"FW,MF",Flamengo,33,1989,16.4,63,3.84,49,10,0,1,1,2,8,0.49,5,2,0,0,1,0,Matches
Rk,Player,Nation,Pos,Squad,Age,Born,90s,SCA,SCA90,PassLive,PassDead,TO,Sh,Fld,Def,GCA,GCA90,PassLive,PassDead,TO,Sh,Fld,Def,Matches
601,Wesley Ribeiro,br BRA,"FW,MF",Corinthians,17,2005,9.6,35,3.65,23,1,10,0,1,0,4,0.42,2,0,1,0,1,0,Matches
602,João Ricardo Riedi,br BRA,GK,Fortaleza,34,1988,31.9,4,0.13,2,2,0,0,0,0,0,0.00,0,0,0,0,0,0,Matches
603,Zé Ricardo,br BRA,MF,Goiás,23,1999,11.9,39,3.28,30,0,4,1,3,1,2,0.17,2,0,0,0,0,0,Matches
604,Richard,br BRA,MF,Cruzeiro,28,1994,3.8,6,1.57,5,0,0,1,0,0,0,0.00,0,0,0,0,0,0,Matches
605,Rikelme,br BRA,DF,Cuiabá,19,2003,26.0,47,1.81,35,5,0,6,1,0,5,0.19,4,0,0,1,0,0,Matches
606,Tomás Rincón,ve VEN,MF,Santos,35,1988,13.2,24,1.82,19,1,1,3,0,0,4,0.30,3,0,0,1,0,0,Matches
607,Richard Ríos,co COL,MF,Palmeiras,22,2000,20.6,50,2.43,33,2,6,4,4,1,2,0.10,1,0,0,1,0,0,Matches
608,Robert,br BRA,"MF,FW",Cruzeiro,17,2005,2.1,2,0.97,1,0,1,0,0,0,0,0.00,0,0,0,0,0,0,Matches
609,Zé Roberto,br BRA,"FW,MF",Coritiba,29,1993,5.8,12,02.07,10,0,0,0,1,1,1,0.17,1,0,0,0,0,0,Matches
610,Robson,br BRA,"MF,FW",Coritiba,31,1991,26.1,59,2.26,42,2,2,4,9,0,11,0.42,6,1,0,1,3,0,Matches
611,Kaique Rocha,br BRA,DF,Ath Paranaense,21,2001,7.2,3,0.42,3,0,0,0,0,0,0,0.00,0,0,0,0,0,0,Matches
612,Marcos Rocha,br BRA,DF,Palmeiras,34,1988,14.0,50,3.56,40,8,1,0,0,1,3,0.21,3,0,0,0,0,0,Matches
613,Pedro Rocha Neves,br BRA,FW,Fortaleza,28,1994,0.4,2,5.29,1,0,0,0,1,0,0,0.00,0,0,0,0,0,0,Matches
614,Sergio Rochet,uy URU,GK,Internacional,29,1993,19.0,2,0.11,0,2,0,0,0,0,0,0.00,0,0,0,0,0,0,Matches
615,Rodrigo,br BRA,"MF,FW",São Paulo,18,2004,2.6,5,1.94,5,0,0,0,0,0,1,0.39,1,0,0,0,0,0,Matches
616,James Rodríguez,co COL,"MF,FW",São Paulo,31,1991,7.1,32,4.54,21,6,1,4,0,0,3,0.43,1,1,0,1,0,0,Matches
617,Rodriguinho,br BRA,"DF,MF",América (MG),19,2003,13.9,30,2.17,22,7,1,0,0,0,3,0.22,3,0,0,0,0,0,Matches
618,Matías Rojas,py PAR,"MF,FW",Corinthians,27,1995,7.0,22,3.12,11,8,1,2,0,0,3,0.43,0,2,0,1,0,0,Matches
619,Romarinho,br BRA,"FW,MF",Fortaleza,28,1994,3.2,19,5.94,14,0,3,1,1,0,1,0.31,1,0,0,0,0,0,Matches
620,Ángel Romero,py PAR,FW,Corinthians,30,1992,13.3,43,3.24,35,0,5,2,1,0,2,0.15,2,0,0,0,0,0,Matches
621,Silvio Romero,ar ARG,FW,Fortaleza,34,1988,4.4,14,3.17,11,0,0,1,2,0,2,0.45,2,0,0,0,0,0,Matches
622,Rômulo,br BRA,"FW,MF",Ath Paranaense,20,2002,5.7,11,1.95,6,0,3,0,2,0,1,0.18,0,0,0,0,1,0,Matches
623,Romulo,br BRA,"MF,DF",Internacional,22,2000,13.5,14,01.04,11,0,0,0,2,1,0,0.00,0,0,0,0,0,0,Matches
624,Ronald,br BRA,MF,Grêmio,19,2003,4.6,9,1.94,9,0,0,0,0,0,0,0.00,0,0,0,0,0,0,Matches
625,Ronald,br BRA,MF,Cuiabá,25,1997,6.5,19,2.92,14,2,1,0,1,1,2,0.31,2,0,0,0,0,0,Matches
Rk,Player,Nation,Pos,Squad,Age,Born,90s,SCA,SCA90,PassLive,PassDead,TO,Sh,Fld,Def,GCA,GCA90,PassLive,PassDead,TO,Sh,Fld,Def,Matches
626,Budiga Roni,br BRA,MF,Corinthians,23,1999,7.5,12,1.60,12,0,0,0,0,0,1,0.13,1,0,0,0,0,0,Matches
627,Lucas Ronier,br BRA,"FW,MF",Coritiba,18,2004,0.6,2,3.27,2,0,0,0,0,0,0,0.00,0,0,0,0,0,0,Matches
628,Rony,br BRA,FW,Palmeiras,27,1995,18.2,47,2.58,31,2,2,7,4,1,5,0.27,1,0,0,2,2,0,Matches
629,Vitor Roque,br BRA,FW,Ath Paranaense,17,2005,19.0,62,3.26,32,0,10,7,12,1,8,0.42,5,0,0,2,1,0,Matches
630,Diego Rosa,br BRA,"MF,DF",Bahia,20,2002,2.7,3,1.10,1,0,0,1,0,1,0,0.00,0,0,0,0,0,0,Matches
631,Rossi,br BRA,"MF,FW",Vasco da Gama,29,1993,4.4,24,05.07,17,5,1,0,1,0,7,1.48,5,1,1,0,0,0,Matches
632,Agustín Rossi,ar ARG,GK,Flamengo,27,1995,15.0,1,0.07,0,1,0,0,0,0,1,0.07,0,1,0,0,0,0,Matches
633,Rubens,br BRA,"DF,MF",Atlético Mineiro,21,2001,15.0,24,1.60,17,1,3,1,1,1,2,0.13,2,0,0,0,0,0,Matches
634,Daniel Ruiz Rivera,co COL,"FW,MF",Santos,21,2001,2.7,16,5.83,7,8,0,1,0,0,1,0.36,1,0,0,0,0,0,Matches
635,Rwan,br BRA,"MF,FW",Vasco da Gama,21,2001,0.4,2,5.29,2,0,0,0,0,0,0,0.00,0,0,0,0,0,0,Matches
636,João Victor Santos Sá,br BRA,FW,Botafogo (RJ),28,1994,23.6,72,03.05,54,1,8,3,5,1,11,0.47,5,1,2,1,2,0,Matches
637,Arthur Sales,br BRA,"FW,MF",Bahia,20,2002,3.2,8,2.47,5,0,0,2,1,0,1,0.31,0,0,0,0,1,0,Matches
638,Andreas Samaris,gr GRE,MF,Coritiba,33,1989,2.0,1,0.49,1,0,0,0,0,0,0,0.00,0,0,0,0,0,0,Matches
639,Philipe Sampaio,br BRA,DF,Botafogo (RJ),28,1994,5.5,1,0.18,1,0,0,0,0,0,0,0.00,0,0,0,0,0,0,Matches
640,Sander,br BRA,DF,Goiás,32,1990,17.1,43,2.51,28,13,1,1,0,0,4,0.23,2,2,0,0,0,0,Matches
641,Sandry,br BRA,MF,Santos,20,2002,2.1,3,1.42,2,1,0,0,0,0,0,0.00,0,0,0,0,0,0,Matches
642,Alex Santana,br BRA,MF,Ath Paranaense,27,1995,11.1,25,2.25,21,0,2,2,0,0,0,0.00,0,0,0,0,0,0,Matches
643,Santos,br BRA,GK,Flamengo,32,1990,5.4,0,0.00,0,0,0,0,0,0,0,0.00,0,0,0,0,0,0,Matches
644,Ademir Santos,br BRA,"FW,MF",Bahia,27,1995,19.3,69,3.57,40,7,9,3,9,1,5,0.26,2,0,1,0,2,0,Matches
645,Allyson Aires dos Santos,br BRA,DF,Cuiabá,32,1990,12.6,3,0.24,3,0,0,0,0,0,0,0.00,0,0,0,0,0,0,Matches
646,Andrey Santos,br BRA,MF,Vasco da Gama,18,2004,4.7,8,1.71,5,0,0,1,1,1,0,0.00,0,0,0,0,0,0,Matches
647,Bruno Araújo dos Santos,br BRA,DF,Goiás,29,1993,5.0,11,2.18,7,0,1,2,1,0,1,0.20,1,0,0,0,0,0,Matches
648,Eduardo Santos,br BRA,DF,Bragantino,25,1997,11.3,4,0.35,2,0,0,2,0,0,1,0.09,1,0,0,0,0,0,Matches
649,Fábio Santos,br BRA,DF,Corinthians,37,1985,18.6,27,1.45,19,5,0,1,1,1,3,0.16,2,0,0,1,0,0,Matches
650,Juan Santos,br BRA,FW,São Paulo,20,2002,14.2,44,3.10,33,0,4,1,4,2,4,0.28,2,0,0,0,1,1,Matches
Rk,Player,Nation,Pos,Squad,Age,Born,90s,SCA,SCA90,PassLive,PassDead,TO,Sh,Fld,Def,GCA,GCA90,PassLive,PassDead,TO,Sh,Fld,Def,Matches
651,Júnior Santos,br BRA,FW,Botafogo (RJ),28,1994,24.0,74,03.08,42,1,16,8,7,0,7,0.29,2,0,2,1,2,0,Matches
652,Kauan Santos,br BRA,FW,Palmeiras,18,2004,0.0,0,0.00,0,0,0,0,0,0,0,0.00,0,0,0,0,0,0,Matches
653,Luis Eduardo Marques dos Santos,br BRA,DF,Fortaleza,25,1997,4.3,9,2.10,8,0,1,0,0,0,1,0.23,0,0,1,0,0,0,Matches
654,Matheus Santos,br BRA,"FW,MF",Goiás,24,1998,2.2,5,2.30,2,0,2,0,1,0,0,0.00,0,0,0,0,0,0,Matches
655,Pedrinho Santos,br BRA,"FW,MF",Corinthians,16,2006,6.9,19,2.77,13,0,2,0,4,0,1,0.15,1,0,0,0,0,0,Matches
656,Renzo Saravia,ar ARG,DF,Atlético Mineiro,29,1993,19.0,37,1.95,23,5,2,2,3,2,6,0.32,4,0,0,0,1,1,Matches
657,Eduardo Sasha,br BRA,"FW,MF",Bragantino,30,1992,24.8,86,3.47,71,0,4,8,3,0,7,0.28,6,0,1,0,0,0,Matches
658,Lucas Sasha,br BRA,MF,Fortaleza,32,1990,11.3,25,2.21,22,0,0,1,1,1,2,0.18,2,0,0,0,0,0,Matches
659,Gustavo Sauer,br BRA,"FW,MF",Botafogo (RJ),29,1993,2.9,12,4.17,8,2,1,0,1,0,2,0.69,0,1,0,0,1,0,Matches
660,Cleiton Schwengber,br BRA,GK,Bragantino,25,1997,33.0,2,0.06,2,0,0,0,0,0,1,0.03,1,0,0,0,0,0,Matches
661,Luis Segovia,ec ECU,DF,Botafogo (RJ),25,1997,1.1,0,0.00,0,0,0,0,0,0,0,0.00,0,0,0,0,0,0,Matches
662,Matias Segovia,py PAR,FW,Botafogo (RJ),20,2003,7.2,31,4.29,26,1,2,1,1,0,3,0.42,3,0,0,0,0,0,Matches
663,Sidimar,br BRA,DF,Goiás,30,1992,11.2,9,0.80,6,1,0,2,0,0,1,0.09,1,0,0,0,0,0,Matches
664,Aderlan Silva,br BRA,DF,Bragantino,32,1990,15.8,42,2.66,31,4,1,3,1,2,2,0.13,1,0,0,1,0,0,Matches
665,Gabriel Silva,br BRA,"FW,MF",Coritiba,20,2002,1.0,1,0.99,1,0,0,0,0,0,0,0.00,0,0,0,0,0,0,Matches
666,Lucas Silva,br BRA,MF,Cruzeiro,29,1993,16.4,86,5.26,56,25,3,1,1,0,4,0.24,2,1,1,0,0,0,Matches
667,Lucas Silva,br BRA,MF,Grêmio,29,1993,2.5,3,1.22,3,0,0,0,0,0,0,0.00,0,0,0,0,0,0,Matches
668,Nathan Silva,br BRA,DF,Atlético Mineiro,25,1997,4.0,3,0.75,3,0,0,0,0,0,1,0.25,1,0,0,0,0,0,Matches
669,Ricardo Silva,br BRA,DF,América (MG),30,1992,17.9,9,0.50,8,0,1,0,0,0,0,0.00,0,0,0,0,0,0,Matches
670,Wellington Silva,br BRA,FW,Cuiabá,30,1993,14.8,64,4.31,47,0,6,3,8,0,4,0.27,2,0,1,0,1,0,Matches
671,Maximiliano Silvera,uy URU,"MF,FW",Santos,25,1997,5.0,11,2.21,7,0,1,2,1,0,1,0.20,1,0,0,0,0,0,Matches
672,Simioni,br BRA,MF,Goiás,19,2003,0.5,0,0.00,0,0,0,0,0,0,0,0.00,0,0,0,0,0,0,Matches
673,Jailson Siqueira,br BRA,"MF,DF",Palmeiras,27,1995,1.8,7,3.89,7,0,0,0,0,0,2,1.11,2,0,0,0,0,0,Matches
674,Islam Slimani,dz ALG,FW,Coritiba,34,1988,9.1,15,1.65,10,0,0,3,2,0,2,0.22,2,0,0,0,0,0,Matches
675,Everton Soares,br BRA,"FW,MF",Flamengo,26,1996,19.3,93,4.81,58,7,19,5,2,2,12,0.62,7,1,3,0,1,0,Matches
Rk,Player,Nation,Pos,Squad,Age,Born,90s,SCA,SCA90,PassLive,PassDead,TO,Sh,Fld,Def,GCA,GCA90,PassLive,PassDead,TO,Sh,Fld,Def,Matches
676,Tiquinho Soares,br BRA,FW,Botafogo (RJ),32,1991,27.1,80,2.96,46,2,5,15,10,2,10,0.37,5,0,0,5,0,0,Matches
677,Fernando Sobral,br BRA,MF,Cuiabá,28,1994,21.1,58,2.74,35,6,7,1,6,3,4,0.19,3,0,1,0,0,0,Matches
678,Yeferson Soteldo,ve VEN,"FW,MF",Santos,25,1997,17.3,105,06.07,60,14,11,6,14,0,11,0.64,7,2,0,0,2,0,Matches
679,Yago Souza,br BRA,MF,América (MG),16,2006,0.2,0,0.00,0,0,0,0,0,0,0,0.00,0,0,0,0,0,0,Matches
680,Everaldo Stum,br BRA,FW,Bahia,31,1991,24.2,57,2.36,42,0,4,9,2,0,5,0.21,3,0,1,1,0,0,Matches
681,Luis Suárez,uy URU,FW,Grêmio,36,1987,32.0,136,4.25,94,2,14,15,11,0,24,0.75,19,0,2,1,2,0,Matches
682,Bruno Tabata,br BRA,"MF,FW",Palmeiras,25,1997,1.4,4,2.93,4,0,0,0,0,0,0,0.00,0,0,0,0,0,0,Matches
683,Tadeu,br BRA,GK,Goiás,30,1992,35.0,10,0.29,8,2,0,0,0,0,1,0.03,1,0,0,0,0,0,Matches
684,Talisson,br BRA,FW,Bragantino,20,2002,1.7,5,2.98,0,0,3,0,2,0,1,0.60,0,0,1,0,0,0,Matches
685,Tchê Tchê,br BRA,"MF,DF",Botafogo (RJ),30,1992,29.5,93,3.15,66,8,7,6,6,0,10,0.34,8,1,1,0,0,0,Matches
686,Alex Teixeira,br BRA,"FW,MF",Vasco da Gama,33,1990,12.6,32,2.54,22,5,0,3,2,0,3,0.24,2,0,0,1,0,0,Matches
687,David Terans,uy URU,"MF,FW",Ath Paranaense,28,1994,4.4,15,3.44,9,4,0,1,1,0,0,0.00,0,0,0,0,0,0,Matches
688,Miguel Terceros,bo BOL,"MF,FW",Santos,18,2004,0.4,2,5.29,1,1,0,0,0,0,0,0.00,0,0,0,0,0,0,Matches
689,Thaciano,br BRA,"MF,FW",Bahia,27,1995,32.1,64,1.99,49,1,6,6,1,1,9,0.28,8,0,1,0,0,0,Matches
690,Thiago,br BRA,"FW,MF",Ath Paranaense,22,2000,2.5,9,3.60,9,0,0,0,0,0,1,0.40,1,0,0,0,0,0,Matches
691,Guilherme Tinga,br BRA,DF,Fortaleza,29,1993,28.7,69,2.40,57,9,0,2,0,1,4,0.14,4,0,0,0,0,0,Matches
692,Titi,br BRA,DF,Fortaleza,34,1988,31.6,25,0.79,21,1,0,1,0,2,3,0.09,1,1,0,0,0,1,Matches
693,Stênio Toledo,br BRA,"FW,MF",Cruzeiro,19,2003,3.2,13,04.01,11,0,1,0,1,0,1,0.31,1,0,0,0,0,0,Matches
694,Uendel,br BRA,DF,Cuiabá,34,1988,4.0,3,0.76,3,0,0,0,0,0,0,0.00,0,0,0,0,0,0,Matches
695,Júnior Urso,br BRA,MF,Coritiba,33,1989,3.3,4,1.20,2,0,1,1,0,0,0,0.00,0,0,0,0,0,0,Matches
696,Bruno Uvini,br BRA,DF,Grêmio,31,1991,16.1,6,0.37,3,0,0,2,0,1,0,0.00,0,0,0,0,0,0,Matches
697,Enner Valencia,ec ECU,FW,Internacional,33,1989,16.0,39,2.44,21,0,4,9,5,0,5,0.31,2,0,0,2,1,0,Matches
698,Vanderlan,br BRA,DF,Palmeiras,20,2002,10.1,19,1.88,13,1,4,1,0,0,3,0.30,2,0,1,0,0,0,Matches
699,Rodrigo Varanda,br BRA,"FW,MF",América (MG),20,2003,5.7,25,4.35,19,0,2,3,0,1,5,0.87,5,0,0,0,0,0,Matches
700,Guillermo Varela,uy URU,DF,Flamengo,29,1993,2.6,3,1.16,3,0,0,0,0,0,0,0.00,0,0,0,0,0,0,Matches
Rk,Player,Nation,Pos,Squad,Age,Born,90s,SCA,SCA90,PassLive,PassDead,TO,Sh,Fld,Def,GCA,GCA90,PassLive,PassDead,TO,Sh,Fld,Def,Matches
701,Eduardo Vargas,cl CHI,FW,Atlético Mineiro,33,1989,5.2,17,3.25,15,0,1,0,1,0,2,0.38,1,0,0,0,1,0,Matches
702,Pablo Vegetti,ar ARG,FW,Vasco da Gama,34,1988,19.9,26,1.31,12,0,2,8,4,0,4,0.20,1,0,0,1,2,0,Matches
703,Raphael Veiga,br BRA,MF,Palmeiras,27,1995,27.3,154,5.65,74,62,3,9,6,0,13,0.48,5,5,1,2,0,0,Matches
704,Fausto Vera,ar ARG,MF,Corinthians,22,2000,15.3,29,1.89,21,0,4,2,2,0,3,0.20,3,0,0,0,0,0,Matches
705,Patrick Verhon,br BRA,FW,Bahia,18,2004,0.0,0,0.00,0,0,0,0,0,0,0,0.00,0,0,0,0,0,0,Matches
706,Lucas Veríssimo,br BRA,DF,Corinthians,27,1995,14.5,12,0.83,11,1,0,0,0,0,2,0.14,2,0,0,0,0,0,Matches
707,Bruno Viana,br BRA,DF,Coritiba,27,1995,9.0,3,0.33,3,0,0,0,0,0,0,0.00,0,0,0,0,0,0,Matches
708,Marcos Victor,br BRA,DF,Bahia,21,2001,0.1,0,0.00,0,0,0,0,0,0,0,0.00,0,0,0,0,0,0,Matches
709,Paulo Victor,br BRA,DF,Vasco da Gama,21,2001,0.1,0,0.00,0,0,0,0,0,0,0,0.00,0,0,0,0,0,0,Matches
710,Arturo Vidal,cl CHI,MF,Ath Paranaense,35,1987,4.2,12,2.84,9,0,0,0,2,1,0,0.00,0,0,0,0,0,0,Matches
711,Arturo Vidal,cl CHI,"MF,DF",Flamengo,35,1987,2.8,9,3.20,9,0,0,0,0,0,0,0.00,0,0,0,0,0,0,Matches
712,Felipe Vieira,,DF,Fluminense,,,2.3,4,1.76,3,0,0,0,0,1,0,0.00,0,0,0,0,0,0,Matches
713,Luan Vieira,br BRA,"FW,MF",Grêmio,29,1993,0.6,0,0.00,0,0,0,0,0,0,0,0.00,0,0,0,0,0,0,Matches
714,Gustavo Vilar,br BRA,DF,Coritiba,22,2000,1.0,0,0.00,0,0,0,0,0,0,0,0.00,0,0,0,0,0,0,Matches
715,Pedro Vilhena,br BRA,FW,São Paulo,20,2002,0.2,0,0.00,0,0,0,0,0,0,0,0.00,0,0,0,0,0,0,Matches
716,Mathías Villasanti,py PAR,MF,Grêmio,26,1997,29.4,67,2.28,54,0,4,3,4,2,11,0.37,9,0,1,1,0,0,Matches
717,Marcos Vinicios Sorriso,br BRA,"FW,DF",Bragantino,21,2001,10.4,43,4.12,24,7,3,6,3,0,2,0.19,1,0,0,1,0,0,Matches
718,Vinicius,br BRA,MF,Santos,23,1999,0.3,0,0.00,0,0,0,0,0,0,0,0.00,0,0,0,0,0,0,Matches
719,Vinícius,br BRA,FW,Goiás,29,1993,13.0,48,3.69,36,1,6,5,0,0,3,0.23,2,0,1,0,0,0,Matches
720,Vinícius,br BRA,FW,Grêmio,31,1991,7.3,25,3.45,20,0,2,2,1,0,1,0.14,1,0,0,0,0,0,Matches
721,Marcos Vinicius,br BRA,"DF,MF",Coritiba,25,1997,1.9,3,1.55,2,1,0,0,0,0,0,0.00,0,0,0,0,0,0,Matches
722,Mateus Vital,br BRA,MF,Cruzeiro,24,1998,20.9,71,3.39,58,2,2,3,6,0,5,0.24,4,0,0,1,0,0,Matches
723,Vitão,br BRA,DF,Internacional,22,2000,22.7,16,0.71,13,0,0,3,0,0,0,0.00,0,0,0,0,0,0,Matches
724,Vitão,br BRA,DF,Cuiabá,22,2000,0.1,0,0.00,0,0,0,0,0,0,0,0.00,0,0,0,0,0,0,Matches
725,Vitinho,br BRA,"FW,MF",Bragantino,23,1999,22.8,85,3.74,55,8,8,9,4,1,9,0.40,6,0,1,2,0,0,Matches
Rk,Player,Nation,Pos,Squad,Age,Born,90s,SCA,SCA90,PassLive,PassDead,TO,Sh,Fld,Def,GCA,GCA90,PassLive,PassDead,TO,Sh,Fld,Def,Matches
726,José Vitor,br BRA,DF,Vasco da Gama,20,2002,1.2,2,1.64,2,0,0,0,0,0,0,0.00,0,0,0,0,0,0,Matches
727,Paulo Vitor,br BRA,"MF,DF",Cruzeiro,23,1999,1.4,4,2.88,3,0,0,0,1,0,0,0.00,0,0,0,0,0,0,Matches
728,Paulo Vitor,br BRA,MF,Atlético Mineiro,18,2004,0.2,0,0.00,0,0,0,0,0,0,0,0.00,0,0,0,0,0,0,Matches
729,Rayan Vitor,br BRA,"FW,MF",Vasco da Gama,16,2006,2.9,8,2.72,5,0,1,2,0,0,0,0.00,0,0,0,0,0,0,Matches
730,Vladimir,br BRA,GK,Santos,33,1989,2.3,0,0.00,0,0,0,0,0,0,0,0.00,0,0,0,0,0,0,Matches
731,Walter,br BRA,GK,Cuiabá,35,1987,35.0,3,0.09,1,2,0,0,0,0,0,0.00,0,0,0,0,0,0,Matches
732,Talles Wander,br BRA,"FW,MF",São Paulo,19,2003,0.2,1,4.74,1,0,0,0,0,0,0,0.00,0,0,0,0,0,0,Matches
733,Wanderson,br BRA,DF,América (MG),31,1991,5.6,1,0.18,1,0,0,0,0,0,0,0.00,0,0,0,0,0,0,Matches
734,Wanderson,br BRA,"FW,MF",Internacional,28,1994,26.0,70,2.70,50,5,9,3,2,1,9,0.35,8,0,1,0,0,0,Matches
735,Deivid Washington,br BRA,FW,Santos,17,2005,4.7,12,2.53,4,0,2,3,3,0,3,0.63,1,0,0,1,1,0,Matches
736,Welington,br BRA,DF,São Paulo,21,2001,10.4,21,02.02,19,0,1,0,1,0,0,0.00,0,0,0,0,0,0,Matches
737,José Welison,br BRA,MF,Fortaleza,27,1995,18.6,40,2.15,31,0,4,2,0,3,3,0.16,3,0,0,0,0,0,Matches
738,João Wellington,br BRA,MF,Cruzeiro,19,2004,4.1,4,0.98,1,1,0,0,2,0,0,0.00,0,0,0,0,0,0,Matches
739,Wesley,br BRA,"FW,MF",Cruzeiro,23,1999,19.7,64,3.25,39,0,11,5,9,0,5,0.25,3,0,2,0,0,0,Matches
740,Wesley,br BRA,DF,Flamengo,19,2003,27.9,61,2.18,52,0,3,0,6,0,4,0.14,2,0,0,0,2,0,Matches
741,Wesley,br BRA,DF,Grêmio,19,2004,1.0,0,0.00,0,0,0,0,0,0,0,0.00,0,0,0,0,0,0,Matches
742,Wéverton,br BRA,GK,Palmeiras,35,1987,35.0,10,0.29,9,1,0,0,0,0,1,0.03,0,1,0,0,0,0,Matches
743,William,br BRA,DF,Cruzeiro,27,1995,29.4,74,2.52,56,8,2,4,3,1,5,0.17,4,0,0,0,0,1,Matches
744,Willian,br BRA,"FW,MF",Ath Paranaense,36,1986,6.4,17,2.67,11,0,1,2,2,1,0,0.00,0,0,0,0,0,0,Matches
745,Willian,br BRA,MF,Goiás,29,1993,24.4,38,1.56,34,0,0,1,2,1,2,0.08,2,0,0,0,0,0,Matches
746,Xavier,br BRA,DF,Goiás,22,2000,0.7,,,,,,,,,,,,,,,,,Matches
747,Samuel Xavier,br BRA,DF,Fluminense,32,1990,23.4,54,2.31,44,5,2,2,1,0,5,0.21,3,0,1,1,0,0,Matches
748,Yago,br BRA,MF,Bahia,27,1995,15.1,34,2.25,28,3,1,0,2,0,1,0.07,1,0,0,0,0,0,Matches
749,Vinícius Zanocelo,br BRA,"MF,FW",Fortaleza,22,2001,0.9,2,2.22,2,0,0,0,0,0,1,1.11,1,0,0,0,0,0,Matches
750,Bruno Zapelli,ar ARG,"MF,FW",Ath Paranaense,20,2002,12.7,60,4.73,38,13,5,3,1,0,7,0.55,4,2,0,1,0,0,Matches
Rk,Player,Nation,Pos,Squad,Age,Born,90s,SCA,SCA90,PassLive,PassDead,TO,Sh,Fld,Def,GCA,GCA90,PassLive,PassDead,TO,Sh,Fld,Def,Matches
751,Federico Zaracho,ar ARG,"MF,FW",Atlético Mineiro,24,1998,21.6,46,2.13,34,1,3,2,4,2,4,0.18,4,0,0,0,0,0,Matches
752,Zinho,br BRA,"FW,MF",Grêmio,19,2003,2.7,5,1.86,4,0,0,0,0,1,1,0.37,1,0,0,0,0,0,Matches
