Rk,Player,Nation,Pos,Squad,Age,Born,90s,Gls,Sh,SoT,SoT%,Sh/90,SoT/90,G/Sh,G/SoT,Dist,FK,PK,PKatt,xG,npxG,npxG/Sh,G-xG,np:G-xG,Matches
1,Nicolás Acevedo,uy URU,MF,Bahia,23,1999,21.9,0,23,4,17.4,01.05,0.18,0.00,0.00,25.3,0,0,0,0.9,0.9,0.04,-0.9,-0.9,Matches
2,Luiz Adriano,br BRA,FW,Internacional,35,1987,14.8,3,24,11,45.8,1.62,0.74,0.13,0.27,14.4,0,0,0,2.6,2.6,0.11,#ERROR!,#ERROR!,Matches
3,Adriel,br BRA,GK,Grêmio,22,2001,2.0,0,0,0,,0.00,0.00,,,,0,0,0,0.0,0.0,,0.0,0.0,Matches
4,Adryelson,br BRA,DF,Botafogo (RJ),24,1998,33.3,1,12,5,41.7,0.36,0.15,0.08,0.20,9.9,0,0,0,1.1,1.1,0.09,-0.1,-0.1,Matches
5,Adson,br BRA,"FW,MF",Corinthians,22,2000,9.5,0,10,3,30.0,01.05,0.32,0.00,0.00,24.1,0,0,0,0.4,0.4,0.04,-0.4,-0.4,Matches
6,Adyson,br BRA,"FW,MF",América (MG),17,2005,2.7,0,4,1,25.0,1.47,0.37,0.00,0.00,17.9,0,0,0,0.2,0.2,0.05,-0.2,-0.2,Matches
7,Washington Aguerre,uy URU,GK,América (MG),29,1993,2.0,0,0,0,,0.00,0.00,,,,0,0,0,0.0,0.0,,0.0,0.0,Matches
8,Carlos Alberto,br BRA,"FW,MF",Botafogo (RJ),20,2002,3.3,2,7,3,42.9,2.13,0.91,0.29,0.67,12.5,0,0,0,1.1,1.1,0.16,#ERROR!,#ERROR!,Matches
9,Yuri Alberto,br BRA,FW,Corinthians,21,2001,30.2,8,86,28,32.6,2.84,0.93,0.09,0.29,14.6,0,0,0,10.0,10.0,0.12,-2.0,-2.0,Matches
10,Ale,br BRA,MF,América (MG),32,1990,15.8,1,13,1,7.7,0.82,0.06,0.08,1.00,14.2,0,0,0,1.8,1.8,0.14,-0.8,-0.8,Matches
11,Alexandre Alemão,br BRA,FW,Internacional,24,1998,3.8,1,14,3,21.4,3.71,0.79,0.07,0.33,14.6,0,0,0,1.2,1.2,0.09,-0.2,-0.2,Matches
12,Alerrandro,br BRA,"FW,MF",Bragantino,23,2000,4.5,1,13,3,23.1,2.89,0.67,0.08,0.33,14.3,0,0,0,3.1,3.1,0.24,-2.1,-2.1,Matches
13,Alesson,br BRA,"FW,MF",Goiás,23,1999,7.3,2,16,3,18.8,2.20,0.41,0.13,0.67,16.3,0,0,0,1.1,1.1,0.07,#ERROR!,#ERROR!,Matches
14,Alex,br BRA,DF,Santos,23,1999,5.1,0,4,2,50.0,0.79,0.40,0.00,0.00,11.4,0,0,0,0.1,0.1,0.03,-0.1,-0.1,Matches
15,Caio Alexandre,br BRA,MF,Fortaleza,23,1999,29.2,2,19,5,26.3,0.65,0.17,0.11,0.40,21.9,0,0,0,2.0,2.0,0.11,0.0,0.0,Matches
16,Matheus Alexandre,br BRA,DF,Cuiabá,23,1999,33.1,1,8,2,25.0,0.24,0.06,0.13,0.50,18.9,0,0,0,0.8,0.8,0.10,#ERROR!,#ERROR!,Matches
17,Alexsander,br BRA,"MF,DF",Fluminense,19,2003,13.3,0,9,2,22.2,0.68,0.15,0.00,0.00,21.0,0,0,0,0.3,0.3,0.04,-0.3,-0.3,Matches
18,Alison,br BRA,MF,Santos,29,1993,1.5,0,0,0,,0.00,0.00,,,,0,0,0,0.0,0.0,,0.0,0.0,Matches
19,Alisson,br BRA,"MF,DF",Atlético Mineiro,17,2005,0.5,0,1,0,0.0,1.84,0.00,0.00,,33.9,0,0,0,0.0,0.0,0.01,0.0,0.0,Matches
20,Alisson,br BRA,"MF,FW",São Paulo,29,1993,23.9,0,24,4,16.7,1.00,0.17,0.00,0.00,21.6,1,0,0,1.1,1.1,0.05,-1.1,-1.1,Matches
21,Allan,br BRA,MF,Flamengo,25,1997,5.4,0,6,2,33.3,1.12,0.37,0.00,0.00,29.2,0,0,0,0.1,0.1,0.02,-0.1,-0.1,Matches
22,Allano,br BRA,FW,Goiás,27,1995,13.7,1,30,12,40.0,2.18,0.87,0.03,0.08,18.9,0,0,0,2.1,2.1,0.07,-1.1,-1.1,Matches
23,Henrique Almeida,br BRA,FW,América (MG),31,1991,1.7,0,6,2,33.3,3.46,1.15,0.00,0.00,20.3,0,0,0,0.4,0.4,0.06,-0.4,-0.4,Matches
24,Rodrigo Alves,br BRA,MF,Vasco da Gama,20,2002,3.9,0,0,0,,0.00,0.00,,,,0,0,0,0.0,0.0,,0.0,0.0,Matches
25,Anderson,br BRA,GK,Cruzeiro,24,1998,1.0,0,0,0,,0.00,0.00,,,,0,0,0,0.0,0.0,,0.0,0.0,Matches
Rk,Player,Nation,Pos,Squad,Age,Born,90s,Gls,Sh,SoT,SoT%,Sh/90,SoT/90,G/Sh,G/SoT,Dist,FK,PK,PKatt,xG,npxG,npxG/Sh,G-xG,np:G-xG,Matches
26,Anderson,br BRA,"FW,MF",Goiás,24,1998,14.3,0,17,2,11.8,1.19,0.14,0.00,0.00,21.7,0,0,0,0.7,0.7,0.04,-0.7,-0.7,Matches
27,André,br BRA,DF,Bahia,19,2003,1.4,0,0,0,,0.00,0.00,,,,0,0,0,0.0,0.0,,0.0,0.0,Matches
28,André,br BRA,"MF,DF",Fluminense,21,2001,29.4,0,12,3,25.0,0.41,0.10,0.00,0.00,28.5,0,0,0,0.4,0.4,0.03,-0.4,-0.4,Matches
29,Maurício Antônio,br BRA,DF,Coritiba,30,1992,2.0,0,2,0,0.0,1.00,0.00,0.00,,30.7,0,0,0,0.0,0.0,0.02,0.0,0.0,Matches
30,Apodi,br BRA,"FW,MF",Goiás,36,1986,4.2,1,8,5,62.5,1.88,1.18,0.13,0.20,18.5,0,0,0,0.8,0.8,0.10,#ERROR!,#ERROR!,Matches
31,Guilherme Arana,br BRA,DF,Atlético Mineiro,25,1997,26.5,2,28,7,25.0,01.06,0.26,0.07,0.29,23.9,0,0,0,1.0,1.0,0.04,#ERROR!,#ERROR!,Matches
32,Charles Aránguiz,cl CHI,MF,Internacional,33,1989,14.1,0,15,1,6.7,01.07,0.07,0.00,0.00,21.4,1,0,0,1.0,1.0,0.07,-1.0,-1.0,Matches
33,João Araújo,br BRA,MF,Grêmio,17,2005,0.1,0,0,0,,0.00,0.00,,,,0,0,0,0.0,0.0,,0.0,0.0,Matches
34,Luiz Araújo,br BRA,"FW,MF",Flamengo,26,1996,8.7,3,24,8,33.3,2.75,0.92,0.13,0.38,17.0,0,0,0,1.6,1.6,0.06,#ERROR!,#ERROR!,Matches
35,Matheus Araújo,br BRA,"MF,FW",Corinthians,20,2002,6.5,1,6,2,33.3,0.92,0.31,0.17,0.50,15.1,0,0,0,1.2,1.2,0.20,-0.2,-0.2,Matches
36,Michel Araujo,uy URU,"FW,MF",São Paulo,26,1996,19.6,2,36,11,30.6,1.83,0.56,0.06,0.18,18.8,1,0,0,4.8,4.8,0.13,-2.8,-2.8,Matches
37,Robert Arboleda,ec ECU,DF,São Paulo,31,1991,19.1,0,15,4,26.7,0.78,0.21,0.00,0.00,14.7,0,0,0,0.9,0.9,0.06,-0.9,-0.9,Matches
38,Jhon Arias,co COL,"FW,MF",Fluminense,25,1997,26.5,7,50,23,46.0,1.89,0.87,0.10,0.22,19.6,6,2,2,5.8,4.2,0.08,#ERROR!,#ERROR!,Matches
39,Luciano Arriagada,cl CHI,"FW,MF",Ath Paranaense,20,2002,2.1,0,4,1,25.0,1.89,0.47,0.00,0.00,15.9,0,0,0,0.9,0.9,0.22,-0.9,-0.9,Matches
40,Arthur,br BRA,"FW,MF",Cruzeiro,24,1998,15.0,3,33,12,36.4,2.20,0.80,0.09,0.25,19.5,0,0,0,3.6,3.6,0.11,-0.6,-0.6,Matches
41,Arthur,br BRA,DF,América (MG),19,2003,1.0,0,0,0,,0.00,0.00,,,,0,0,0,0.0,0.0,,0.0,0.0,Matches
42,Arthur,br BRA,"DF,FW",Fluminense,18,2004,0.2,0,0,0,,0.00,0.00,,,,0,0,0,0.0,0.0,,0.0,0.0,Matches
43,Artur,br BRA,FW,Palmeiras,24,1998,21.1,5,47,17,36.2,2.23,0.81,0.11,0.29,16.8,1,0,0,5.0,5.0,0.11,0.0,0.0,Matches
44,Eduard Atuesta,co COL,MF,Palmeiras,25,1997,0.1,0,0,0,,0.00,0.00,,,,0,0,0,0.0,0.0,,0.0,0.0,Matches
45,Felipe Augusto,br BRA,"FW,MF",Corinthians,18,2004,3.6,0,7,3,42.9,1.96,0.84,0.00,0.00,23.3,0,0,0,0.3,0.3,0.04,-0.3,-0.3,Matches
46,Filipe Augusto,br BRA,MF,Cuiabá,29,1993,11.8,0,9,2,22.2,0.76,0.17,0.00,0.00,30.7,3,0,0,0.3,0.3,0.03,-0.3,-0.3,Matches
47,Renato Augusto,br BRA,MF,Corinthians,34,1988,14.2,2,26,12,46.2,1.83,0.84,0.08,0.17,22.8,0,0,0,1.1,1.1,0.04,#ERROR!,#ERROR!,Matches
48,Danilo Avelar,br BRA,DF,América (MG),33,1989,22.0,3,34,9,26.5,1.54,0.41,0.06,0.22,13.5,0,1,1,4.0,3.2,0.10,-1.0,-1.2,Matches
49,Felipe Azevedo,br BRA,"FW,MF",América (MG),36,1987,19.4,4,45,15,33.3,2.32,0.77,0.09,0.27,17.3,0,0,0,3.7,3.7,0.09,#ERROR!,#ERROR!,Matches
50,Matheus Babi,br BRA,FW,Goiás,25,1997,9.8,4,27,10,37.0,2.76,01.02,0.15,0.40,12.6,0,0,0,2.6,2.6,0.09,#ERROR!,#ERROR!,Matches
Rk,Player,Nation,Pos,Squad,Age,Born,90s,Gls,Sh,SoT,SoT%,Sh/90,SoT/90,G/Sh,G/SoT,Dist,FK,PK,PKatt,xG,npxG,npxG/Sh,G-xG,np:G-xG,Matches
51,Matheus Bahia,br BRA,"DF,MF",Bahia,23,1999,5.5,0,5,1,20.0,0.91,0.18,0.00,0.00,23.4,0,0,0,0.1,0.1,0.02,-0.1,-0.1,Matches
52,Fabián Balbuena,py PAR,DF,Corinthians,31,1991,1.0,0,1,0,0.0,01.01,0.00,0.00,,11.2,0,0,0,0.0,0.0,0.03,0.0,0.0,Matches
53,Robson Bambu,br BRA,DF,Vasco da Gama,25,1997,14.2,0,4,1,25.0,0.28,0.07,0.00,0.00,8.8,0,0,0,0.5,0.5,0.12,-0.5,-0.5,Matches
54,Gabriel Baralhas,br BRA,MF,Internacional,24,1998,2.6,0,4,1,25.0,1.53,0.38,0.00,0.00,28.6,0,0,0,0.1,0.1,0.02,-0.1,-0.1,Matches
55,Danilo Barbosa,br BRA,"MF,DF",Botafogo (RJ),26,1996,11.2,3,10,4,40.0,0.89,0.36,0.30,0.75,14.9,0,0,0,1.0,1.0,0.10,#ERROR!,#ERROR!,Matches
56,Diogo Barbosa,br BRA,DF,Fluminense,30,1992,12.4,1,6,3,50.0,0.48,0.24,0.17,0.33,22.0,0,0,0,0.3,0.3,0.05,#ERROR!,#ERROR!,Matches
57,Diogo Barbosa,br BRA,DF,Grêmio,30,1992,4.3,0,1,0,0.0,0.23,0.00,0.00,,26.6,0,0,0,0.0,0.0,0.03,0.0,0.0,Matches
58,Gabriel Barbosa,br BRA,FW,Flamengo,26,1996,17.1,5,43,14,32.6,2.51,0.82,0.02,0.07,18.0,0,4,5,9.5,5.6,0.13,-4.5,-4.6,Matches
59,Lucas Barbosa,br BRA,"FW,MF",Santos,21,2001,1.1,0,1,1,100.0,0.87,0.87,0.00,0.00,6.4,0,0,0,0.3,0.3,0.29,-0.3,-0.3,Matches
60,Lucas Barbosa,br BRA,"MF,FW",Coritiba,21,2001,1.1,0,4,1,25.0,3.53,0.88,0.00,0.00,16.4,0,0,0,0.1,0.1,0.03,-0.1,-0.1,Matches
61,Chrystian Barletta,br BRA,MF,Corinthians,21,2001,1.4,0,3,1,33.3,2.13,0.71,0.00,0.00,,,0,0,,,,,,Matches
62,Cauan Barros,br BRA,MF,Vasco da Gama,18,2004,2.6,1,5,1,20.0,1.90,0.38,0.20,1.00,13.3,0,0,0,0.3,0.3,0.07,#ERROR!,#ERROR!,Matches
63,Gabriel Barros,br BRA,"FW,MF",Internacional,21,2001,2.0,0,2,0,0.0,01.02,0.00,0.00,,16.7,0,0,0,0.2,0.2,0.11,-0.2,-0.2,Matches
64,Bastos,ao ANG,DF,Botafogo (RJ),31,1991,1.3,0,1,0,0.0,0.76,0.00,0.00,,8.9,0,0,0,0.0,0.0,0.04,0.0,0.0,Matches
65,Fellipe Bastos,br BRA,MF,Goiás,32,1990,0.4,0,0,0,,0.00,0.00,,,,0,0,0,0.0,0.0,,0.0,0.0,Matches
66,Diogo Batista,br BRA,"DF,MF",Coritiba,19,2003,5.9,0,6,2,33.3,01.02,0.34,0.00,0.00,29.8,0,0,0,0.2,0.2,0.03,-0.2,-0.2,Matches
67,Rodrigo Battaglia,ar ARG,MF,Atlético Mineiro,31,1991,19.2,0,17,3,17.6,0.89,0.16,0.00,0.00,18.7,0,0,0,0.9,0.9,0.05,-0.9,-0.9,Matches
68,José Luis Rodríguez Bebanz,uy URU,DF,Vasco da Gama,25,1997,22.2,2,38,13,34.2,1.71,0.59,0.05,0.15,18.7,5,0,0,2.8,2.8,0.08,-0.8,-0.8,Matches
69,Matheus Belém,br BRA,DF,São Paulo,19,2003,1.9,0,0,0,,0.00,0.00,,,,0,0,0,0.0,0.0,,0.0,0.0,Matches
70,Lucas Belezi,br BRA,DF,Ath Paranaense,19,2003,0.5,0,1,0,0.0,2.00,0.00,0.00,,15.7,0,0,0,0.0,0.0,0.01,0.0,0.0,Matches
71,Ramiro Benetti,br BRA,MF,Cruzeiro,29,1993,4.5,1,6,2,33.3,1.33,0.44,0.17,0.50,18.5,0,0,0,0.8,0.8,0.13,#ERROR!,#ERROR!,Matches
72,Martín Benítez,ar ARG,"MF,FW",América (MG),28,1994,12.4,3,36,10,27.8,2.89,0.80,0.08,0.30,24.5,6,0,0,2.6,2.6,0.08,#ERROR!,#ERROR!,Matches
73,Bento,br BRA,GK,Ath Paranaense,23,1999,33.0,0,0,0,,0.00,0.00,,,,0,0,0,0.0,0.0,,0.0,0.0,Matches
74,Lucas Beraldo,br BRA,DF,São Paulo,19,2003,24.0,1,14,6,42.9,0.58,0.25,0.07,0.17,15.2,0,0,0,1.0,1.0,0.07,0.0,0.0,Matches
75,Lucas Besozzi,ar ARG,"FW,MF",Grêmio,20,2003,4.4,1,6,5,83.3,1.35,1.13,0.17,0.20,18.6,0,0,0,0.3,0.3,0.05,#ERROR!,#ERROR!,Matches
Rk,Player,Nation,Pos,Squad,Age,Born,90s,Gls,Sh,SoT,SoT%,Sh/90,SoT/90,G/Sh,G/SoT,Dist,FK,PK,PKatt,xG,npxG,npxG/Sh,G-xG,np:G-xG,Matches
76,Matheus Bianqui,br BRA,MF,Coritiba,25,1998,15.8,2,29,8,27.6,1.84,0.51,0.07,0.25,20.3,0,0,0,1.7,1.7,0.06,#ERROR!,#ERROR!,Matches
77,Raul Bicalho,br BRA,DF,Bahia,23,1999,3.6,0,4,0,0.0,1.12,0.00,0.00,,10.4,0,0,0,0.3,0.3,0.08,-0.3,-0.3,Matches
78,Matheus Bidu,br BRA,DF,Corinthians,23,1999,18.4,0,16,6,37.5,0.87,0.33,0.00,0.00,24.1,0,0,0,0.4,0.4,0.03,-0.4,-0.4,Matches
79,Biel,br BRA,"FW,MF",Bahia,21,2001,15.1,5,46,15,32.6,03.04,0.99,0.11,0.33,17.8,1,0,0,5.2,5.2,0.11,-0.2,-0.2,Matches
80,Rafael Bilu,br BRA,FW,Cruzeiro,23,1999,1.0,0,4,0,0.0,4.19,0.00,0.00,,19.0,0,0,0,0.7,0.7,0.17,-0.7,-0.7,Matches
81,Guilherme Biro,br BRA,"FW,MF",Corinthians,18,2004,6.4,0,14,3,21.4,2.20,0.47,0.00,0.00,20.6,0,0,0,0.7,0.7,0.05,-0.7,-0.7,Matches
82,Bitelo,br BRA,"MF,FW",Grêmio,23,2000,17.2,4,31,7,22.6,1.80,0.41,0.13,0.57,18.8,1,0,0,3.6,3.6,0.12,#ERROR!,#ERROR!,Matches
83,Paulinho Bóia,br BRA,FW,América (MG),24,1998,1.5,0,1,0,0.0,0.66,0.00,0.00,,63.5,0,0,0,0.0,0.0,0.02,0.0,0.0,Matches
84,Thiago Borbas,uy URU,FW,Bragantino,20,2002,15.9,9,55,26,47.3,3.47,1.64,0.16,0.35,13.8,1,0,0,9.2,9.2,0.17,-0.2,-0.2,Matches
85,Ângelo Borges,br BRA,"FW,MF",Santos,18,2004,6.0,2,6,3,50.0,1.00,0.50,0.33,0.67,16.9,0,0,0,1.1,1.1,0.18,#ERROR!,#ERROR!,Matches
86,Daniel Borges,br BRA,DF,América (MG),29,1993,8.9,0,3,0,0.0,0.34,0.00,0.00,,25.8,0,0,0,0.1,0.1,0.02,-0.1,-0.1,Matches
87,Daniel Borges,br BRA,DF,Botafogo (RJ),29,1993,0.5,0,1,1,100.0,2.00,2.00,0.00,0.00,26.5,0,0,0,0.0,0.0,0.03,0.0,0.0,Matches
88,Marllon Borges,br BRA,DF,Cuiabá,30,1992,36.0,1,13,4,30.8,0.36,0.11,0.08,0.25,9.0,0,0,0,1.5,1.5,0.11,-0.5,-0.5,Matches
89,Pedro Borges,br BRA,"MF,FW",Fortaleza,25,1997,6.3,0,5,1,20.0,0.80,0.16,0.00,0.00,16.0,0,0,0,0.5,0.5,0.09,-0.5,-0.5,Matches
90,Gabriel Boschilia,br BRA,"MF,FW",Coritiba,26,1996,3.8,1,15,5,33.3,3.92,1.31,0.07,0.20,24.1,2,0,0,1.1,1.1,0.07,-0.1,-0.1,Matches
91,Lucas Braga,br BRA,"DF,FW",Santos,26,1996,22.1,0,11,1,9.1,0.50,0.05,0.00,0.00,15.9,0,0,0,0.4,0.4,0.04,-0.4,-0.4,Matches
92,David Braz,br BRA,DF,Fluminense,35,1987,9.6,0,10,3,30.0,01.04,0.31,0.00,0.00,18.7,3,0,0,0.7,0.7,0.07,-0.7,-0.7,Matches
93,Brenno,br BRA,GK,Grêmio,23,1999,1.0,0,0,0,,0.00,0.00,,,,0,0,0,0.0,0.0,,0.0,0.0,Matches
94,Breno,br BRA,MF,Botafogo (RJ),22,2000,0.1,0,0,0,,0.00,0.00,,,,0,0,0,0.0,0.0,,0.0,0.0,Matches
95,Breno,br BRA,FW,Palmeiras,27,1996,15.2,5,49,24,49.0,3.23,1.58,0.10,0.21,14.8,0,0,0,6.8,6.8,0.14,-1.8,-1.8,Matches
96,Emanuel Brítez,ar ARG,DF,Fortaleza,30,1992,30.7,0,20,3,15.0,0.65,0.10,0.00,0.00,17.5,0,0,0,1.0,1.0,0.05,-1.0,-1.0,Matches
97,Bruninho,br BRA,"FW,MF",Bragantino,19,2003,7.9,2,21,6,28.6,2.64,0.76,0.10,0.33,17.1,3,0,0,2.7,2.7,0.13,-0.7,-0.7,Matches
98,Fabrício Bruno,br BRA,DF,Flamengo,26,1996,34.0,0,16,4,25.0,0.47,0.12,0.00,0.00,15.2,0,0,0,0.7,0.7,0.05,-0.7,-0.7,Matches
99,Vitor Bueno,br BRA,"MF,FW",Ath Paranaense,28,1994,23.1,5,63,17,27.0,2.73,0.74,0.03,0.12,26.8,11,3,3,5.3,3.1,0.05,-0.3,-1.1,Matches
100,Esteban Burgos,ar ARG,DF,América (MG),31,1992,3.3,0,0,0,,0.00,0.00,,,,0,0,0,0.0,0.0,,0.0,0.0,Matches
Rk,Player,Nation,Pos,Squad,Age,Born,90s,Gls,Sh,SoT,SoT%,Sh/90,SoT/90,G/Sh,G/SoT,Dist,FK,PK,PKatt,xG,npxG,npxG/Sh,G-xG,np:G-xG,Matches
101,Fabricio Bustos,ar ARG,DF,Internacional,26,1996,27.8,3,17,6,35.3,0.61,0.22,0.18,0.50,23.6,0,0,0,1.0,1.0,0.06,#ERROR!,#ERROR!,Matches
102,Rafael Cabral,br BRA,GK,Cruzeiro,32,1990,37.0,0,0,0,,0.00,0.00,,,,0,0,0,0.0,0.0,,0.0,0.0,Matches
103,Cacá,br BRA,DF,Ath Paranaense,23,1999,18.8,2,9,2,22.2,0.48,0.11,0.22,1.00,11.6,0,0,0,1.1,1.1,0.12,#ERROR!,#ERROR!,Matches
104,Cadu,br BRA,DF,Santos,20,2002,0.2,0,0,0,,0.00,0.00,,,,0,0,0,0.0,0.0,,0.0,0.0,Matches
105,Caetano,br BRA,DF,Corinthians,23,1999,13.4,0,3,0,0.0,0.22,0.00,0.00,,8.2,0,0,0,0.2,0.2,0.05,-0.2,-0.2,Matches
106,Jonathan Cafu,br BRA,"FW,MF",Cuiabá,31,1991,19.0,0,17,5,29.4,0.90,0.26,0.00,0.00,16.1,0,0,0,1.5,1.5,0.09,-1.5,-1.5,Matches
107,Júnior Caiçara,br BRA,DF,Santos,33,1989,1.9,0,0,0,,0.00,0.00,,,,0,0,0,0.0,0.0,,0.0,0.0,Matches
108,Rodrigo Caio,br BRA,"MF,DF",Flamengo,29,1993,0.7,0,0,0,,0.00,0.00,,,,0,0,0,0.0,0.0,,0.0,0.0,Matches
109,Caíque,br BRA,GK,Grêmio,25,1997,4.0,0,0,0,,0.00,0.00,,,,0,0,0,0.0,0.0,,0.0,0.0,Matches
110,Calebe,br BRA,"MF,FW",Fortaleza,22,2000,16.4,2,39,15,38.5,2.37,0.91,0.05,0.13,21.0,7,0,0,3.0,3.0,0.08,-1.0,-1.0,Matches
111,Jonathan Calleri,ar ARG,FW,São Paulo,29,1993,15.0,9,44,20,45.5,2.93,1.33,0.16,0.35,11.4,0,2,2,8.5,6.9,0.16,#ERROR!,#ERROR!,Matches
112,Patric Calmon PK,br BRA,DF,Cuiabá,28,1994,5.8,0,2,1,50.0,0.35,0.17,0.00,0.00,21.3,0,0,0,0.2,0.2,0.08,-0.2,-0.2,Matches
113,Guilherme Camacho,br BRA,MF,Santos,32,1990,5.0,0,0,0,,0.00,0.00,,,,0,0,0,0.0,0.0,,0.0,0.0,Matches
114,Nathan Camargo,br BRA,MF,Bragantino,17,2005,0.1,0,0,0,,0.00,0.00,,,,0,0,0,0.0,0.0,,0.0,0.0,Matches
115,Gustavo Campanharo,br BRA,MF,Internacional,30,1992,7.7,0,4,3,75.0,0.52,0.39,0.00,0.00,28.5,0,0,0,0.1,0.1,0.03,-0.1,-0.1,Matches
116,Camilo Cándido,uy URU,DF,Bahia,27,1995,13.8,1,10,4,40.0,0.72,0.29,0.10,0.25,25.1,1,0,0,0.4,0.4,0.04,#ERROR!,#ERROR!,Matches
117,Luan Cândido,br BRA,DF,Bragantino,21,2001,12.0,1,29,12,41.4,2.41,1.00,0.03,0.08,20.6,6,0,0,1.8,1.8,0.06,-0.8,-0.8,Matches
118,Germán Cano,ar ARG,FW,Fluminense,34,1988,27.4,10,81,33,40.7,2.96,1.20,0.12,0.30,20.3,0,0,1,10.0,9.2,0.11,0.0,#ERROR!,Matches
119,Agustín Canobbio,uy URU,"FW,MF",Ath Paranaense,24,1998,23.5,3,67,29,43.3,2.85,1.23,0.04,0.10,20.1,4,0,0,5.5,5.5,0.08,-2.5,-2.5,Matches
120,Víctor Cantillo,co COL,MF,Corinthians,29,1993,3.0,0,3,2,66.7,01.02,0.68,0.00,0.00,30.2,0,0,0,0.1,0.1,0.02,-0.1,-0.1,Matches
121,Manuel Capasso,ar ARG,DF,Vasco da Gama,26,1996,6.2,0,1,0,0.0,0.16,0.00,0.00,,10.4,0,0,0,0.1,0.1,0.06,-0.1,-0.1,Matches
122,Juninho Capixaba,br BRA,DF,Bragantino,25,1997,31.9,2,51,21,41.2,1.60,0.66,0.04,0.10,20.2,2,0,0,2.9,2.9,0.06,-0.9,-0.9,Matches
123,Gabriel Carabajal,ar ARG,MF,Vasco da Gama,31,1991,1.4,0,4,0,0.0,2.95,0.00,0.00,,23.5,1,0,0,0.2,0.2,0.04,-0.2,-0.2,Matches
124,Felipe Carballo,uy URU,MF,Grêmio,26,1996,17.1,1,19,5,26.3,1.11,0.29,0.05,0.20,16.8,0,0,0,1.5,1.5,0.08,-0.5,-0.5,Matches
125,Johnny Cardoso,us USA,MF,Internacional,21,2001,17.9,2,15,8,53.3,0.84,0.45,0.13,0.25,18.6,0,0,0,1.1,1.1,0.08,#ERROR!,#ERROR!,Matches
Rk,Player,Nation,Pos,Squad,Age,Born,90s,Gls,Sh,SoT,SoT%,Sh/90,SoT/90,G/Sh,G/SoT,Dist,FK,PK,PKatt,xG,npxG,npxG/Sh,G-xG,np:G-xG,Matches
126,Ed Carlos,br BRA,"MF,FW",Santos,21,2001,0.4,0,1,0,0.0,2.50,0.00,0.00,,31.5,0,0,0,0.0,0.0,0.02,0.0,0.0,Matches
127,João Carlos,br BRA,GK,Cuiabá,34,1988,3.0,0,0,0,,0.00,0.00,,,,0,0,0,0.0,0.0,,0.0,0.0,Matches
128,Ryan Carlos,br BRA,DF,Bahia,20,2002,6.4,0,2,1,50.0,0.31,0.16,0.00,0.00,20.6,0,0,0,0.1,0.1,0.03,-0.1,-0.1,Matches
129,Alan Carvalho,cn CHN,MF,Fluminense,33,1989,0.5,1,1,1,100.0,2.00,2.00,1.00,1.00,5.1,0,0,0,0.6,0.6,0.63,#ERROR!,#ERROR!,Matches
130,Breno Cascardo,br BRA,MF,América (MG),19,2003,12.9,1,22,5,22.7,1.70,0.39,0.05,0.20,22.9,0,0,0,1.3,1.3,0.06,-0.3,-0.3,Matches
131,Cássio,br BRA,GK,Corinthians,35,1987,36.8,0,0,0,,0.00,0.00,,,,0,0,0,0.0,0.0,,0.0,0.0,Matches
132,Luciano Castán,br BRA,DF,Cruzeiro,33,1989,35.7,1,24,8,33.3,0.67,0.22,0.04,0.13,11.7,0,0,0,1.3,1.3,0.05,-0.3,-0.3,Matches
133,Iury de Castilho,br BRA,FW,Cuiabá,27,1995,4.4,0,12,4,33.3,2.71,0.90,0.00,0.00,18.2,0,0,0,0.6,0.6,0.05,-0.6,-0.6,Matches
134,Matheus Cavichioli,br BRA,GK,América (MG),36,1986,15.0,0,0,0,,0.00,0.00,,,,0,0,0,0.0,0.0,,0.0,0.0,Matches
135,Juan Cazares,ec ECU,"MF,FW",América (MG),30,1992,3.1,0,6,2,33.3,1.91,0.64,0.00,0.00,26.4,0,0,0,0.3,0.3,0.05,-0.3,-0.3,Matches
136,Brayan Ceballos,co COL,DF,Fortaleza,21,2001,2.3,0,2,1,50.0,0.87,0.44,0.00,0.00,10.7,0,0,0,0.1,0.1,0.06,-0.1,-0.1,Matches
137,Pablo Ceppelini,uy URU,MF,Cuiabá,31,1991,11.1,0,20,8,40.0,1.81,0.72,0.00,0.00,22.3,2,0,0,1.1,1.1,0.06,-1.1,-1.1,Matches
138,Murilo Cerqueira,br BRA,DF,Palmeiras,25,1997,24.1,3,12,7,58.3,0.50,0.29,0.25,0.43,11.1,0,0,0,1.0,1.0,0.08,#ERROR!,#ERROR!,Matches
139,Ricardo Cerqueira,br BRA,MF,Cuiabá,20,2002,0.1,0,0,0,,0.00,0.00,,,,0,0,0,0.0,0.0,,0.0,0.0,Matches
140,Júlio César,br BRA,DF,América (MG),19,2003,6.6,0,4,0,0.0,0.61,0.00,0.00,,14.9,0,0,0,0.2,0.2,0.05,-0.2,-0.2,Matches
141,Reynaldo Cesar Moraes,br BRA,DF,Cruzeiro,26,1997,0.7,0,0,0,,0.00,0.00,,,,0,0,0,0.0,0.0,,0.0,0.0,Matches
142,Reynaldo Cesar Moraes,br BRA,DF,Coritiba,26,1997,2.7,0,0,0,,0.00,0.00,,,,0,0,0,0.0,0.0,,0.0,0.0,Matches
143,Kayky Chagas,br BRA,"FW,MF",Bahia,19,2003,4.6,2,10,3,30.0,2.20,0.66,0.20,0.67,13.7,0,0,0,1.5,1.5,0.15,#ERROR!,#ERROR!,Matches
144,Jhon Chancellor,ve VEN,DF,Coritiba,31,1992,3.4,0,1,0,0.0,0.30,0.00,0.00,,14.7,0,0,0,0.0,0.0,0.02,0.0,0.0,Matches
145,Gabriel Chapecó,br BRA,GK,Grêmio,22,2000,31.0,0,0,0,,0.00,0.00,,,,0,0,0,0.0,0.0,,0.0,0.0,Matches
146,Gabriel Chaves,br BRA,"FW,MF",Vasco da Gama,21,2001,29.0,8,66,24,36.4,2.27,0.83,0.12,0.33,17.8,5,0,0,9.1,9.1,0.14,-1.1,-1.1,Matches
147,Jhoanner Chávez,ec ECU,"DF,MF",Bahia,20,2002,6.5,0,4,1,25.0,0.61,0.15,0.00,0.00,24.7,0,0,0,0.2,0.2,0.05,-0.2,-0.2,Matches
148,Chiqueti,br BRA,MF,Ath Paranaense,17,2005,0.2,0,0,0,,0.00,0.00,,,,,0,0,,,,,,Matches
149,Christian,br BRA,"MF,FW",Ath Paranaense,22,2000,15.1,4,26,7,26.9,1.72,0.46,0.15,0.57,20.1,0,0,0,2.7,2.7,0.10,#ERROR!,#ERROR!,Matches
150,Cicinho,bg BUL,DF,Bahia,34,1988,8.4,0,5,2,40.0,0.60,0.24,0.00,0.00,13.1,0,0,0,0.4,0.4,0.09,-0.4,-0.4,Matches
Rk,Player,Nation,Pos,Squad,Age,Born,90s,Gls,Sh,SoT,SoT%,Sh/90,SoT/90,G/Sh,G/SoT,Dist,FK,PK,PKatt,xG,npxG,npxG/Sh,G-xG,np:G-xG,Matches
151,Cipriano,br BRA,DF,Bragantino,20,2002,0.8,0,0,0,,0.00,0.00,,,,0,0,0,0.0,0.0,,0.0,0.0,Matches
152,Marcelo Cirino,br BRA,"FW,MF",Ath Paranaense,31,1992,1.1,0,2,0,0.0,1.76,0.00,0.00,,10.8,0,0,0,0.4,0.4,0.19,-0.4,-0.4,Matches
153,Léo Cittadini,br BRA,MF,Bahia,28,1994,1.5,0,2,1,50.0,1.29,0.65,0.00,0.00,20.3,0,0,0,0.1,0.1,0.03,-0.1,-0.1,Matches
154,Léo Cittadini,br BRA,"MF,FW",Ath Paranaense,28,1994,2.2,0,3,1,33.3,1.34,0.45,0.00,0.00,23.0,0,0,0,0.1,0.1,0.05,-0.1,-0.1,Matches
155,Mateus Claus,br BRA,GK,Bahia,28,1994,0.6,0,0,0,,0.00,0.00,,,,0,0,0,0.0,0.0,,0.0,0.0,Matches
156,Clayson,br BRA,"FW,MF",Cuiabá,27,1995,18.2,7,31,6,19.4,1.70,0.33,0.13,0.67,21.4,1,3,3,4.5,2.1,0.07,#ERROR!,#ERROR!,Matches
157,Mateus Cocão,br BRA,MF,Vasco da Gama,20,2002,3.9,0,2,0,0.0,0.52,0.00,0.00,,8.9,0,0,0,0.4,0.4,0.19,-0.4,-0.4,Matches
158,Diego Costa,es ESP,FW,Botafogo (RJ),34,1988,5.7,3,16,7,43.8,2.79,1.22,0.19,0.43,12.8,1,0,0,1.9,1.9,0.12,#ERROR!,#ERROR!,Matches
159,Philippe Costa,br BRA,FW,Goiás,22,2000,1.2,0,4,1,25.0,3.30,0.83,0.00,0.00,16.7,0,0,0,0.2,0.2,0.06,-0.2,-0.2,Matches
160,Talles Costa,br BRA,"MF,FW",São Paulo,20,2002,1.5,0,4,2,50.0,2.67,1.33,0.00,0.00,16.2,0,0,0,0.2,0.2,0.06,-0.2,-0.2,Matches
161,Lucas Crispim,br BRA,"MF,DF",Fortaleza,28,1994,5.4,0,8,1,12.5,1.48,0.18,0.00,0.00,27.7,3,0,0,0.2,0.2,0.03,-0.2,-0.2,Matches
162,Franco Cristaldo,ar ARG,"MF,FW",Grêmio,26,1996,23.7,8,37,19,51.4,1.56,0.80,0.14,0.26,19.1,1,3,4,6.6,3.6,0.10,#ERROR!,#ERROR!,Matches
163,Tomás Cuello,ar ARG,"MF,FW",Ath Paranaense,22,2000,22.8,0,30,8,26.7,1.31,0.35,0.00,0.00,22.4,0,0,0,1.5,1.5,0.05,-1.5,-1.5,Matches
164,Víctor Cuesta,ar ARG,DF,Botafogo (RJ),34,1988,35.0,1,22,5,22.7,0.63,0.14,0.05,0.20,13.8,3,0,0,2.4,2.2,0.10,-1.4,-1.2,Matches
165,Cuiabano,br BRA,"DF,MF",Grêmio,19,2003,5.4,1,10,5,50.0,1.84,0.92,0.10,0.20,19.8,0,0,0,0.7,0.7,0.07,#ERROR!,#ERROR!,Matches
166,Lucas Cunha,br BRA,DF,Bragantino,26,1997,0.8,0,0,0,,0.00,0.00,,,,0,0,0,0.0,0.0,,0.0,0.0,Matches
167,Matheus Cunha,br BRA,GK,Flamengo,21,2001,17.6,0,0,0,,0.00,0.00,,,,0,0,0,0.0,0.0,,0.0,0.0,Matches
168,Ian Custódio,br BRA,DF,Palmeiras,19,2003,0.2,0,0,0,,0.00,0.00,,,,0,0,0,0.0,0.0,,0.0,0.0,Matches
169,João Dalla Corte,br BRA,DF,Internacional,16,2006,0.2,0,0,0,,0.00,0.00,,,,0,0,0,0.0,0.0,,0.0,0.0,Matches
170,Danielzinho,br BRA,"FW,MF",Bahia,27,1996,0.9,0,1,1,100.0,1.14,1.14,0.00,0.00,18.9,0,0,0,0.0,0.0,0.04,0.0,0.0,Matches
171,Danielzinho,br BRA,FW,Ath Paranaense,20,2002,0.0,0,0,0,,0.00,0.00,,,,0,0,0,0.0,0.0,,0.0,0.0,Matches
172,Danielzinho,br BRA,MF,Fluminense,27,1996,6.8,0,5,1,20.0,0.74,0.15,0.00,0.00,19.5,0,0,0,0.4,0.4,0.07,-0.4,-0.4,Matches
173,David,br BRA,"FW,MF",São Paulo,27,1995,8.1,2,22,9,40.9,2.70,1.11,0.09,0.22,14.5,0,0,0,3.1,3.1,0.14,-1.1,-1.1,Matches
174,Giorgian De Arrascaeta,uy URU,"MF,FW",Flamengo,28,1994,20.5,7,54,16,29.6,2.64,0.78,0.13,0.44,19.1,4,0,0,4.9,4.9,0.09,#ERROR!,#ERROR!,Matches
175,Sergio Antonio De Luiz Junior,br BRA,"MF,DF",Vasco da Gama,27,1995,4.0,2,6,3,50.0,1.50,0.75,0.33,0.67,9.6,0,0,0,1.4,1.4,0.23,#ERROR!,#ERROR!,Matches
Rk,Player,Nation,Pos,Squad,Age,Born,90s,Gls,Sh,SoT,SoT%,Sh/90,SoT/90,G/Sh,G/SoT,Dist,FK,PK,PKatt,xG,npxG,npxG/Sh,G-xG,np:G-xG,Matches
176,Denilson,br BRA,MF,Cuiabá,21,2001,21.2,1,32,9,28.1,1.51,0.42,0.03,0.11,25.3,1,0,0,1.3,1.3,0.04,-0.3,-0.3,Matches
177,Denzel,br BRA,FW,Goiás,20,2003,0.3,0,0,0,,0.00,0.00,,,,0,0,0,0.0,0.0,,0.0,0.0,Matches
178,Deyverson,br BRA,FW,Cuiabá,31,1991,32.3,12,66,29,43.9,02.04,0.90,0.14,0.31,13.3,3,3,4,12.3,9.4,0.14,-0.3,-0.4,Matches
179,Leonel Di Plácido,ar ARG,DF,Botafogo (RJ),29,1994,26.2,1,10,3,30.0,0.38,0.11,0.10,0.33,27.8,0,0,0,0.2,0.2,0.02,#ERROR!,#ERROR!,Matches
180,Gabriel Dias,br BRA,DF,Vasco da Gama,28,1994,0.1,0,0,0,,0.00,0.00,,,,0,0,0,0.0,0.0,,0.0,0.0,Matches
181,Jean Dias,br BRA,"FW,MF",Internacional,32,1990,3.6,1,7,2,28.6,1.96,0.56,0.14,0.50,20.3,2,0,0,1.0,1.0,0.14,0.0,0.0,Matches
182,Luan Dias,br BRA,"MF,FW",Santos,25,1997,2.1,0,0,0,,0.00,0.00,,,,0,0,0,0.0,0.0,,0.0,0.0,Matches
183,Matheus Dias,br BRA,"MF,FW",Internacional,25,1997,4.5,0,1,0,0.0,0.22,0.00,0.00,,12.9,0,0,0,0.1,0.1,0.15,-0.1,-0.1,Matches
184,Diego,br BRA,DF,São Paulo,23,1999,19.4,0,9,4,44.4,0.46,0.21,0.00,0.00,12.7,0,0,0,0.6,0.6,0.06,-0.6,-0.6,Matches
185,Dieguinho,br BRA,"DF,FW",Goiás,27,1995,12.0,0,10,0,0.0,0.83,0.00,0.00,,25.3,0,0,0,0.4,0.4,0.04,-0.4,-0.4,Matches
186,Diogo,br BRA,"FW,MF",Coritiba,26,1996,8.4,1,17,7,41.2,02.02,0.83,0.06,0.14,12.2,0,0,0,2.7,2.7,0.16,-1.7,-1.7,Matches
187,Dodi,br BRA,MF,Santos,26,1996,19.1,0,12,4,33.3,0.63,0.21,0.00,0.00,25.9,2,0,0,0.9,0.9,0.07,-0.9,-0.9,Matches
188,Dodô,br BRA,DF,Atlético Mineiro,30,1992,0.7,0,1,0,0.0,1.53,0.00,0.00,,25.0,0,0,0,0.0,0.0,0.02,0.0,0.0,Matches
189,Dodô,br BRA,DF,Santos,30,1992,15.8,0,7,0,0.0,0.44,0.00,0.00,,11.0,0,0,0,0.5,0.5,0.08,-0.5,-0.5,Matches
190,Dodô,br BRA,"MF,FW",Goiás,21,2001,3.6,2,6,2,33.3,1.67,0.56,0.33,1.00,19.4,0,0,0,1.2,1.2,0.20,#ERROR!,#ERROR!,Matches
191,Thiago Dombroski,br BRA,DF,Coritiba,20,2002,5.6,0,2,0,0.0,0.36,0.00,0.00,,12.5,0,0,0,0.1,0.1,0.05,-0.1,-0.1,Matches
192,Halerrandrio dos Santos,br BRA,MF,Goiás,16,2006,0.3,0,2,0,0.0,6.21,0.00,0.00,,22.3,0,0,0,0.0,0.0,0.01,0.0,0.0,Matches
193,Thiago dos Santos,br BRA,"DF,MF",Fluminense,33,1989,9.1,0,6,1,16.7,0.66,0.11,0.00,0.00,23.0,0,0,0,0.2,0.2,0.04,-0.2,-0.2,Matches
194,Henrique Dourado,br BRA,FW,Cruzeiro,33,1989,3.8,1,14,3,21.4,3.68,0.79,0.07,0.33,13.6,0,0,0,2.3,2.3,0.17,-1.3,-1.3,Matches
195,David Duarte,br BRA,DF,Bahia,28,1995,9.6,1,7,2,28.6,0.73,0.21,0.14,0.50,13.2,0,0,0,0.6,0.6,0.08,#ERROR!,#ERROR!,Matches
196,Dudu,br BRA,MF,Ath Paranaense,17,2006,0.0,0,0,0,,0.00,0.00,,,,0,0,0,0.0,0.0,,0.0,0.0,Matches
197,Dudu,br BRA,FW,Palmeiras,31,1992,12.0,3,35,10,28.6,2.93,0.84,0.09,0.30,19.0,0,0,0,2.4,2.4,0.07,#ERROR!,#ERROR!,Matches
198,Éberth,br BRA,FW,Coritiba,19,2003,0.3,0,1,0,0.0,3.60,0.00,0.00,,18.3,0,0,0,0.0,0.0,0.03,0.0,0.0,Matches
199,Edenílson,br BRA,"MF,FW",Atlético Mineiro,33,1989,15.2,1,8,3,37.5,0.53,0.20,0.13,0.33,20.3,0,0,0,0.5,0.5,0.06,#ERROR!,#ERROR!,Matches
200,Eder,br BRA,DF,América (MG),27,1995,17.4,0,7,2,28.6,0.40,0.11,0.00,0.00,12.7,0,0,0,0.4,0.4,0.05,-0.4,-0.4,Matches
Rk,Player,Nation,Pos,Squad,Age,Born,90s,Gls,Sh,SoT,SoT%,Sh/90,SoT/90,G/Sh,G/SoT,Dist,FK,PK,PKatt,xG,npxG,npxG/Sh,G-xG,np:G-xG,Matches
201,EDU,br BRA,DF,Goiás,22,2000,4.8,0,2,1,50.0,0.41,0.21,0.00,0.00,6.7,0,0,0,0.4,0.4,0.20,-0.4,-0.4,Matches
202,Edu,br BRA,"FW,MF",Coritiba,29,1993,3.6,2,10,4,40.0,2.81,1.13,0.20,0.50,13.4,0,0,0,2.5,2.5,0.25,-0.5,-0.5,Matches
203,Carlos Eduardo,br BRA,"MF,FW",Atlético Mineiro,18,2004,0.1,0,1,0,0.0,7.50,0.00,0.00,,28.8,0,0,0,0.0,0.0,0.01,0.0,0.0,Matches
204,Carlos Eduardo,br BRA,MF,Botafogo (RJ),33,1989,29.7,6,43,18,41.9,1.45,0.61,0.14,0.33,16.0,8,0,0,5.5,5.5,0.13,#ERROR!,#ERROR!,Matches
205,Eguinaldo,br BRA,"FW,MF",Vasco da Gama,18,2004,0.7,0,2,0,0.0,2.69,0.00,0.00,,22.3,0,0,0,0.1,0.1,0.03,-0.1,-0.1,Matches
206,Rafael Elias,br BRA,FW,Cruzeiro,23,1999,6.0,1,17,7,41.2,2.83,1.17,0.06,0.14,15.1,0,0,0,2.5,2.5,0.15,-1.5,-1.5,Matches
207,Rodrigo Ely,br BRA,DF,Grêmio,29,1993,7.4,0,0,0,,0.00,0.00,,,,0,0,0,0.0,0.0,,0.0,0.0,Matches
208,Lucas Emmanuel,br BRA,FW,Goiás,22,2000,0.6,0,0,0,,0.00,0.00,,,,0,0,0,0.0,0.0,,0.0,0.0,Matches
209,Leandro Emmanuel Martínez,ar ARG,MF,América (MG),28,1994,28.2,1,37,11,29.7,1.31,0.39,0.03,0.09,22.8,3,0,0,3.3,3.3,0.09,-2.3,-2.3,Matches
210,Alan Empereur,br BRA,DF,Cuiabá,28,1994,32.8,1,12,4,33.3,0.37,0.12,0.08,0.25,19.5,0,0,0,0.5,0.5,0.04,#ERROR!,#ERROR!,Matches
211,Endrick,br BRA,FW,Palmeiras,16,2006,17.3,11,49,25,51.0,2.83,1.44,0.22,0.44,17.4,1,0,1,8.1,7.3,0.15,#ERROR!,#ERROR!,Matches
212,Erick,br BRA,MF,Ath Paranaense,25,1997,27.8,4,56,15,26.8,02.02,0.54,0.07,0.27,13.4,0,0,0,5.4,5.4,0.10,-1.4,-1.4,Matches
213,Erison,br BRA,"FW,MF",São Paulo,23,1999,4.3,1,17,3,17.6,3.91,0.69,0.00,0.00,18.0,1,1,1,1.8,1.0,0.06,-0.8,-1.0,Matches
214,Gonzalo Escobar,ar ARG,DF,Fortaleza,25,1997,6.4,0,7,1,14.3,01.09,0.16,0.00,0.00,17.4,0,0,0,0.3,0.3,0.04,-0.3,-0.3,Matches
215,Lucas Esquivel,ar ARG,DF,Ath Paranaense,21,2001,18.3,0,8,2,25.0,0.44,0.11,0.00,0.00,22.1,3,0,0,0.2,0.2,0.03,-0.2,-0.2,Matches
216,Estevão,br BRA,MF,Internacional,20,2002,0.1,0,1,1,100.0,8.18,8.18,0.00,0.00,26.5,0,0,0,0.0,0.0,0.02,0.0,0.0,Matches
217,Estevão,br BRA,FW,Palmeiras,16,2006,0.1,0,0,0,,0.00,0.00,,,,,0,0,,,,,,Matches
218,Vitor Eudes,br BRA,GK,Fluminense,24,1998,1.0,0,0,0,,0.00,0.00,,,,0,0,0,0.0,0.0,,0.0,0.0,Matches
219,Lucas Evangelista,br BRA,MF,Bragantino,27,1995,30.2,1,67,13,19.4,2.22,0.43,0.01,0.08,21.2,4,0,0,3.7,3.7,0.06,-2.7,-2.7,Matches
220,Everaldo,br BRA,"FW,MF",América (MG),28,1994,13.7,1,20,4,20.0,1.46,0.29,0.05,0.25,20.4,0,0,0,1.2,1.2,0.06,-0.2,-0.2,Matches
221,Éverson,br BRA,GK,Atlético Mineiro,32,1990,36.0,0,0,0,,0.00,0.00,,,,0,0,0,0.0,0.0,,0.0,0.0,Matches
222,Everton,br BRA,"FW,MF",Grêmio,25,1997,13.5,6,38,14,36.8,2.82,01.04,0.16,0.43,22.6,0,0,0,3.5,3.5,0.09,#ERROR!,#ERROR!,Matches
223,Bruno Fabiano Alves,br BRA,DF,Grêmio,31,1991,27.2,0,9,1,11.1,0.33,0.04,0.00,0.00,10.5,0,0,0,0.5,0.5,0.06,-0.5,-0.5,Matches
224,Fabinho,br BRA,MF,Palmeiras,20,2002,6.5,0,6,1,16.7,0.92,0.15,0.00,0.00,18.4,0,0,0,0.7,0.7,0.11,-0.7,-0.7,Matches
225,Fábio,br BRA,GK,Fluminense,42,1980,35.0,0,0,0,,0.00,0.00,,,,0,0,0,0.0,0.0,,0.0,0.0,Matches
Rk,Player,Nation,Pos,Squad,Age,Born,90s,Gls,Sh,SoT,SoT%,Sh/90,SoT/90,G/Sh,G/SoT,Dist,FK,PK,PKatt,xG,npxG,npxG/Sh,G-xG,np:G-xG,Matches
226,Fábio,br BRA,"DF,MF",Grêmio,32,1990,9.7,0,6,0,0.0,0.62,0.00,0.00,,18.5,0,0,0,0.2,0.2,0.03,-0.2,-0.2,Matches
227,Fagner,br BRA,DF,Corinthians,33,1989,23.3,0,10,1,10.0,0.43,0.04,0.00,0.00,26.4,2,0,0,0.3,0.3,0.03,-0.3,-0.3,Matches
228,Willian Farias,br BRA,MF,Coritiba,33,1989,10.7,0,7,0,0.0,0.66,0.00,0.00,,25.6,0,0,0,0.2,0.2,0.04,-0.2,-0.2,Matches
229,Luiz Felipe,br BRA,DF,Santos,29,1993,0.0,0,0,0,,0.00,0.00,,,,0,0,0,0.0,0.0,,0.0,0.0,Matches
230,Marcos Felipe,br BRA,GK,Bahia,26,1996,37.0,0,0,0,,0.00,0.00,,,,0,0,0,0.0,0.0,,0.0,0.0,Matches
231,Matheus Felipe,br BRA,DF,Ath Paranaense,24,1998,5.9,0,2,1,50.0,0.34,0.17,0.00,0.00,35.2,0,0,0,0.0,0.0,0.02,0.0,0.0,Matches
232,Danilo Fernandes,br BRA,GK,Bahia,34,1988,0.4,0,0,0,,0.00,0.00,,,,0,0,0,0.0,0.0,,0.0,0.0,Matches
233,Lucas Fernandes,br BRA,MF,Botafogo (RJ),25,1997,5.3,0,17,5,29.4,3.23,0.95,0.00,0.00,18.9,1,0,0,1.1,1.1,0.07,-1.1,-1.1,Matches
234,Matheus Fernandes,br BRA,MF,Bragantino,24,1998,26.0,1,24,6,25.0,0.92,0.23,0.04,0.17,28.0,0,0,0,0.8,0.8,0.03,#ERROR!,#ERROR!,Matches
235,Nathan Fernandes,br BRA,"FW,MF",Grêmio,17,2005,4.2,1,12,5,41.7,2.86,1.19,0.08,0.20,18.0,0,0,0,1.0,1.0,0.08,0.0,0.0,Matches
236,Gatito Fernández,py PAR,GK,Botafogo (RJ),34,1988,0.5,0,0,0,,0.00,0.00,,,,0,0,0,0.0,0.0,,0.0,0.0,Matches
237,Leonardo Fernández,uy URU,"MF,FW",Fluminense,24,1998,7.3,1,24,13,54.2,3.28,1.78,0.04,0.08,28.8,5,0,1,1.5,0.7,0.03,-0.5,#ERROR!,Matches
238,Rodrigo Fernández,uy URU,MF,Santos,27,1996,22.4,1,14,3,21.4,0.63,0.13,0.07,0.33,23.1,0,0,0,1.0,1.0,0.07,0.0,0.0,Matches
239,Fernandinho,br BRA,MF,Ath Paranaense,37,1985,21.5,1,15,4,26.7,0.70,0.19,0.00,0.00,27.8,0,1,1,1.2,0.4,0.03,-0.2,-0.4,Matches
240,Fernando,br BRA,DF,Ath Paranaense,23,1999,5.3,0,2,0,0.0,0.38,0.00,0.00,,26.4,0,0,0,0.1,0.1,0.03,-0.1,-0.1,Matches
241,Nahuel Ferraresi,ve VEN,FW,São Paulo,24,1998,0.0,0,0,0,,0.00,0.00,,,,0,0,0,0.0,0.0,,0.0,0.0,Matches
242,Ferreira,br BRA,"FW,MF",Grêmio,25,1997,12.7,4,28,11,39.3,2.20,0.86,0.14,0.36,18.0,1,0,0,3.0,3.0,0.11,#ERROR!,#ERROR!,Matches
243,Sebastián Ferreira,py PAR,"FW,MF",Vasco da Gama,24,1998,4.9,0,10,2,20.0,02.05,0.41,0.00,0.00,10.2,0,0,0,1.7,1.7,0.17,-1.7,-1.7,Matches
244,Figueiredo,br BRA,"FW,MF",Vasco da Gama,21,2001,7.3,0,28,8,28.6,3.84,1.10,0.00,0.00,22.2,4,0,0,1.8,1.8,0.06,-1.8,-1.8,Matches
245,Tobias Figueiredo,pt POR,DF,Fortaleza,28,1994,3.8,0,2,0,0.0,0.52,0.00,0.00,,18.9,0,0,0,0.0,0.0,0.02,0.0,0.0,Matches
246,Matheus França,br BRA,"MF,FW",Flamengo,18,2004,4.1,1,17,1,5.9,4.15,0.24,0.06,1.00,17.1,0,0,0,1.3,1.3,0.08,-0.3,-0.3,Matches
247,Alan Franco,ec ECU,"MF,FW",Atlético Mineiro,24,1998,9.3,0,4,1,25.0,0.43,0.11,0.00,0.00,22.2,0,0,0,0.2,0.2,0.05,-0.2,-0.2,Matches
248,Alan Franco,ar ARG,DF,São Paulo,26,1996,12.5,1,7,1,14.3,0.56,0.08,0.14,1.00,11.1,0,0,0,0.9,0.9,0.13,#ERROR!,#ERROR!,Matches
249,Fransérgio,br BRA,MF,Coritiba,32,1990,5.9,0,8,1,12.5,1.35,0.17,0.00,0.00,21.2,0,0,0,0.6,0.6,0.08,-0.6,-0.6,Matches
250,Marlon Freitas,br BRA,MF,Botafogo (RJ),27,1995,32.3,1,41,5,12.2,1.27,0.15,0.02,0.20,26.0,0,0,0,2.1,2.1,0.05,-1.1,-1.1,Matches
Rk,Player,Nation,Pos,Squad,Age,Born,90s,Gls,Sh,SoT,SoT%,Sh/90,SoT/90,G/Sh,G/SoT,Dist,FK,PK,PKatt,xG,npxG,npxG/Sh,G-xG,np:G-xG,Matches
251,Bruno Fuchs,br BRA,DF,Atlético Mineiro,23,1999,12.1,0,0,0,,0.00,0.00,,,,0,0,0,0.0,0.0,,0.0,0.0,Matches
252,Julio Furch,ar ARG,"FW,MF",Santos,33,1989,6.8,3,19,9,47.4,2.81,1.33,0.16,0.33,12.8,0,0,0,2.8,2.8,0.15,#ERROR!,#ERROR!,Matches
253,Gabriel,br BRA,DF,Bahia,21,2001,10.9,0,7,3,42.9,0.64,0.28,0.00,0.00,13.7,0,0,0,0.3,0.3,0.05,-0.3,-0.3,Matches
254,Gabriel,br BRA,MF,Internacional,30,1992,8.5,0,4,0,0.0,0.47,0.00,0.00,,30.7,0,0,0,0.0,0.0,0.01,0.0,0.0,Matches
255,Gabriel,br BRA,GK,Coritiba,30,1992,30.7,0,0,0,,0.00,0.00,,,,0,0,0,0.0,0.0,,0.0,0.0,Matches
256,Gabriel,br BRA,MF,Botafogo (RJ),29,1993,9.6,0,15,4,26.7,1.56,0.42,0.00,0.00,23.3,3,0,0,0.7,0.7,0.05,-0.7,-0.7,Matches
257,Eduardo Gabriel,br BRA,DF,Santos,26,1996,3.0,1,8,2,25.0,2.68,0.67,0.13,0.50,12.1,0,0,0,0.4,0.4,0.05,#ERROR!,#ERROR!,Matches
258,Thalisson Gabriel,br BRA,DF,Coritiba,21,2002,10.5,0,3,2,66.7,0.29,0.19,0.00,0.00,10.7,0,0,0,0.2,0.2,0.08,-0.2,-0.2,Matches
259,Zé Gabriel,br BRA,MF,Vasco da Gama,24,1999,21.5,1,13,3,23.1,0.60,0.14,0.08,0.33,28.3,0,0,0,0.5,0.5,0.04,#ERROR!,#ERROR!,Matches
260,Ighor Gabryel,br BRA,FW,América (MG),20,2003,0.3,0,0,0,,0.00,0.00,,,,0,0,0,0.0,0.0,,0.0,0.0,Matches
261,Matías Galarza,py PAR,MF,Vasco da Gama,20,2002,4.5,1,9,2,22.2,02.02,0.45,0.11,0.50,21.2,0,0,0,0.6,0.6,0.07,#ERROR!,#ERROR!,Matches
262,Thiago Galhardo,br BRA,"FW,MF",Fortaleza,33,1989,20.8,5,60,19,31.7,2.88,0.91,0.05,0.16,16.9,0,2,2,7.2,5.6,0.09,-2.2,-2.6,Matches
263,JP Galvão,br BRA,DF,Botafogo (RJ),21,2001,2.2,0,0,0,,0.00,0.00,,,,0,0,0,0.0,0.0,,0.0,0.0,Matches
264,Ganso,br BRA,MF,Fluminense,33,1989,19.3,3,22,7,31.8,1.14,0.36,0.14,0.43,19.1,1,0,0,2.3,2.3,0.10,#ERROR!,#ERROR!,Matches
265,Maurício Garcez,br BRA,"MF,FW",Coritiba,25,1997,6.6,1,13,2,15.4,1.96,0.30,0.08,0.50,17.5,0,0,0,1.2,1.2,0.09,-0.2,-0.2,Matches
266,García,br BRA,DF,Palmeiras,21,2002,3.3,0,2,0,0.0,0.61,0.00,0.00,,23.4,0,0,0,0.0,0.0,0.02,0.0,0.0,Matches
267,Bryan García,ec ECU,MF,Ath Paranaense,22,2001,0.0,0,0,0,,0.00,0.00,,,,0,0,0,0.0,0.0,,0.0,0.0,Matches
268,Luan Garcia,br BRA,DF,Palmeiras,29,1993,20.2,1,19,6,31.6,0.94,0.30,0.05,0.17,10.5,0,0,0,1.9,1.9,0.10,-0.9,-0.9,Matches
269,Rafael Gava,br BRA,MF,Cuiabá,29,1993,0.2,0,0,0,,0.00,0.00,,,,0,0,0,0.0,0.0,,0.0,0.0,Matches
270,Pedro Geromel,br BRA,DF,Grêmio,37,1985,5.2,0,1,0,0.0,0.19,0.00,0.00,,11.6,0,0,0,0.0,0.0,0.03,0.0,0.0,Matches
271,Gerson,br BRA,MF,Flamengo,25,1997,29.9,5,31,12,38.7,01.04,0.40,0.16,0.42,19.8,0,0,0,2.9,2.9,0.10,#ERROR!,#ERROR!,Matches
272,Gil,br BRA,DF,Corinthians,35,1987,32.0,2,28,13,46.4,0.87,0.41,0.07,0.15,11.0,0,0,0,2.2,2.2,0.08,-0.2,-0.2,Matches
273,Gilberto,br BRA,FW,Cruzeiro,33,1989,12.1,3,35,9,25.7,2.88,0.74,0.09,0.33,15.3,0,0,0,3.7,3.7,0.10,-0.7,-0.7,Matches
274,Gilberto,br BRA,DF,Bahia,29,1993,20.6,1,18,4,22.2,0.87,0.19,0.06,0.25,26.1,1,0,0,0.6,0.6,0.04,#ERROR!,#ERROR!,Matches
275,Giovane,br BRA,FW,Corinthians,19,2003,1.5,1,4,1,25.0,2.71,0.68,0.25,1.00,11.6,0,0,0,0.9,0.9,0.21,#ERROR!,#ERROR!,Matches
Rk,Player,Nation,Pos,Squad,Age,Born,90s,Gls,Sh,SoT,SoT%,Sh/90,SoT/90,G/Sh,G/SoT,Dist,FK,PK,PKatt,xG,npxG,npxG/Sh,G-xG,np:G-xG,Matches
276,Giovani,br BRA,FW,Palmeiras,19,2004,0.2,0,1,0,0.0,6.00,0.00,0.00,,14.0,0,0,0,0.1,0.1,0.08,-0.1,-0.1,Matches
277,Giovanni,br BRA,"MF,DF",Fluminense,21,2002,1.1,0,4,0,0.0,3.75,0.00,0.00,,24.6,0,0,0,0.1,0.1,0.02,-0.1,-0.1,Matches
278,Bruno Gomes,br BRA,MF,Coritiba,21,2001,24.4,3,40,13,32.5,1.64,0.53,0.08,0.23,23.1,7,0,0,2.3,2.3,0.06,#ERROR!,#ERROR!,Matches
279,Igor Gomes,br BRA,"MF,FW",Atlético Mineiro,23,1999,15.3,2,19,5,26.3,1.24,0.33,0.11,0.40,21.0,0,0,0,1.8,1.8,0.09,#ERROR!,#ERROR!,Matches
280,Igor Gomes,br BRA,DF,Internacional,21,2001,16.3,0,11,2,18.2,0.68,0.12,0.00,0.00,19.6,0,0,0,0.6,0.6,0.06,-0.6,-0.6,Matches
281,Marlon Gomes,br BRA,MF,Vasco da Gama,19,2003,12.7,0,11,0,0.0,0.87,0.00,0.00,,,,0,0,,,,,,Matches
282,William Gomes,br BRA,FW,São Paulo,16,2006,0.8,0,2,0,0.0,2.37,0.00,0.00,,13.3,0,0,0,0.1,0.1,0.04,-0.1,-0.1,Matches
283,Gustavo Gómez,py PAR,DF,Palmeiras,29,1993,30.7,2,25,6,24.0,0.82,0.20,0.08,0.33,10.9,0,0,0,2.2,2.2,0.09,-0.2,-0.2,Matches
284,Sebastián Gómez,co COL,MF,Coritiba,26,1996,15.9,2,13,4,30.8,0.82,0.25,0.15,0.50,19.9,1,0,0,0.8,0.8,0.06,#ERROR!,#ERROR!,Matches
285,Aloísio dos Santos Gonçalves,cn CHN,"FW,MF",América (MG),34,1988,8.0,3,34,10,29.4,4.27,1.26,0.03,0.10,20.5,2,2,2,4.1,2.7,0.08,-1.1,-1.7,Matches
286,Diego Gonçalves,br BRA,"FW,MF",Goiás,28,1994,4.0,0,6,2,33.3,1.52,0.51,0.00,0.00,20.7,0,0,0,0.5,0.5,0.08,-0.5,-0.5,Matches
287,Mateus Gonçalves Martins,br BRA,"MF,FW",América (MG),28,1994,0.7,0,0,0,,0.00,0.00,,,,0,0,0,0.0,0.0,,0.0,0.0,Matches
288,Matheus Gonçalves,br BRA,"FW,MF",Flamengo,17,2005,0.2,0,1,0,0.0,5.63,0.00,0.00,,21.0,0,0,0,0.1,0.1,0.05,-0.1,-0.1,Matches
289,Matheus Gonçalves,br BRA,"FW,MF",Bragantino,17,2005,5.1,0,16,2,12.5,3.12,0.39,0.00,0.00,19.0,0,0,0,0.9,0.9,0.06,-0.9,-0.9,Matches
290,Yony González,co COL,"FW,MF",Fluminense,28,1994,6.4,1,13,5,38.5,02.03,0.78,0.08,0.20,12.0,0,0,0,2.1,2.1,0.16,-1.1,-1.1,Matches
291,Roger Guedes,br BRA,"FW,MF",Corinthians,26,1996,15.0,7,45,16,35.6,3.00,01.07,0.11,0.31,17.8,7,2,2,6.6,5.1,0.11,#ERROR!,-0.1,Matches
292,Guga,br BRA,DF,Fluminense,24,1998,16.8,1,8,2,25.0,0.48,0.12,0.13,0.50,18.5,0,0,0,0.8,0.8,0.10,#ERROR!,#ERROR!,Matches
293,Guilherme,br BRA,MF,Goiás,31,1991,20.6,6,31,10,32.3,1.51,0.49,0.06,0.20,21.3,5,4,4,5.6,2.4,0.08,#ERROR!,-0.4,Matches
294,Guilherme,br BRA,"FW,MF",Fortaleza,27,1995,15.7,3,37,14,37.8,2.36,0.89,0.08,0.21,17.0,2,0,0,4.4,4.4,0.12,-1.4,-1.4,Matches
295,Guilherme,br BRA,"DF,MF",Bragantino,20,2002,2.9,0,3,1,33.3,01.03,0.34,0.00,0.00,28.3,0,0,0,0.1,0.1,0.02,-0.1,-0.1,Matches
296,Luis Guilherme,br BRA,"FW,MF",Palmeiras,16,2006,6.4,0,15,3,20.0,2.34,0.47,0.00,0.00,21.4,0,0,0,0.7,0.7,0.05,-0.7,-0.7,Matches
297,Gustavinho,br BRA,"FW,MF",Grêmio,21,2001,0.4,0,1,0,0.0,2.73,0.00,0.00,,3.3,0,0,0,0.4,0.4,0.38,-0.4,-0.4,Matches
298,Gustavinho,br BRA,"MF,FW",Bragantino,18,2004,7.4,1,11,3,27.3,1.49,0.41,0.09,0.33,22.9,0,0,0,0.6,0.6,0.05,#ERROR!,#ERROR!,Matches
299,Raphael Guzzo,pt POR,MF,Goiás,28,1995,6.4,1,12,3,25.0,1.87,0.47,0.08,0.33,15.9,0,0,0,1.0,1.0,0.08,0.0,0.0,Matches
300,Lucas Halter,br BRA,DF,Goiás,22,2000,28.7,3,20,6,30.0,0.70,0.21,0.15,0.50,11.5,0,0,0,0.9,0.9,0.04,#ERROR!,#ERROR!,Matches
Rk,Player,Nation,Pos,Squad,Age,Born,90s,Gls,Sh,SoT,SoT%,Sh/90,SoT/90,G/Sh,G/SoT,Dist,FK,PK,PKatt,xG,npxG,npxG/Sh,G-xG,np:G-xG,Matches
301,Hayner,br BRA,"DF,MF",Coritiba,27,1995,3.4,0,0,0,,0.00,0.00,,,,0,0,0,0.0,0.0,,0.0,0.0,Matches
302,Thiago Heleno,br BRA,DF,Ath Paranaense,34,1988,30.9,0,19,5,26.3,0.62,0.16,0.00,0.00,10.9,0,0,0,0.8,0.8,0.04,-0.8,-0.8,Matches
303,Helinho,br BRA,FW,Bragantino,22,2000,15.4,3,43,17,39.5,2.80,1.11,0.07,0.18,23.1,6,0,0,3.2,3.2,0.07,-0.2,-0.2,Matches
304,Henrique,br BRA,DF,Coritiba,36,1986,22.5,0,6,3,50.0,0.27,0.13,0.00,0.00,15.6,0,0,0,0.5,0.5,0.08,-0.5,-0.5,Matches
305,Bruno Henrique,br BRA,"FW,MF",Flamengo,32,1990,17.1,2,38,16,42.1,2.22,0.93,0.05,0.13,16.2,0,0,0,3.8,3.8,0.10,-1.8,-1.8,Matches
306,Bruno Henrique,br BRA,MF,Internacional,33,1989,11.7,2,19,7,36.8,1.63,0.60,0.11,0.29,25.0,3,0,0,1.2,1.2,0.06,#ERROR!,#ERROR!,Matches
307,Dalbert Henrique,br BRA,DF,Internacional,29,1993,5.5,0,2,0,0.0,0.36,0.00,0.00,,23.2,0,0,0,0.0,0.0,0.02,0.0,0.0,Matches
308,Fernando Henrique,br BRA,MF,Cruzeiro,21,2001,1.5,0,4,1,25.0,2.75,0.69,0.00,0.00,20.2,0,0,0,1.0,1.0,0.24,-1.0,-1.0,Matches
309,Luis Henrique,br BRA,"FW,MF",Botafogo (RJ),21,2001,15.3,4,27,13,48.1,1.76,0.85,0.15,0.31,20.2,0,0,0,3.3,3.3,0.12,#ERROR!,#ERROR!,Matches
310,Mateus Henrique,br BRA,DF,América (MG),20,2002,6.0,0,3,0,0.0,0.50,0.00,0.00,,13.5,0,0,0,0.2,0.2,0.07,-0.2,-0.2,Matches
311,Paulo Henrique,br BRA,DF,Vasco da Gama,26,1996,9.5,1,10,6,60.0,01.06,0.63,0.10,0.17,24.1,0,0,0,0.3,0.3,0.03,#ERROR!,#ERROR!,Matches
312,Pedro Henrique,br BRA,DF,Ath Paranaense,27,1995,9.5,1,7,2,28.6,0.74,0.21,0.14,0.50,15.5,0,0,0,0.6,0.6,0.08,#ERROR!,#ERROR!,Matches
313,Pedro Henrique,br BRA,"FW,MF",Internacional,32,1990,14.1,3,36,9,25.0,2.55,0.64,0.06,0.22,17.2,0,1,1,4.4,3.6,0.10,-1.4,-1.6,Matches
314,Breno Herculano,br BRA,"FW,MF",Goiás,23,1999,0.9,0,4,0,0.0,4.56,0.00,0.00,,14.4,0,0,0,0.2,0.2,0.06,-0.2,-0.2,Matches
315,Hércules,br BRA,MF,Fortaleza,22,2000,8.6,1,15,5,33.3,1.75,0.58,0.07,0.20,27.8,0,0,0,1.2,1.2,0.08,-0.2,-0.2,Matches
316,Diego Hernández,uy URU,FW,Botafogo (RJ),22,2000,0.5,0,3,2,66.7,6.59,4.39,0.00,0.00,22.2,0,0,0,0.2,0.2,0.07,-0.2,-0.2,Matches
317,Nicolás Hernández,co COL,DF,Internacional,25,1998,14.4,0,4,0,0.0,0.28,0.00,0.00,,10.0,0,0,0,0.2,0.2,0.05,-0.2,-0.2,Matches
318,Lucca Holanda,br BRA,FW,Internacional,19,2003,6.1,0,12,3,25.0,1.96,0.49,0.00,0.00,17.2,0,0,0,0.6,0.6,0.05,-0.6,-0.6,Matches
319,Hugo,br BRA,DF,Goiás,25,1997,15.8,1,16,6,37.5,01.02,0.38,0.06,0.17,28.2,3,0,0,0.4,0.4,0.02,#ERROR!,#ERROR!,Matches
320,Hugo,br BRA,DF,Botafogo (RJ),21,2001,15.5,0,8,2,25.0,0.52,0.13,0.00,0.00,27.4,0,0,0,0.2,0.2,0.03,-0.2,-0.2,Matches
321,Victor Hugo,br BRA,"MF,FW",Flamengo,18,2004,14.2,1,15,3,20.0,01.06,0.21,0.07,0.33,17.5,0,0,0,1.1,1.1,0.07,-0.1,-0.1,Matches
322,Vitor Hugo,br BRA,DF,Bahia,31,1991,23.7,1,14,3,21.4,0.59,0.13,0.07,0.33,12.5,0,0,0,0.7,0.7,0.05,#ERROR!,#ERROR!,Matches
323,Hulk,br BRA,FW,Atlético Mineiro,36,1986,32.7,15,117,43,36.8,3.58,1.32,0.09,0.23,25.2,34,5,5,11.9,8.4,0.07,#ERROR!,#ERROR!,Matches
324,José Hurtado,ec ECU,DF,Bragantino,21,2001,18.0,0,7,2,28.6,0.39,0.11,0.00,0.00,26.9,0,0,0,0.3,0.3,0.04,-0.3,-0.3,Matches
325,Hyoran,br BRA,"MF,FW",Atlético Mineiro,29,1993,7.7,2,19,5,26.3,2.47,0.65,0.11,0.40,20.9,3,0,0,2.1,2.1,0.11,-0.1,-0.1,Matches
Rk,Player,Nation,Pos,Squad,Age,Born,90s,Gls,Sh,SoT,SoT%,Sh/90,SoT/90,G/Sh,G/SoT,Dist,FK,PK,PKatt,xG,npxG,npxG/Sh,G-xG,np:G-xG,Matches
326,Igor,br BRA,MF,Flamengo,19,2003,0.9,0,4,0,0.0,4.62,0.00,0.00,,30.1,0,0,0,0.3,0.3,0.06,-0.3,-0.3,Matches
327,André Inácio,br BRA,FW,Flamengo,20,2002,0.2,0,0,0,,0.00,0.00,,,,0,0,0,0.0,0.0,,0.0,0.0,Matches
328,Gabriel Inocêncio,br BRA,DF,Santos,28,1994,14.2,0,11,4,36.4,0.78,0.28,0.00,0.00,22.1,0,0,0,0.5,0.5,0.04,-0.5,-0.5,Matches
329,Isaac,br BRA,FW,Atlético Mineiro,18,2004,0.2,0,0,0,,0.00,0.00,,,,0,0,0,0.0,0.0,,0.0,0.0,Matches
330,Isaac,br BRA,"MF,DF",Fluminense,18,2004,1.5,0,4,0,0.0,2.75,0.00,0.00,,13.5,0,0,0,0.3,0.3,0.06,-0.3,-0.3,Matches
331,Juan Iturbe,py PAR,"FW,MF",Grêmio,29,1993,0.8,0,0,0,,0.00,0.00,,,,0,0,0,0.0,0.0,,0.0,0.0,Matches
332,Zé Ivaldo,br BRA,DF,Ath Paranaense,25,1997,11.3,0,3,1,33.3,0.27,0.09,0.00,0.00,26.6,1,0,0,0.1,0.1,0.03,-0.1,-0.1,Matches
333,Ivonei,br BRA,MF,Santos,20,2002,0.0,0,0,0,,0.00,0.00,,,,0,0,0,0.0,0.0,,0.0,0.0,Matches
334,Vítor Jacaré,br BRA,"DF,MF",Bahia,23,1999,9.5,1,23,7,30.4,2.42,0.74,0.04,0.14,22.2,3,0,0,1.1,1.1,0.05,-0.1,-0.1,Matches
335,Jadsom,br BRA,MF,Bragantino,21,2001,21.1,1,23,6,26.1,01.09,0.28,0.04,0.17,27.7,0,0,0,1.2,1.2,0.05,-0.2,-0.2,Matches
336,Jair,br BRA,MF,Vasco da Gama,28,1994,17.7,3,13,4,30.8,0.74,0.23,0.08,0.25,18.5,0,2,2,2.2,0.6,0.05,#ERROR!,#ERROR!,Matches
337,Jamerson,br BRA,"DF,FW",Coritiba,24,1998,21.0,0,17,6,35.3,0.81,0.29,0.00,0.00,27.7,3,0,0,0.5,0.5,0.03,-0.5,-0.5,Matches
338,Janderson,br BRA,"FW,MF",Botafogo (RJ),23,1999,4.6,1,14,4,28.6,03.04,0.87,0.07,0.25,16.8,0,0,0,1.7,1.7,0.12,-0.7,-0.7,Matches
339,Jandrei,br BRA,GK,São Paulo,29,1993,5.0,0,0,0,,0.00,0.00,,,,0,0,0,0.0,0.0,,0.0,0.0,Matches
340,Léo Jardim,br BRA,GK,Vasco da Gama,27,1995,38.0,0,0,0,,0.00,0.00,,,,0,0,0,0.0,0.0,,0.0,0.0,Matches
341,Jemerson,br BRA,DF,Atlético Mineiro,30,1992,27.5,0,10,2,20.0,0.36,0.07,0.00,0.00,10.2,0,0,0,1.0,1.0,0.10,-1.0,-1.0,Matches
342,Jesé,es ESP,MF,Coritiba,29,1993,1.1,1,4,2,50.0,3.75,1.87,0.25,0.50,16.1,0,0,0,0.3,0.3,0.07,#ERROR!,#ERROR!,Matches
343,Alexandre Jesus,br BRA,DF,Fluminense,21,2001,0.1,0,1,0,0.0,7.50,0.00,0.00,,29.0,0,0,0,0.0,0.0,0.03,0.0,0.0,Matches
344,Jhow,br BRA,DF,América (MG),19,2003,0.2,0,0,0,,0.00,0.00,,,,0,0,0,0.0,0.0,,0.0,0.0,Matches
345,Joaquim,br BRA,DF,Santos,24,1998,30.3,1,35,9,25.7,1.15,0.30,0.03,0.11,12.2,0,0,0,2.3,2.3,0.07,-1.3,-1.3,Matches
346,John,br BRA,GK,Internacional,26,1996,9.0,0,0,0,,0.00,0.00,,,,0,0,0,0.0,0.0,,0.0,0.0,Matches
347,Felipe Jonatan,br BRA,DF,Santos,24,1998,1.0,0,0,0,,0.00,0.00,,,,0,0,0,0.0,0.0,,0.0,0.0,Matches
348,Jori,br BRA,GK,América (MG),26,1996,11.0,0,0,0,,0.00,0.00,,,,0,0,0,0.0,0.0,,0.0,0.0,Matches
349,Josué,br BRA,MF,Grêmio,17,2005,1.3,0,1,0,0.0,0.77,0.00,0.00,,31.4,0,0,0,0.0,0.0,0.01,0.0,0.0,Matches
350,Jhonatan Jowjow,br BRA,"MF,FW",Palmeiras,20,2002,9.9,0,12,6,50.0,1.21,0.61,0.00,0.00,16.0,1,0,0,1.2,1.2,0.10,-1.2,-1.2,Matches
Rk,Player,Nation,Pos,Squad,Age,Born,90s,Gls,Sh,SoT,SoT%,Sh/90,SoT/90,G/Sh,G/SoT,Dist,FK,PK,PKatt,xG,npxG,npxG/Sh,G-xG,np:G-xG,Matches
351,Daniel Jr,br BRA,MF,Cruzeiro,20,2002,0.3,0,2,0,0.0,7.50,0.00,0.00,,24.6,0,0,0,0.1,0.1,0.03,-0.1,-0.1,Matches
352,Luciano Juba,br BRA,"DF,MF",Bahia,23,1999,7.2,1,14,3,21.4,1.95,0.42,0.07,0.33,24.4,2,0,0,1.1,1.1,0.08,-0.1,-0.1,Matches
353,Juninho,br BRA,MF,América (MG),35,1987,32.5,3,28,10,35.7,0.86,0.31,0.11,0.30,15.7,0,0,0,2.4,2.4,0.09,#ERROR!,#ERROR!,Matches
354,Jussa,br BRA,MF,Cruzeiro,26,1996,19.6,1,21,9,42.9,01.07,0.46,0.05,0.11,23.0,0,0,0,1.2,1.2,0.06,-0.2,-0.2,Matches
355,Justen,br BRA,DF,Fluminense,19,2003,0.6,0,0,0,,0.00,0.00,,,,0,0,0,0.0,0.0,,0.0,0.0,Matches
356,Kaiki,br BRA,"DF,FW",Cruzeiro,19,2003,2.5,0,1,0,0.0,0.39,0.00,0.00,,17.5,0,0,0,0.0,0.0,0.04,0.0,0.0,Matches
357,Kaio,br BRA,"MF,FW",Coritiba,18,2004,9.8,0,9,4,44.4,0.92,0.41,0.00,0.00,21.2,0,0,0,0.4,0.4,0.05,-0.4,-0.4,Matches
358,Lucas Kal,br BRA,MF,América (MG),26,1996,13.7,0,11,2,18.2,0.80,0.15,0.00,0.00,27.0,0,0,0,0.3,0.3,0.03,-0.3,-0.3,Matches
359,Walter Kannemann,ar ARG,DF,Grêmio,31,1991,26.2,0,10,4,40.0,0.38,0.15,0.00,0.00,13.6,0,0,0,1.0,1.0,0.10,-1.0,-1.0,Matches
360,Kanu,br BRA,DF,Bahia,25,1997,32.3,1,20,5,25.0,0.62,0.15,0.05,0.20,13.0,0,0,0,1.7,1.7,0.09,-0.7,-0.7,Matches
361,Alan Kardec,br BRA,"FW,MF",Atlético Mineiro,34,1989,2.9,1,7,1,14.3,2.38,0.34,0.14,1.00,10.5,0,0,0,0.9,0.9,0.13,#ERROR!,#ERROR!,Matches
362,Kauan,br BRA,FW,Fortaleza,17,2005,0.1,0,0,0,,0.00,0.00,,,,0,0,0,0.0,0.0,,0.0,0.0,Matches
363,Vinicius Kaue,br BRA,"DF,MF",Ath Paranaense,19,2003,3.8,0,0,0,,0.00,0.00,,,,0,0,0,0.0,0.0,,0.0,0.0,Matches
364,Kayque,br BRA,MF,Botafogo (RJ),22,2000,0.3,0,1,0,0.0,3.33,0.00,0.00,,25.3,0,0,0,0.0,0.0,0.04,0.0,0.0,Matches
365,Renato Kayser,br BRA,"FW,MF",América (MG),26,1996,0.4,0,3,0,0.0,6.92,0.00,0.00,,9.0,0,0,0,0.4,0.4,0.12,-0.4,-0.4,Matches
366,Keiller,br BRA,GK,Internacional,26,1996,10.0,0,0,0,,0.00,0.00,,,,0,0,0,0.0,0.0,,0.0,0.0,Matches
367,John Kennedy,br BRA,"FW,MF",Fluminense,20,2002,15.2,6,51,22,43.1,3.35,1.44,0.12,0.27,16.3,0,0,0,6.3,6.3,0.12,-0.3,-0.3,Matches
368,Keno,br BRA,"FW,MF",Fluminense,33,1989,17.9,2,42,18,42.9,2.34,1.00,0.02,0.06,20.7,0,1,1,2.8,2.0,0.05,-0.8,-1.0,Matches
369,Kevin,br BRA,"FW,DF",Palmeiras,20,2003,2.6,0,6,1,16.7,2.33,0.39,0.00,0.00,18.2,0,0,0,0.6,0.6,0.10,-0.6,-0.6,Matches
370,Kevyson,br BRA,DF,Santos,18,2004,10.8,0,7,3,42.9,0.65,0.28,0.00,0.00,24.2,0,0,0,0.2,0.2,0.02,-0.2,-0.2,Matches
371,Khellven,br BRA,DF,Ath Paranaense,21,2001,11.1,0,10,2,20.0,0.90,0.18,0.00,0.00,21.0,3,0,0,1.0,1.0,0.12,-1.0,-1.0,Matches
372,Maurício Kozlinski,br BRA,GK,Fortaleza,31,1991,1.0,0,0,0,,0.00,0.00,,,,0,0,0,0.0,0.0,,0.0,0.0,Matches
373,Benjamín Kuscevic,cl CHI,DF,Coritiba,26,1996,22.5,2,12,2,16.7,0.53,0.09,0.17,1.00,12.0,0,0,0,1.0,1.0,0.08,#ERROR!,#ERROR!,Matches
374,Derik Lacerda,br BRA,"FW,MF",Cuiabá,23,1999,7.3,1,19,3,15.8,2.60,0.41,0.05,0.33,14.8,0,0,0,2.2,2.2,0.11,-1.2,-1.2,Matches
375,Ignacio Laquintana,uy URU,FW,Bragantino,23,1999,2.0,0,4,2,50.0,1.97,0.98,0.00,0.00,26.2,0,0,0,0.2,0.2,0.04,-0.2,-0.2,Matches
Rk,Player,Nation,Pos,Squad,Age,Born,90s,Gls,Sh,SoT,SoT%,Sh/90,SoT/90,G/Sh,G/SoT,Dist,FK,PK,PKatt,xG,npxG,npxG/Sh,G-xG,np:G-xG,Matches
376,Thauan Lara,br BRA,"DF,MF",Internacional,19,2004,3.7,0,5,1,20.0,1.34,0.27,0.00,0.00,27.6,1,0,0,0.1,0.1,0.02,-0.1,-0.1,Matches
377,Lelê,br BRA,"FW,MF",Fluminense,25,1997,12.7,2,43,16,37.2,3.38,1.26,0.05,0.13,12.9,0,0,0,6.0,6.0,0.14,-4.0,-4.0,Matches
378,Mauricio Lemos,uy URU,DF,Atlético Mineiro,27,1995,24.6,1,21,7,33.3,0.85,0.28,0.05,0.14,20.2,5,0,0,1.1,1.1,0.05,-0.1,-0.1,Matches
379,Marcos Leonardo,br BRA,FW,Santos,19,2003,28.8,13,76,27,35.5,2.64,0.94,0.12,0.33,16.2,7,4,4,12.4,9.2,0.12,#ERROR!,-0.2,Matches
380,Lian,br BRA,MF,Grêmio,17,2005,0.1,0,0,0,,0.00,0.00,,,,0,0,0,0.0,0.0,,0.0,0.0,Matches
381,Lima,br BRA,"MF,FW",Fluminense,26,1996,28.1,6,47,17,36.2,1.67,0.60,0.13,0.35,21.9,1,0,0,3.0,3.0,0.06,#ERROR!,#ERROR!,Matches
382,Lucas Lima,br BRA,"MF,FW",Santos,32,1990,24.5,1,23,5,21.7,0.94,0.20,0.04,0.20,21.0,6,0,0,1.7,1.7,0.08,-0.7,-0.7,Matches
383,Leonardo Linck,br BRA,GK,Ath Paranaense,21,2001,5.0,0,0,0,,0.00,0.00,,,,0,0,0,0.0,0.0,,0.0,0.0,Matches
384,Liziero,br BRA,MF,Coritiba,24,1998,6.5,0,0,0,,0.00,0.00,,,,0,0,0,0.0,0.0,,0.0,0.0,Matches
385,Marcelo Lomba,br BRA,GK,Palmeiras,36,1986,3.0,0,0,0,,0.00,0.00,,,,0,0,0,0.0,0.0,,0.0,0.0,Matches
386,José López,ar ARG,"FW,MF",Palmeiras,22,2000,6.6,5,22,10,45.5,3.35,1.52,0.23,0.50,13.7,0,0,0,3.5,3.5,0.16,#ERROR!,#ERROR!,Matches
387,Luan,br BRA,MF,São Paulo,23,1999,6.8,0,6,0,0.0,0.89,0.00,0.00,,27.9,0,0,0,0.1,0.1,0.02,-0.1,-0.1,Matches
388,Lucão,br BRA,DF,Bragantino,24,1998,2.2,0,1,1,100.0,0.45,0.45,0.00,0.00,13.5,0,0,0,0.0,0.0,0.02,0.0,0.0,Matches
389,Lucão,br BRA,GK,Bragantino,21,2001,5.0,0,0,0,,0.00,0.00,,,,0,0,0,0.0,0.0,,0.0,0.0,Matches
390,Lucas,br BRA,DF,Santos,21,2001,6.8,0,4,3,75.0,0.59,0.44,0.00,0.00,21.2,0,0,0,0.1,0.1,0.02,-0.1,-0.1,Matches
391,Ayrton Lucas,br BRA,DF,Flamengo,25,1997,28.8,4,26,8,30.8,0.90,0.28,0.15,0.50,20.7,0,0,0,2.7,2.7,0.10,#ERROR!,#ERROR!,Matches
392,Jean Lucas,br BRA,MF,Santos,24,1998,20.1,0,45,11,24.4,2.24,0.55,0.00,0.00,23.8,7,0,0,2.2,2.2,0.05,-2.2,-2.2,Matches
393,Jhonny Lucas,br BRA,MF,Goiás,22,2000,0.2,0,2,0,0.0,10.59,0.00,0.00,,16.9,0,0,0,0.1,0.1,0.07,-0.1,-0.1,Matches
394,João Lucas,br BRA,DF,Santos,24,1998,9.0,0,8,1,12.5,0.89,0.11,0.00,0.00,19.4,0,0,0,0.2,0.2,0.03,-0.2,-0.2,Matches
395,Ruan Lucas,br BRA,"MF,FW",Coritiba,18,2004,0.3,0,1,1,100.0,3.10,3.10,0.00,0.00,25.6,0,0,0,0.0,0.0,0.03,0.0,0.0,Matches
396,Ian Luccas,br BRA,MF,Cruzeiro,19,2003,5.3,0,5,2,40.0,0.94,0.37,0.00,0.00,17.8,0,0,0,0.7,0.7,0.13,-0.7,-0.7,Matches
397,Pedro Luccas,br BRA,GK,Coritiba,19,2004,3.0,0,0,0,,0.00,0.00,,,,0,0,0,0.0,0.0,,0.0,0.0,Matches
398,Luciano,br BRA,"MF,FW",São Paulo,29,1993,23.5,9,72,24,33.3,03.07,01.02,0.10,0.29,20.3,0,2,3,8.4,5.9,0.08,#ERROR!,#ERROR!,Matches
399,Thomas Luciano,br BRA,DF,Grêmio,21,2002,3.5,0,4,0,0.0,1.15,0.00,0.00,,12.0,0,0,0,0.2,0.2,0.04,-0.2,-0.2,Matches
400,Luis,br BRA,FW,Cruzeiro,17,2005,0.1,0,0,0,,0.00,0.00,,,,0,0,0,0.0,0.0,,0.0,0.0,Matches
Rk,Player,Nation,Pos,Squad,Age,Born,90s,Gls,Sh,SoT,SoT%,Sh/90,SoT/90,G/Sh,G/SoT,Dist,FK,PK,PKatt,xG,npxG,npxG/Sh,G-xG,np:G-xG,Matches
401,Filipe Luís,br BRA,DF,Flamengo,37,1985,5.9,0,2,1,50.0,0.34,0.17,0.00,0.00,13.6,0,0,0,0.1,0.1,0.05,-0.1,-0.1,Matches
402,Victor Luis,br BRA,DF,Coritiba,29,1993,17.4,2,15,2,13.3,0.86,0.11,0.13,1.00,26.9,5,0,0,1.0,1.0,0.06,#ERROR!,#ERROR!,Matches
403,David Luiz,br BRA,DF,Flamengo,35,1987,11.0,1,6,3,50.0,0.54,0.27,0.17,0.33,22.7,0,0,0,0.3,0.3,0.05,#ERROR!,#ERROR!,Matches
404,Wallisson Luiz,br BRA,MF,Cruzeiro,25,1997,4.4,0,13,3,23.1,2.98,0.69,0.00,0.00,16.3,0,0,0,1.5,1.5,0.11,-1.5,-1.5,Matches
405,Machado,br BRA,MF,Cruzeiro,27,1996,25.3,1,33,11,33.3,1.30,0.43,0.03,0.09,25.4,7,0,0,2.1,2.1,0.07,-1.1,-1.1,Matches
406,Imanol Machuca,ar ARG,FW,Fortaleza,23,2000,7.5,2,14,8,57.1,1.86,01.06,0.14,0.25,19.7,1,0,0,1.3,1.3,0.09,#ERROR!,#ERROR!,Matches
407,Mádson,br BRA,"DF,MF",Ath Paranaense,31,1992,14.8,2,12,7,58.3,0.81,0.47,0.17,0.29,11.1,0,0,0,1.3,1.3,0.11,#ERROR!,#ERROR!,Matches
408,João Magno,br BRA,FW,Goiás,25,1997,10.9,3,25,8,32.0,2.29,0.73,0.12,0.38,14.8,0,0,0,2.8,2.8,0.11,#ERROR!,#ERROR!,Matches
409,Maguinho,br BRA,DF,Goiás,30,1993,31.7,2,27,4,14.8,0.85,0.13,0.07,0.50,15.0,0,0,0,2.2,2.2,0.08,-0.2,-0.2,Matches
410,Pablo Maia,br BRA,MF,São Paulo,21,2002,28.7,4,45,14,31.1,1.57,0.49,0.09,0.29,27.5,0,0,0,1.5,1.5,0.03,#ERROR!,#ERROR!,Matches
411,Thiago Maia,br BRA,MF,Flamengo,25,1997,23.3,0,5,0,0.0,0.21,0.00,0.00,,25.0,0,0,0,0.2,0.2,0.03,-0.2,-0.2,Matches
412,Maicon,br BRA,DF,Santos,34,1988,0.5,0,1,1,100.0,2.00,2.00,0.00,0.00,10.3,0,0,0,0.1,0.1,0.06,-0.1,-0.1,Matches
413,Maicon,br BRA,DF,Vasco da Gama,34,1988,13.9,0,4,1,25.0,0.29,0.07,0.00,0.00,16.0,1,0,0,0.1,0.1,0.04,-0.1,-0.1,Matches
414,Iago Maidana,br BRA,DF,América (MG),26,1996,24.0,0,15,4,26.7,0.62,0.17,0.00,0.00,13.6,0,0,0,0.8,0.8,0.05,-0.8,-0.8,Matches
415,Hugo Mallo,es ESP,DF,Internacional,31,1991,3.6,0,5,0,0.0,1.38,0.00,0.00,,11.5,0,0,0,0.3,0.3,0.07,-0.3,-0.3,Matches
416,Léo Mana,br BRA,DF,Corinthians,18,2004,1.5,0,0,0,,0.00,0.00,,,,0,0,0,0.0,0.0,,0.0,0.0,Matches
417,Alef Manga,br BRA,"FW,MF",Coritiba,28,1994,8.9,4,26,11,42.3,2.91,1.23,0.12,0.27,18.1,0,1,1,3.8,3.0,0.12,#ERROR!,0.0,Matches
418,Manoel,br BRA,DF,Fluminense,32,1990,3.2,0,0,0,,0.00,0.00,,,,0,0,0,0.0,0.0,,0.0,0.0,Matches
419,Fernando Marçal,br BRA,DF,Botafogo (RJ),33,1989,18.1,0,8,1,12.5,0.44,0.06,0.00,0.00,23.3,1,0,0,0.2,0.2,0.03,-0.2,-0.2,Matches
420,Marcelo,br BRA,DF,Fluminense,34,1988,14.7,1,28,8,28.6,1.90,0.54,0.04,0.13,22.5,2,0,0,1.4,1.4,0.05,-0.4,-0.4,Matches
421,Marcelo,br BRA,DF,Fortaleza,27,1996,12.0,0,3,0,0.0,0.25,0.00,0.00,,11.1,0,0,0,0.1,0.1,0.04,-0.1,-0.1,Matches
422,João Marcelo,br BRA,DF,Cruzeiro,22,2000,1.8,0,0,0,,0.00,0.00,,,,0,0,0,0.0,0.0,,0.0,0.0,Matches
423,Marcinho,br BRA,DF,América (MG),26,1996,8.9,0,8,1,12.5,0.90,0.11,0.00,0.00,28.0,0,0,0,0.2,0.2,0.03,-0.2,-0.2,Matches
424,Erick Marcus,br BRA,"MF,FW",Vasco da Gama,18,2004,4.4,1,8,2,25.0,1.80,0.45,0.13,0.50,16.2,0,0,0,0.6,0.6,0.08,#ERROR!,#ERROR!,Matches
425,Mariano,br BRA,DF,Atlético Mineiro,36,1986,17.4,0,1,1,100.0,0.06,0.06,0.00,0.00,14.4,0,0,0,0.0,0.0,0.04,0.0,0.0,Matches
Rk,Player,Nation,Pos,Squad,Age,Born,90s,Gls,Sh,SoT,SoT%,Sh/90,SoT/90,G/Sh,G/SoT,Dist,FK,PK,PKatt,xG,npxG,npxG/Sh,G-xG,np:G-xG,Matches
426,Marinho,br BRA,"FW,DF",Flamengo,32,1990,0.9,0,4,1,25.0,4.39,1.10,0.00,0.00,17.8,0,0,0,0.3,0.3,0.08,-0.3,-0.3,Matches
427,Marinho,br BRA,"FW,MF",Fortaleza,32,1990,12.7,2,37,12,32.4,2.91,0.94,0.05,0.17,23.9,6,0,1,3.3,2.5,0.07,-1.3,-0.5,Matches
428,Marlon,br BRA,DF,Cruzeiro,25,1997,35.5,3,23,5,21.7,0.65,0.14,0.13,0.60,24.6,6,0,0,1.3,1.2,0.05,#ERROR!,#ERROR!,Matches
429,Marlon,br BRA,DF,América (MG),28,1994,18.6,1,11,3,27.3,0.59,0.16,0.09,0.33,24.2,0,0,0,0.5,0.5,0.04,#ERROR!,#ERROR!,Matches
430,Marlon,br BRA,DF,Fluminense,27,1995,10.4,0,3,1,33.3,0.29,0.10,0.00,0.00,20.0,0,0,0,0.1,0.1,0.03,-0.1,-0.1,Matches
431,Igor Marques,br BRA,DF,Cruzeiro,24,1999,1.3,0,0,0,,0.00,0.00,,,,0,0,0,0.0,0.0,,0.0,0.0,Matches
432,Renato Marques,br BRA,"FW,MF",América (MG),19,2003,5.7,3,14,6,42.9,2.45,01.05,0.21,0.50,18.1,0,0,0,1.3,1.3,0.09,#ERROR!,#ERROR!,Matches
433,Juan Martín Lucero,ar ARG,FW,Fortaleza,31,1991,23.0,9,52,21,40.4,2.26,0.91,0.12,0.29,16.2,0,3,3,9.2,6.8,0.13,-0.2,-0.8,Matches
434,Martinelli,br BRA,"MF,DF",Fluminense,21,2001,20.9,2,20,5,25.0,0.96,0.24,0.10,0.40,20.6,0,0,0,1.2,1.2,0.06,#ERROR!,#ERROR!,Matches
435,Andre Martins,br BRA,"FW,MF",Grêmio,21,2001,4.1,3,14,4,28.6,3.42,0.98,0.21,0.75,12.3,0,0,0,1.3,1.3,0.09,#ERROR!,#ERROR!,Matches
436,Gustavo Martins Santos,br BRA,"DF,MF",Grêmio,20,2002,7.7,1,7,3,42.9,0.91,0.39,0.14,0.33,9.5,0,0,0,1.0,1.0,0.15,0.0,0.0,Matches
437,Gonzalo Mastriani,uy URU,FW,América (MG),29,1993,19.9,11,54,23,42.6,2.71,1.15,0.19,0.43,14.3,0,1,2,10.7,9.2,0.17,#ERROR!,#ERROR!,Matches
438,Matheusinho,br BRA,"MF,FW",América (MG),24,1998,2.5,0,6,4,66.7,2.36,1.57,0.00,0.00,19.4,0,0,0,0.6,0.6,0.10,-0.6,-0.6,Matches
439,Matheusinho,br BRA,DF,Cuiabá,24,1998,4.8,1,5,2,40.0,01.04,0.42,0.20,0.50,21.3,0,0,0,0.8,0.8,0.15,#ERROR!,#ERROR!,Matches
440,Matheuzinho,br BRA,DF,Flamengo,22,2000,6.9,0,4,1,25.0,0.58,0.15,0.00,0.00,17.9,0,0,0,0.2,0.2,0.06,-0.2,-0.2,Matches
441,Mauricio,br BRA,"FW,MF",Internacional,21,2001,19.6,6,45,13,28.9,2.29,0.66,0.13,0.46,20.8,1,0,0,4.8,4.8,0.11,#ERROR!,#ERROR!,Matches
442,Maycon,br BRA,MF,Corinthians,25,1997,26.7,2,22,8,36.4,0.82,0.30,0.09,0.25,22.7,0,0,0,1.4,1.4,0.06,#ERROR!,#ERROR!,Matches
443,Mayke,br BRA,"DF,FW",Palmeiras,30,1992,27.8,1,8,2,25.0,0.29,0.07,0.13,0.50,17.7,0,0,0,0.9,0.9,0.11,#ERROR!,#ERROR!,Matches
444,Gary Medel,cl CHI,"DF,MF",Vasco da Gama,35,1987,19.2,0,0,0,,0.00,0.00,,,,0,0,0,0.0,0.0,,0.0,0.0,Matches
445,Bruno Melo,br BRA,DF,Goiás,30,1992,32.1,2,30,6,20.0,0.93,0.19,0.07,0.33,16.2,8,0,0,2.5,2.5,0.08,-0.5,-0.5,Matches
446,Felipe Melo,br BRA,DF,Fluminense,39,1983,11.0,2,4,2,50.0,0.37,0.18,0.50,1.00,15.9,0,0,0,0.4,0.4,0.09,#ERROR!,#ERROR!,Matches
447,Darlan Mendes,br BRA,MF,Grêmio,24,1998,0.5,0,0,0,,0.00,0.00,,,,0,0,0,0.0,0.0,,0.0,0.0,Matches
448,Matheus Mendes,br BRA,GK,Atlético Mineiro,23,1999,2.0,0,0,0,,0.00,0.00,,,,0,0,0,0.0,0.0,,0.0,0.0,Matches
449,Nathan Mendes,br BRA,DF,São Paulo,20,2002,13.1,1,3,2,66.7,0.23,0.15,0.33,0.50,10.0,0,0,0,0.5,0.5,0.15,#ERROR!,#ERROR!,Matches
450,Vitor Mendes,br BRA,DF,Fluminense,23,1999,1.2,0,1,1,100.0,0.83,0.83,0.00,0.00,7.5,0,0,0,0.1,0.1,0.11,-0.1,-0.1,Matches
Rk,Player,Nation,Pos,Squad,Age,Born,90s,Gls,Sh,SoT,SoT%,Sh/90,SoT/90,G/Sh,G/SoT,Dist,FK,PK,PKatt,xG,npxG,npxG/Sh,G-xG,np:G-xG,Matches
451,Bruno Méndez,uy URU,DF,Corinthians,23,1999,18.3,0,4,0,0.0,0.22,0.00,0.00,,18.4,0,0,0,0.2,0.2,0.06,-0.2,-0.2,Matches
452,Jhegson Méndez,ec ECU,MF,São Paulo,25,1997,4.1,0,1,0,0.0,0.24,0.00,0.00,,33.6,0,0,0,0.0,0.0,0.02,0.0,0.0,Matches
453,Óscar Méndez,uy URU,MF,América (MG),28,1994,2.9,0,1,0,0.0,0.35,0.00,0.00,,34.0,0,0,0,0.0,0.0,0.01,0.0,0.0,Matches
454,Stiven Mendoza,co COL,"FW,MF",Santos,30,1992,18.6,6,41,13,31.7,2.21,0.70,0.10,0.31,19.1,0,2,2,5.0,3.4,0.08,#ERROR!,#ERROR!,Matches
455,Gabriel Menino,br BRA,MF,Palmeiras,22,2000,17.7,2,34,7,20.6,1.92,0.40,0.06,0.29,25.2,3,0,0,1.7,1.7,0.05,#ERROR!,#ERROR!,Matches
456,Gabriel Mercado,ar ARG,DF,Internacional,35,1987,24.2,0,9,1,11.1,0.37,0.04,0.00,0.00,10.3,0,0,0,0.6,0.6,0.06,-0.6,-0.6,Matches
457,Higor Meritão,br BRA,MF,Goiás,28,1994,2.5,0,5,0,0.0,02.02,0.00,0.00,,19.6,0,0,0,0.4,0.4,0.08,-0.4,-0.4,Matches
458,Messias,br BRA,DF,Santos,28,1994,26.6,2,18,8,44.4,0.68,0.30,0.11,0.25,12.2,0,0,0,1.6,1.6,0.09,#ERROR!,#ERROR!,Matches
459,Bruno Mezenga,br BRA,"FW,MF",Santos,34,1988,1.9,0,5,1,20.0,2.68,0.54,0.00,0.00,13.7,0,0,0,0.3,0.3,0.07,-0.3,-0.3,Matches
460,Carlos Miguel,br BRA,GK,Corinthians,24,1998,1.2,0,0,0,,0.00,0.00,,,,0,0,0,0.0,0.0,,0.0,0.0,Matches
461,Fernando Miguel,br BRA,GK,Fortaleza,37,1985,5.1,0,0,0,,0.00,0.00,,,,0,0,0,0.0,0.0,,0.0,0.0,Matches
462,Mikael,br BRA,FW,América (MG),23,1999,1.7,0,8,2,25.0,4.71,1.18,0.00,0.00,23.7,2,0,0,0.8,0.8,0.10,-0.8,-0.8,Matches
463,Lucas Milla,br BRA,MF,Grêmio,20,2003,3.4,0,3,0,0.0,0.89,0.00,0.00,,19.4,0,0,0,0.3,0.3,0.09,-0.3,-0.3,Matches
464,Mina,br BRA,DF,Goiás,19,2003,0.5,0,2,0,0.0,4.00,0.00,0.00,,8.5,0,0,0,0.2,0.2,0.10,-0.2,-0.2,Matches
465,Lucas Mineiro,br BRA,MF,Cuiabá,26,1996,6.8,0,5,0,0.0,0.74,0.00,0.00,,21.0,0,0,0,0.2,0.2,0.03,-0.2,-0.2,Matches
466,Vinicius Mingotti,br BRA,FW,Bahia,23,2000,7.3,2,12,6,50.0,1.64,0.82,0.17,0.33,13.3,0,0,0,1.9,1.9,0.16,#ERROR!,#ERROR!,Matches
467,Miranda,br BRA,DF,Vasco da Gama,23,2000,4.3,0,4,1,25.0,0.93,0.23,0.00,0.00,11.4,0,0,0,0.2,0.2,0.05,-0.2,-0.2,Matches
468,Moises,br BRA,"MF,FW",Fortaleza,26,1996,4.1,3,17,12,70.6,4.17,2.94,0.18,0.25,15.3,0,0,0,2.5,2.5,0.15,#ERROR!,#ERROR!,Matches
469,Rodrigo Moledo,br BRA,DF,Internacional,35,1987,5.3,0,1,1,100.0,0.19,0.19,0.00,0.00,14.7,0,0,0,0.0,0.0,0.03,0.0,0.0,Matches
470,Rafael Monteiro,br BRA,MF,Fluminense,18,2004,0.0,0,0,0,,0.00,0.00,,,,0,0,0,0.0,0.0,,0.0,0.0,Matches
471,Júnior Moraes,ua UKR,DF,Corinthians,35,1987,0.0,0,0,0,,0.00,0.00,,,,0,0,0,0.0,0.0,,0.0,0.0,Matches
472,João Moreira,pt POR,DF,São Paulo,18,2004,0.8,0,1,1,100.0,1.29,1.29,0.00,0.00,24.7,0,0,0,0.0,0.0,0.02,0.0,0.0,Matches
473,Everton Morelli,br BRA,MF,Goiás,25,1997,28.7,3,32,6,18.8,1.11,0.21,0.09,0.50,21.4,0,0,0,1.6,1.6,0.05,#ERROR!,#ERROR!,Matches
474,Alfredo Morelos,co COL,"FW,MF",Santos,26,1996,0.9,0,3,2,66.7,3.51,2.34,0.00,0.00,18.1,0,0,0,0.1,0.1,0.04,-0.1,-0.1,Matches
475,Marcelino Moreno,ar ARG,MF,Coritiba,28,1994,25.6,2,35,13,37.1,1.37,0.51,0.06,0.15,21.2,5,0,0,1.9,1.9,0.05,#ERROR!,#ERROR!,Matches
Rk,Player,Nation,Pos,Squad,Age,Born,90s,Gls,Sh,SoT,SoT%,Sh/90,SoT/90,G/Sh,G/SoT,Dist,FK,PK,PKatt,xG,npxG,npxG/Sh,G-xG,np:G-xG,Matches
476,Gabriel Moscardo,br BRA,MF,Corinthians,17,2005,12.6,1,9,2,22.2,0.72,0.16,0.11,0.50,25.2,0,0,0,0.3,0.3,0.03,#ERROR!,#ERROR!,Matches
477,Henry Mosquera,co COL,"FW,MF",Bragantino,21,2001,11.8,2,28,7,25.0,2.38,0.59,0.07,0.29,20.6,0,0,0,1.9,1.9,0.07,#ERROR!,#ERROR!,Matches
478,Gustavo Mosquito,br BRA,"FW,MF",Corinthians,25,1997,3.4,1,3,2,66.7,0.88,0.58,0.33,0.50,16.1,0,0,0,0.2,0.2,0.06,#ERROR!,#ERROR!,Matches
479,Hugo Moura,br BRA,MF,Ath Paranaense,25,1998,14.7,0,11,1,9.1,0.75,0.07,0.00,0.00,28.3,0,0,0,0.3,0.3,0.03,-0.3,-0.3,Matches
480,Lucas Moura,br BRA,"FW,MF",São Paulo,30,1992,9.6,1,15,5,33.3,1.56,0.52,0.07,0.20,21.8,5,0,0,1.0,1.0,0.07,0.0,0.0,Matches
481,Neto Moura,br BRA,MF,Cruzeiro,26,1996,5.5,0,7,1,14.3,1.26,0.18,0.00,0.00,22.2,0,0,0,0.4,0.4,0.06,-0.4,-0.4,Matches
482,Lucas Mugni,ar ARG,"MF,FW",Bahia,31,1992,4.0,0,4,2,50.0,1.00,0.50,0.00,0.00,24.2,1,0,0,0.2,0.2,0.04,-0.2,-0.2,Matches
483,Murillo,br BRA,DF,Corinthians,20,2002,12.9,0,7,1,14.3,0.54,0.08,0.00,0.00,16.0,0,0,0,0.3,0.3,0.04,-0.3,-0.3,Matches
484,Andrey Ramos do Nascimento,br BRA,MF,Coritiba,24,1998,12.5,1,20,6,30.0,1.60,0.48,0.05,0.17,30.8,6,0,0,0.6,0.6,0.03,#ERROR!,#ERROR!,Matches
485,Bruno Nascimento,br BRA,"FW,MF",Cruzeiro,25,1997,31.3,8,76,27,35.5,2.43,0.86,0.08,0.22,21.2,8,2,4,9.4,6.2,0.08,-1.4,-0.2,Matches
486,Matheus Nascimento,br BRA,"FW,MF",Botafogo (RJ),18,2004,1.1,1,3,2,66.7,2.76,1.84,0.33,0.50,9.4,0,0,0,0.8,0.8,0.28,#ERROR!,#ERROR!,Matches
487,Nata,br BRA,"FW,DF",Grêmio,21,2001,0.2,0,0,0,,0.00,0.00,,,,0,0,0,0.0,0.0,,0.0,0.0,Matches
488,Natan,br BRA,DF,Bragantino,21,2001,9.3,0,5,1,20.0,0.54,0.11,0.00,0.00,11.0,0,0,0,0.3,0.3,0.05,-0.3,-0.3,Matches
489,Natanael,br BRA,DF,Coritiba,21,2002,27.8,0,17,8,47.1,0.61,0.29,0.00,0.00,21.3,0,0,0,0.7,0.7,0.04,-0.7,-0.7,Matches
490,Nathan,br BRA,DF,Santos,21,2001,5.5,0,2,0,0.0,0.37,0.00,0.00,,19.9,0,0,0,0.1,0.1,0.03,-0.1,-0.1,Matches
491,Nathan,br BRA,"MF,FW",Grêmio,26,1996,7.6,1,18,6,33.3,2.37,0.79,0.06,0.17,21.3,1,0,0,1.1,1.1,0.06,-0.1,-0.1,Matches
492,Rafael Navarro,br BRA,FW,Palmeiras,22,2000,1.4,1,4,2,50.0,2.88,1.44,0.25,0.50,8.2,0,0,0,1.2,1.2,0.30,-0.2,-0.2,Matches
493,Kaiky Naves,br BRA,"DF,FW",Palmeiras,20,2002,5.8,0,2,0,0.0,0.34,0.00,0.00,,9.3,0,0,0,0.1,0.1,0.06,-0.1,-0.1,Matches
494,Felipe Negrucci,br BRA,MF,São Paulo,18,2004,0.2,0,0,0,,0.00,0.00,,,,0,0,0,0.0,0.0,,0.0,0.0,Matches
495,Emerson Negueba,br BRA,FW,Cuiabá,22,2000,5.4,0,12,4,33.3,2.23,0.74,0.00,0.00,20.2,0,0,0,0.5,0.5,0.04,-0.5,-0.5,Matches
496,Neris,br BRA,DF,Cruzeiro,30,1992,23.5,0,15,4,26.7,0.64,0.17,0.00,0.00,11.5,0,0,0,0.7,0.7,0.05,-0.7,-0.7,Matches
497,Rodrigo Nestor,br BRA,"MF,FW",São Paulo,22,2000,16.1,1,35,12,34.3,2.17,0.74,0.03,0.08,19.4,0,0,0,3.2,3.2,0.09,-2.2,-2.2,Matches
498,João Neto,br BRA,"MF,DF",Fluminense,19,2003,0.6,1,1,1,100.0,1.73,1.73,1.00,1.00,7.0,0,0,0,0.4,0.4,0.41,#ERROR!,#ERROR!,Matches
499,Gabriel Neves,uy URU,MF,São Paulo,25,1997,10.7,1,1,1,100.0,0.09,0.09,1.00,1.00,13.6,0,0,0,0.1,0.1,0.10,#ERROR!,#ERROR!,Matches
500,Newton,br BRA,MF,Botafogo (RJ),22,2000,0.1,0,1,0,0.0,11.25,0.00,0.00,,30.4,0,0,0,0.0,0.0,0.01,0.0,0.0,Matches
Rk,Player,Nation,Pos,Squad,Age,Born,90s,Gls,Sh,SoT,SoT%,Sh/90,SoT/90,G/Sh,G/SoT,Dist,FK,PK,PKatt,xG,npxG,npxG/Sh,G-xG,np:G-xG,Matches
501,Nicolas,br BRA,DF,América (MG),25,1997,8.0,1,8,5,62.5,1.00,0.62,0.13,0.20,29.5,4,0,0,0.2,0.2,0.03,#ERROR!,#ERROR!,Matches
502,Nikão,br BRA,"FW,MF",Cruzeiro,30,1992,8.9,2,16,4,25.0,1.80,0.45,0.13,0.50,21.3,0,0,0,0.6,0.6,0.04,#ERROR!,#ERROR!,Matches
503,Nino,br BRA,DF,Fluminense,25,1997,23.9,2,14,6,42.9,0.58,0.25,0.14,0.33,12.9,0,0,0,1.2,1.2,0.09,#ERROR!,#ERROR!,Matches
504,Freddy Noguera,py PAR,FW,Grêmio,19,2004,0.3,0,0,0,,0.00,0.00,,,,0,0,0,0.0,0.0,,0.0,0.0,Matches
505,Nonato,br BRA,MF,Santos,24,1998,7.3,1,9,3,33.3,1.23,0.41,0.11,0.33,24.5,0,0,0,0.4,0.4,0.04,#ERROR!,#ERROR!,Matches
506,Gabriel Novaes,br BRA,FW,Goiás,23,1999,1.1,0,1,1,100.0,0.95,0.95,0.00,0.00,21.5,0,0,0,0.4,0.4,0.42,-0.4,-0.4,Matches
507,Ruan Oliveira Ferreira,br BRA,"MF,FW",Corinthians,22,2000,9.8,2,15,6,40.0,1.53,0.61,0.13,0.33,28.6,3,0,0,0.5,0.5,0.03,#ERROR!,#ERROR!,Matches
508,Lucas Oliveira,br BRA,DF,Cruzeiro,26,1996,14.6,1,4,1,25.0,0.27,0.07,0.25,1.00,14.3,0,0,0,0.4,0.4,0.10,#ERROR!,#ERROR!,Matches
509,Pedro Oliveira,br BRA,"FW,MF",Goiás,18,2004,2.2,0,2,1,50.0,0.92,0.46,0.00,0.00,12.9,0,0,0,0.2,0.2,0.11,-0.2,-0.2,Matches
510,Cauly Oliveira Souza,br BRA,"MF,FW",Bahia,27,1995,28.3,4,65,18,27.7,2.30,0.64,0.06,0.22,19.9,4,0,0,5.4,5.4,0.08,-1.4,-1.4,Matches
511,Luca Orellano,ar ARG,"FW,MF",Vasco da Gama,22,2000,6.9,1,17,5,29.4,2.46,0.72,0.06,0.20,23.1,3,0,0,1.1,1.1,0.07,-0.1,-0.1,Matches
512,Leo Ortiz,br BRA,DF,Bragantino,27,1996,17.8,2,14,6,42.9,0.79,0.34,0.14,0.33,10.7,0,0,0,1.9,1.9,0.14,#ERROR!,#ERROR!,Matches
513,Otávio,br BRA,MF,Atlético Mineiro,28,1994,25.6,0,8,2,25.0,0.31,0.08,0.00,0.00,25.0,0,0,0,0.4,0.4,0.04,-0.4,-0.4,Matches
514,João Othavio Basso,br BRA,DF,Santos,26,1997,12.8,0,7,0,0.0,0.55,0.00,0.00,,18.9,0,0,0,0.5,0.5,0.06,-0.5,-0.5,Matches
515,Luis Oyama,br BRA,MF,Goiás,26,1997,6.2,1,6,2,33.3,0.96,0.32,0.17,0.50,23.2,0,0,0,0.4,0.4,0.07,#ERROR!,#ERROR!,Matches
516,Pablinho,br BRA,FW,Cuiabá,19,2003,0.4,0,0,0,,0.00,0.00,,,,0,0,0,0.0,0.0,,0.0,0.0,Matches
517,Pablo,br BRA,FW,Ath Paranaense,30,1992,15.5,7,43,15,34.9,2.77,0.97,0.16,0.47,16.5,0,0,0,6.1,6.1,0.14,#ERROR!,#ERROR!,Matches
518,Pablo,br BRA,DF,Flamengo,31,1991,4.7,0,2,2,100.0,0.43,0.43,0.00,0.00,11.5,0,0,0,0.1,0.1,0.04,-0.1,-0.1,Matches
519,Bruno Pacheco,br BRA,DF,Fortaleza,31,1991,29.7,2,16,6,37.5,0.54,0.20,0.13,0.33,16.6,0,0,0,0.9,0.9,0.06,#ERROR!,#ERROR!,Matches
520,Helibelton Palacios,co COL,DF,Cruzeiro,29,1993,7.0,0,2,0,0.0,0.29,0.00,0.00,,14.1,0,0,0,0.3,0.3,0.14,-0.3,-0.3,Matches
521,Julián Palacios,ar ARG,"FW,MF",Goiás,23,1999,18.1,1,32,10,31.3,1.76,0.55,0.03,0.10,25.3,2,0,0,1.4,1.4,0.04,-0.4,-0.4,Matches
522,Nino Paraíba,br BRA,DF,América (MG),37,1986,2.2,0,2,1,50.0,0.91,0.46,0.00,0.00,28.2,0,0,0,0.1,0.1,0.03,-0.1,-0.1,Matches
523,Mateus Pasinato,br BRA,GK,América (MG),30,1992,10.0,0,0,0,,0.00,0.00,,,,0,0,0,0.0,0.0,,0.0,0.0,Matches
524,Weslley Patati,br BRA,"FW,MF",Santos,19,2003,1.5,0,11,1,9.1,7.28,0.66,0.00,0.00,20.1,0,0,0,0.8,0.8,0.07,-0.8,-0.8,Matches
525,Alexandre Pato,br BRA,"FW,MF",São Paulo,33,1989,1.8,2,4,2,50.0,2.24,1.12,0.50,1.00,21.3,0,0,1,1.3,0.3,0.09,#ERROR!,#ERROR!,Matches
Rk,Player,Nation,Pos,Squad,Age,Born,90s,Gls,Sh,SoT,SoT%,Sh/90,SoT/90,G/Sh,G/SoT,Dist,FK,PK,PKatt,xG,npxG,npxG/Sh,G-xG,np:G-xG,Matches
526,Patrick,br BRA,"MF,FW",Atlético Mineiro,30,1992,6.2,0,6,1,16.7,0.97,0.16,0.00,0.00,11.0,0,0,0,0.9,0.9,0.16,-0.9,-0.9,Matches
527,Alan Patrick,br BRA,"MF,FW",Internacional,31,1991,27.2,4,47,12,25.5,1.73,0.44,0.06,0.25,23.3,7,1,1,4.4,3.6,0.08,-0.4,-0.6,Matches
528,Luan Patrick,br BRA,DF,Bragantino,21,2002,12.4,0,4,1,25.0,0.32,0.08,0.00,0.00,7.6,0,0,0,0.6,0.6,0.14,-0.6,-0.6,Matches
529,Patryck,br BRA,DF,São Paulo,20,2003,4.2,0,2,0,0.0,0.48,0.00,0.00,,24.8,0,0,0,0.1,0.1,0.04,-0.1,-0.1,Matches
530,Giuliano de Paula,br BRA,"MF,FW",Corinthians,32,1990,18.1,2,23,7,30.4,1.27,0.39,0.09,0.29,19.3,0,0,0,1.5,1.5,0.06,#ERROR!,#ERROR!,Matches
531,Jair Paula,br BRA,DF,Santos,17,2005,0.4,0,0,0,,0.00,0.00,,,,0,0,0,0.0,0.0,,0.0,0.0,Matches
532,Paulinho,br BRA,DF,América (MG),18,2004,0.3,0,0,0,,0.00,0.00,,,,0,0,0,0.0,0.0,,0.0,0.0,Matches
533,Paulinho,br BRA,"FW,MF",Atlético Mineiro,22,2000,33.2,20,90,47,52.2,2.71,1.41,0.22,0.43,13.3,0,0,0,14.9,14.9,0.17,#ERROR!,#ERROR!,Matches
534,Paulinho,br BRA,MF,Vasco da Gama,26,1997,18.2,1,10,2,20.0,0.55,0.11,0.10,0.50,22.3,2,0,0,0.6,0.6,0.05,#ERROR!,#ERROR!,Matches
535,Paulinho,br BRA,DF,Vasco da Gama,17,2005,0.5,0,2,0,0.0,4.00,0.00,0.00,,,,0,0,,,,,,Matches
536,Paulinho,br BRA,"MF,FW",Corinthians,34,1988,1.6,0,2,0,0.0,1.22,0.00,0.00,,16.7,0,0,0,0.2,0.2,0.11,-0.2,-0.2,Matches
537,Caio Paulista,br BRA,DF,São Paulo,24,1998,23.1,1,34,14,41.2,1.47,0.61,0.03,0.07,20.4,0,0,0,2.0,2.0,0.06,-1.0,-1.0,Matches
538,Wellington Paulista,br BRA,FW,América (MG),38,1984,2.5,1,12,1,8.3,4.76,0.40,0.08,1.00,16.0,0,0,1,1.9,1.0,0.08,-0.9,0.0,Matches
539,João Paulo,br BRA,GK,Santos,27,1995,35.7,0,0,0,,0.00,0.00,,,,0,0,0,0.0,0.0,,0.0,0.0,Matches
540,Marcos Paulo,br BRA,"FW,MF",São Paulo,21,2001,5.9,2,12,4,33.3,02.05,0.68,0.17,0.50,16.0,0,0,0,0.8,0.8,0.06,#ERROR!,#ERROR!,Matches
541,Cristian Pavón,ar ARG,"FW,MF",Atlético Mineiro,27,1996,21.5,3,53,17,32.1,2.47,0.79,0.04,0.12,20.5,1,1,1,4.1,3.3,0.06,-1.1,-1.3,Matches
542,Dimitri Payet,fr FRA,"MF,FW",Vasco da Gama,35,1987,8.9,2,11,5,45.5,1.24,0.56,0.18,0.40,22.0,4,0,0,0.7,0.7,0.06,#ERROR!,#ERROR!,Matches
543,Pedrinho,br BRA,"FW,MF",América (MG),23,1999,4.6,0,14,4,28.6,03.07,0.88,0.00,0.00,17.1,0,0,0,0.7,0.7,0.05,-0.7,-0.7,Matches
544,Pedrinho,br BRA,"DF,MF",Ath Paranaense,20,2002,4.0,0,0,0,,0.00,0.00,,,,0,0,0,0.0,0.0,,0.0,0.0,Matches
545,Pedrinho,br BRA,"MF,FW",Atlético Mineiro,24,1998,7.0,0,10,2,20.0,1.43,0.29,0.00,0.00,27.4,0,0,0,0.3,0.3,0.03,-0.3,-0.3,Matches
546,Pedrinho,br BRA,FW,Flamengo,19,2003,0.2,0,0,0,,0.00,0.00,,,,0,0,0,0.0,0.0,,0.0,0.0,Matches
547,Pedro,br BRA,FW,Flamengo,25,1997,23.9,13,59,25,42.4,2.47,01.05,0.15,0.36,16.2,0,4,4,11.1,7.9,0.13,#ERROR!,#ERROR!,Matches
548,João Pedro,br BRA,FW,Cruzeiro,19,2003,0.1,0,0,0,,0.00,0.00,,,,0,0,0,0.0,0.0,,0.0,0.0,Matches
549,João Pedro,it ITA,FW,Grêmio,30,1992,6.8,0,10,1,10.0,1.46,0.15,0.00,0.00,12.8,0,0,0,1.0,1.0,0.10,-1.0,-1.0,Matches
550,João Pedro,br BRA,DF,Grêmio,26,1996,23.1,3,12,4,33.3,0.52,0.17,0.25,0.75,20.6,0,0,0,0.7,0.7,0.06,#ERROR!,#ERROR!,Matches
Rk,Player,Nation,Pos,Squad,Age,Born,90s,Gls,Sh,SoT,SoT%,Sh/90,SoT/90,G/Sh,G/SoT,Dist,FK,PK,PKatt,xG,npxG,npxG/Sh,G-xG,np:G-xG,Matches
551,João Pedro Pepê,br BRA,MF,Grêmio,25,1998,15.5,1,9,2,22.2,0.58,0.13,0.11,0.50,21.7,0,0,0,1.1,1.1,0.12,-0.1,-0.1,Matches
552,Jean Pedroso,br BRA,DF,Coritiba,19,2004,6.5,0,1,0,0.0,0.15,0.00,0.00,,11.1,0,0,0,0.0,0.0,0.04,0.0,0.0,Matches
553,Matheus Peixoto,br BRA,FW,Goiás,27,1995,9.8,2,20,6,30.0,02.05,0.61,0.05,0.17,16.0,0,1,1,2.2,1.4,0.07,-0.2,-0.4,Matches
554,Léo Pelé,br BRA,DF,Vasco da Gama,26,1996,30.2,0,6,2,33.3,0.20,0.07,0.00,0.00,15.9,0,0,0,0.3,0.3,0.05,-0.3,-0.3,Matches
555,Carlos de Pena,uy URU,"MF,FW",Internacional,30,1992,15.8,2,31,9,29.0,1.96,0.57,0.06,0.22,23.6,4,0,0,1.4,1.4,0.04,#ERROR!,#ERROR!,Matches
556,Léo Pereira,br BRA,DF,Flamengo,27,1996,29.4,3,17,5,29.4,0.58,0.17,0.18,0.60,12.1,3,0,0,1.8,1.8,0.11,#ERROR!,#ERROR!,Matches
557,Matheus Pereira,pt POR,"FW,MF",Cruzeiro,26,1996,11.4,1,19,8,42.1,1.67,0.70,0.05,0.13,21.6,4,0,0,1.9,1.9,0.10,-0.9,-0.9,Matches
558,Bruno Peres,br BRA,"DF,MF",Ath Paranaense,32,1990,1.7,0,1,0,0.0,0.57,0.00,0.00,,24.7,0,0,0,0.0,0.0,0.02,0.0,0.0,Matches
559,Lucas Perri,br BRA,GK,Botafogo (RJ),25,1997,37.5,0,0,0,,0.00,0.00,,,,0,0,0,0.0,0.0,,0.0,0.0,Matches
560,Lucas Piazon,br BRA,FW,Botafogo (RJ),29,1994,0.2,0,0,0,,0.00,0.00,,,,0,0,0,0.0,0.0,,0.0,0.0,Matches
561,Yago Pikachu,br BRA,"FW,MF",Fortaleza,30,1992,19.5,7,44,16,36.4,2.26,0.82,0.16,0.44,17.1,3,0,1,5.5,4.7,0.11,#ERROR!,#ERROR!,Matches
562,Rodrigo Pinho,br BRA,FW,Coritiba,31,1991,4.3,0,11,5,45.5,2.57,1.17,0.00,0.00,16.8,1,0,0,0.9,0.9,0.08,-0.9,-0.9,Matches
563,Joaquín Piquerez,uy URU,DF,Palmeiras,24,1998,28.1,3,32,6,18.8,1.14,0.21,0.06,0.33,26.1,3,1,1,2.0,1.3,0.04,#ERROR!,#ERROR!,Matches
564,Gabriel Pirani,br BRA,"MF,FW",Fluminense,20,2002,4.4,1,8,4,50.0,1.82,0.91,0.13,0.25,12.6,0,0,0,1.6,1.6,0.20,-0.6,-0.6,Matches
565,Rafael Pires,br BRA,GK,São Paulo,33,1989,33.0,0,0,0,,0.00,0.00,,,,0,0,0,0.0,0.0,,0.0,0.0,Matches
566,Lucas Piton,br BRA,DF,Vasco da Gama,22,2000,36.5,0,25,4,16.0,0.69,0.11,0.00,0.00,22.4,4,0,0,1.0,1.0,0.04,-1.0,-1.0,Matches
567,Isidro Pitta,py PAR,FW,Cuiabá,23,1999,9.1,5,20,6,30.0,2.19,0.66,0.20,0.67,18.2,0,1,1,3.5,2.7,0.14,#ERROR!,#ERROR!,Matches
568,Tomas Pochettino,ar ARG,"MF,FW",Fortaleza,26,1996,22.1,2,51,20,39.2,2.31,0.90,0.04,0.10,22.3,4,0,0,2.9,2.9,0.06,-0.9,-0.9,Matches
569,Luan Polli,br BRA,GK,Coritiba,29,1993,4.3,0,0,0,,0.00,0.00,,,,0,0,0,0.0,0.0,,0.0,0.0,Matches
570,Wesley Pombo,br BRA,MF,Coritiba,20,2002,0.6,0,0,0,,0.00,0.00,,,,0,0,0,0.0,0.0,,0.0,0.0,Matches
571,Mateo Ponte,uy URU,DF,Botafogo (RJ),19,2003,0.2,0,0,0,,0.00,0.00,,,,0,0,0,0.0,0.0,,0.0,0.0,Matches
572,William Pottker,br BRA,"FW,MF",Coritiba,29,1993,1.3,0,1,1,100.0,0.78,0.78,0.00,0.00,22.4,0,0,0,0.2,0.2,0.15,-0.2,-0.2,Matches
573,Bruno Praxedes,br BRA,MF,Vasco da Gama,20,2002,14.9,1,23,7,30.4,1.54,0.47,0.04,0.14,17.7,0,0,0,1.8,1.8,0.08,-0.8,-0.8,Matches
574,Bruno Praxedes,br BRA,MF,Bragantino,20,2002,0.1,0,0,0,,0.00,0.00,,,,0,0,0,0.0,0.0,,0.0,0.0,Matches
575,Erick Pulgar,cl CHI,MF,Flamengo,29,1994,22.2,2,18,5,27.8,0.81,0.23,0.11,0.40,22.4,4,0,0,0.9,0.9,0.05,#ERROR!,#ERROR!,Matches
Rk,Player,Nation,Pos,Squad,Age,Born,90s,Gls,Sh,SoT,SoT%,Sh/90,SoT/90,G/Sh,G/SoT,Dist,FK,PK,PKatt,xG,npxG,npxG/Sh,G-xG,np:G-xG,Matches
576,Nicolás Quagliata,uy URU,"FW,MF",Cuiabá,23,1999,2.6,0,6,0,0.0,2.32,0.00,0.00,,18.5,0,0,0,0.2,0.2,0.04,-0.2,-0.2,Matches
577,Du Queiroz,br BRA,"MF,DF",Corinthians,23,2000,2.0,0,0,0,,0.00,0.00,,,,0,0,0,0.0,0.0,,0.0,0.0,Matches
578,Yani Quintero,co COL,MF,Bragantino,20,2002,1.1,0,0,0,,0.00,0.00,,,,0,0,0,0.0,0.0,,0.0,0.0,Matches
579,Igor Rabello,br BRA,DF,Atlético Mineiro,27,1995,7.7,0,2,1,50.0,0.26,0.13,0.00,0.00,9.6,0,0,0,0.0,0.0,0.02,0.0,0.0,Matches
580,Rafael,br BRA,DF,Botafogo (RJ),32,1990,5.4,0,1,1,100.0,0.19,0.19,0.00,0.00,28.2,0,0,0,0.0,0.0,0.03,0.0,0.0,Matches
581,Zé Rafael,br BRA,MF,Palmeiras,29,1993,28.5,3,35,11,31.4,1.23,0.39,0.09,0.27,21.3,2,0,0,2.1,2.1,0.06,#ERROR!,#ERROR!,Matches
582,Rafinha,br BRA,DF,São Paulo,37,1985,22.5,0,4,1,25.0,0.18,0.04,0.00,0.00,26.1,0,0,0,0.1,0.1,0.03,-0.1,-0.1,Matches
583,Rai,br BRA,MF,Botafogo (RJ),20,2002,0.0,0,0,0,,0.00,0.00,,,,0,0,0,0.0,0.0,,0.0,0.0,Matches
584,Eric Ramires,br BRA,MF,Bragantino,22,2000,15.3,3,21,7,33.3,1.37,0.46,0.14,0.43,17.7,0,0,0,2.5,2.5,0.12,#ERROR!,#ERROR!,Matches
585,Lucas Ramos,br BRA,FW,Internacional,22,2001,0.0,0,0,0,,0.00,0.00,,,,0,0,0,0.0,0.0,,0.0,0.0,Matches
586,Raí Ramos,br BRA,DF,São Paulo,28,1994,3.1,0,5,2,40.0,1.60,0.64,0.00,0.00,27.0,0,0,0,0.1,0.1,0.02,-0.1,-0.1,Matches
587,Marcelo Rangel,br BRA,GK,Goiás,34,1988,3.0,0,0,0,,0.00,0.00,,,,0,0,0,0.0,0.0,,0.0,0.0,Matches
588,Pedro Rangel,br BRA,GK,Fluminense,22,2000,2.0,0,0,0,,0.00,0.00,,,,0,0,0,0.0,0.0,,0.0,0.0,Matches
589,Raniele,br BRA,"MF,DF",Cuiabá,26,1996,32.1,3,52,13,25.0,1.62,0.41,0.06,0.23,24.1,0,0,0,2.8,2.8,0.05,#ERROR!,#ERROR!,Matches
590,Rafael Ratão,br BRA,"FW,MF",Bahia,27,1995,8.7,4,24,11,45.8,2.77,1.27,0.17,0.36,17.1,0,0,0,2.9,2.9,0.12,#ERROR!,#ERROR!,Matches
591,Wellington Rato,br BRA,"FW,MF",São Paulo,30,1992,19.6,0,36,4,11.1,1.84,0.20,0.00,0.00,23.9,6,0,1,3.0,2.2,0.06,-3.0,-2.2,Matches
592,Raul,br BRA,"MF,DF",Bragantino,26,1996,1.2,0,1,0,0.0,0.84,0.00,0.00,,29.0,0,0,0,0.0,0.0,0.02,0.0,0.0,Matches
593,Pedro Raul,br BRA,FW,Vasco da Gama,26,1996,9.3,2,22,9,40.9,2.37,0.97,0.09,0.22,14.1,1,0,0,2.6,2.6,0.12,-0.6,-0.6,Matches
594,Leonardo Realpe,ec ECU,DF,Bragantino,21,2001,18.7,0,5,1,20.0,0.27,0.05,0.00,0.00,10.7,0,0,0,0.5,0.5,0.11,-0.5,-0.5,Matches
595,Reinaldo,br BRA,FW,Ath Paranaense,21,2001,0.2,0,1,0,0.0,5.63,0.00,0.00,,24.8,0,0,0,0.1,0.1,0.05,-0.1,-0.1,Matches
596,Reinaldo,br BRA,DF,Grêmio,33,1989,29.8,2,31,14,45.2,01.04,0.47,0.03,0.07,21.8,2,1,1,2.7,1.9,0.06,-0.7,-0.9,Matches
597,Renê,br BRA,DF,Internacional,30,1992,25.4,1,9,2,22.2,0.35,0.08,0.11,0.50,20.2,1,0,0,0.6,0.6,0.06,#ERROR!,#ERROR!,Matches
598,Réver,br BRA,"DF,FW",Atlético Mineiro,38,1985,1.3,0,0,0,,0.00,0.00,,,,0,0,0,0.0,0.0,,0.0,0.0,Matches
599,Rezende,br BRA,"MF,DF",Bahia,28,1995,30.1,2,22,4,18.2,0.73,0.13,0.09,0.50,16.5,0,0,0,0.9,0.9,0.04,#ERROR!,#ERROR!,Matches
600,Everton Ribeiro,br BRA,"FW,MF",Flamengo,33,1989,16.4,3,22,9,40.9,1.34,0.55,0.14,0.33,21.9,1,0,0,1.5,1.5,0.07,#ERROR!,#ERROR!,Matches
Rk,Player,Nation,Pos,Squad,Age,Born,90s,Gls,Sh,SoT,SoT%,Sh/90,SoT/90,G/Sh,G/SoT,Dist,FK,PK,PKatt,xG,npxG,npxG/Sh,G-xG,np:G-xG,Matches
601,Wesley Ribeiro,br BRA,"FW,MF",Corinthians,17,2005,9.6,1,15,5,33.3,1.57,0.52,0.07,0.20,20.7,0,0,0,0.5,0.5,0.03,#ERROR!,#ERROR!,Matches
602,João Ricardo Riedi,br BRA,GK,Fortaleza,34,1988,31.9,0,0,0,,0.00,0.00,,,,0,0,0,0.0,0.0,,0.0,0.0,Matches
603,Zé Ricardo,br BRA,MF,Goiás,23,1999,11.9,0,16,7,43.8,1.35,0.59,0.00,0.00,29.7,0,0,0,0.3,0.3,0.02,-0.3,-0.3,Matches
604,Richard,br BRA,MF,Cruzeiro,28,1994,3.8,0,4,1,25.0,01.04,0.26,0.00,0.00,13.4,0,0,0,0.4,0.4,0.10,-0.4,-0.4,Matches
605,Rikelme,br BRA,DF,Cuiabá,19,2003,26.0,1,24,6,25.0,0.92,0.23,0.04,0.17,22.1,0,0,0,0.8,0.8,0.03,#ERROR!,#ERROR!,Matches
606,Tomás Rincón,ve VEN,MF,Santos,35,1988,13.2,2,11,3,27.3,0.83,0.23,0.18,0.67,14.4,0,0,0,1.4,1.4,0.13,#ERROR!,#ERROR!,Matches
607,Richard Ríos,co COL,MF,Palmeiras,22,2000,20.6,2,38,10,26.3,1.85,0.49,0.05,0.20,25.2,1,0,0,1.2,1.2,0.03,#ERROR!,#ERROR!,Matches
608,Robert,br BRA,"MF,FW",Cruzeiro,17,2005,2.1,1,10,4,40.0,4.84,1.94,0.10,0.25,15.5,0,0,0,1.0,1.0,0.10,0.0,0.0,Matches
609,Zé Roberto,br BRA,"FW,MF",Coritiba,29,1993,5.8,1,8,3,37.5,1.38,0.52,0.13,0.33,16.2,0,0,0,0.4,0.4,0.04,#ERROR!,#ERROR!,Matches
610,Robson,br BRA,"MF,FW",Coritiba,31,1991,26.1,12,35,14,40.0,1.34,0.54,0.14,0.36,19.6,0,7,8,10.6,4.2,0.12,#ERROR!,#ERROR!,Matches
611,Kaique Rocha,br BRA,DF,Ath Paranaense,21,2001,7.2,1,4,1,25.0,0.55,0.14,0.25,1.00,11.6,0,0,0,0.2,0.2,0.05,#ERROR!,#ERROR!,Matches
612,Marcos Rocha,br BRA,DF,Palmeiras,34,1988,14.0,1,4,1,25.0,0.28,0.07,0.25,1.00,19.7,0,0,0,0.4,0.4,0.09,#ERROR!,#ERROR!,Matches
613,Pedro Rocha Neves,br BRA,FW,Fortaleza,28,1994,0.4,0,0,0,,0.00,0.00,,,,0,0,0,0.0,0.0,,0.0,0.0,Matches
614,Sergio Rochet,uy URU,GK,Internacional,29,1993,19.0,0,0,0,,0.00,0.00,,,,0,0,0,0.0,0.0,,0.0,0.0,Matches
615,Rodrigo,br BRA,"MF,FW",São Paulo,18,2004,2.6,0,3,1,33.3,1.16,0.39,0.00,0.00,19.6,0,0,0,0.1,0.1,0.04,-0.1,-0.1,Matches
616,James Rodríguez,co COL,"MF,FW",São Paulo,31,1991,7.1,1,14,3,21.4,1.98,0.43,0.07,0.33,27.3,6,0,1,2.0,0.7,0.05,-1.0,#ERROR!,Matches
617,Rodriguinho,br BRA,"DF,MF",América (MG),19,2003,13.9,2,12,4,33.3,0.87,0.29,0.17,0.50,21.0,0,0,0,0.5,0.5,0.04,#ERROR!,#ERROR!,Matches
618,Matías Rojas,py PAR,"MF,FW",Corinthians,27,1995,7.0,0,23,8,34.8,3.26,1.14,0.00,0.00,32.3,6,0,0,0.8,0.8,0.03,-0.8,-0.8,Matches
619,Romarinho,br BRA,"FW,MF",Fortaleza,28,1994,3.2,0,8,3,37.5,2.50,0.94,0.00,0.00,18.3,0,0,0,0.5,0.5,0.07,-0.5,-0.5,Matches
620,Ángel Romero,py PAR,FW,Corinthians,30,1992,13.3,8,24,11,45.8,1.81,0.83,0.33,0.73,15.2,0,0,0,3.8,3.8,0.16,#ERROR!,#ERROR!,Matches
621,Silvio Romero,ar ARG,FW,Fortaleza,34,1988,4.4,2,10,4,40.0,2.26,0.90,0.20,0.50,12.0,0,0,0,1.6,1.6,0.16,#ERROR!,#ERROR!,Matches
622,Rômulo,br BRA,"FW,MF",Ath Paranaense,20,2002,5.7,0,12,3,25.0,2.12,0.53,0.00,0.00,15.4,0,0,0,1.5,1.5,0.13,-1.5,-1.5,Matches
623,Romulo,br BRA,"MF,DF",Internacional,22,2000,13.5,1,13,3,23.1,0.96,0.22,0.08,0.33,23.5,0,0,0,1.0,1.0,0.08,0.0,0.0,Matches
624,Ronald,br BRA,MF,Grêmio,19,2003,4.6,1,4,1,25.0,0.86,0.22,0.25,1.00,9.9,0,0,0,0.6,0.6,0.14,#ERROR!,#ERROR!,Matches
625,Ronald,br BRA,MF,Cuiabá,25,1997,6.5,2,14,5,35.7,2.15,0.77,0.14,0.40,26.9,3,0,0,0.8,0.8,0.06,#ERROR!,#ERROR!,Matches
Rk,Player,Nation,Pos,Squad,Age,Born,90s,Gls,Sh,SoT,SoT%,Sh/90,SoT/90,G/Sh,G/SoT,Dist,FK,PK,PKatt,xG,npxG,npxG/Sh,G-xG,np:G-xG,Matches
626,Budiga Roni,br BRA,MF,Corinthians,23,1999,7.5,0,3,1,33.3,0.40,0.13,0.00,0.00,24.3,0,0,0,0.1,0.1,0.03,-0.1,-0.1,Matches
627,Lucas Ronier,br BRA,"FW,MF",Coritiba,18,2004,0.6,0,0,0,,0.00,0.00,,,,0,0,0,0.0,0.0,,0.0,0.0,Matches
628,Rony,br BRA,FW,Palmeiras,27,1995,18.2,5,51,18,35.3,2.80,0.99,0.10,0.28,13.1,1,0,0,6.1,6.1,0.12,-1.1,-1.1,Matches
629,Vitor Roque,br BRA,FW,Ath Paranaense,17,2005,19.0,12,51,23,45.1,2.68,1.21,0.24,0.52,14.0,0,0,0,8.8,8.8,0.17,#ERROR!,#ERROR!,Matches
630,Diego Rosa,br BRA,"MF,DF",Bahia,20,2002,2.7,0,8,2,25.0,2.93,0.73,0.00,0.00,25.5,2,0,0,0.3,0.3,0.04,-0.3,-0.3,Matches
631,Rossi,br BRA,"MF,FW",Vasco da Gama,29,1993,4.4,1,2,1,50.0,0.45,0.23,0.50,1.00,9.3,0,0,0,1.0,1.0,0.50,0.0,0.0,Matches
632,Agustín Rossi,ar ARG,GK,Flamengo,27,1995,15.0,0,0,0,,0.00,0.00,,,,0,0,0,0.0,0.0,,0.0,0.0,Matches
633,Rubens,br BRA,"DF,MF",Atlético Mineiro,21,2001,15.0,1,18,5,27.8,1.20,0.33,0.06,0.20,22.3,0,0,0,1.1,1.1,0.06,-0.1,-0.1,Matches
634,Daniel Ruiz Rivera,co COL,"FW,MF",Santos,21,2001,2.7,0,2,0,0.0,0.73,0.00,0.00,,23.1,1,0,0,0.1,0.1,0.06,-0.1,-0.1,Matches
635,Rwan,br BRA,"MF,FW",Vasco da Gama,21,2001,0.4,0,1,0,0.0,2.65,0.00,0.00,,21.7,0,0,0,0.1,0.1,0.07,-0.1,-0.1,Matches
636,João Victor Santos Sá,br BRA,FW,Botafogo (RJ),28,1994,23.6,4,47,20,42.6,1.99,0.85,0.09,0.20,18.5,0,0,0,5.0,5.0,0.11,-1.0,-1.0,Matches
637,Arthur Sales,br BRA,"FW,MF",Bahia,20,2002,3.2,1,7,3,42.9,2.17,0.93,0.14,0.33,15.6,0,0,0,0.9,0.9,0.13,#ERROR!,#ERROR!,Matches
638,Andreas Samaris,gr GRE,MF,Coritiba,33,1989,2.0,0,1,1,100.0,0.49,0.49,0.00,0.00,13.5,0,0,0,0.1,0.1,0.07,-0.1,-0.1,Matches
639,Philipe Sampaio,br BRA,DF,Botafogo (RJ),28,1994,5.5,0,2,0,0.0,0.36,0.00,0.00,,10.0,0,0,0,0.1,0.1,0.07,-0.1,-0.1,Matches
640,Sander,br BRA,DF,Goiás,32,1990,17.1,0,19,6,31.6,1.11,0.35,0.00,0.00,24.9,1,0,0,0.8,0.8,0.04,-0.8,-0.8,Matches
641,Sandry,br BRA,MF,Santos,20,2002,2.1,0,0,0,,0.00,0.00,,,,0,0,0,0.0,0.0,,0.0,0.0,Matches
642,Alex Santana,br BRA,MF,Ath Paranaense,27,1995,11.1,3,22,6,27.3,1.98,0.54,0.14,0.50,22.8,0,0,0,1.2,1.2,0.05,#ERROR!,#ERROR!,Matches
643,Santos,br BRA,GK,Flamengo,32,1990,5.4,0,0,0,,0.00,0.00,,,,0,0,0,0.0,0.0,,0.0,0.0,Matches
644,Ademir Santos,br BRA,"FW,MF",Bahia,27,1995,19.3,6,43,16,37.2,2.22,0.83,0.14,0.38,17.1,1,0,0,8.1,8.1,0.19,-2.1,-2.1,Matches
645,Allyson Aires dos Santos,br BRA,DF,Cuiabá,32,1990,12.6,0,3,0,0.0,0.24,0.00,0.00,,6.7,0,0,0,0.4,0.4,0.14,-0.4,-0.4,Matches
646,Andrey Santos,br BRA,MF,Vasco da Gama,18,2004,4.7,1,5,2,40.0,01.07,0.43,0.20,0.50,8.0,0,0,0,1.2,1.2,0.24,-0.2,-0.2,Matches
647,Bruno Araújo dos Santos,br BRA,DF,Goiás,29,1993,5.0,0,2,1,50.0,0.40,0.20,0.00,0.00,13.7,0,0,0,0.1,0.1,0.05,-0.1,-0.1,Matches
648,Eduardo Santos,br BRA,DF,Bragantino,25,1997,11.3,1,9,3,33.3,0.79,0.26,0.11,0.33,11.8,0,0,0,0.9,0.9,0.10,#ERROR!,#ERROR!,Matches
649,Fábio Santos,br BRA,DF,Corinthians,37,1985,18.6,4,3,1,33.3,0.16,0.05,0.00,0.00,35.3,0,4,5,4.0,0.1,0.03,0.0,-0.1,Matches
650,Juan Santos,br BRA,FW,São Paulo,20,2002,14.2,1,18,8,44.4,1.27,0.56,0.06,0.13,13.2,0,0,0,2.7,2.7,0.15,-1.7,-1.7,Matches
Rk,Player,Nation,Pos,Squad,Age,Born,90s,Gls,Sh,SoT,SoT%,Sh/90,SoT/90,G/Sh,G/SoT,Dist,FK,PK,PKatt,xG,npxG,npxG/Sh,G-xG,np:G-xG,Matches
651,Júnior Santos,br BRA,FW,Botafogo (RJ),28,1994,24.0,7,69,21,30.4,2.87,0.87,0.10,0.33,18.2,1,0,0,6.6,6.6,0.10,#ERROR!,#ERROR!,Matches
652,Kauan Santos,br BRA,FW,Palmeiras,18,2004,0.0,0,1,0,0.0,45.00,0.00,0.00,,20.9,0,0,0,0.0,0.0,0.04,0.0,0.0,Matches
653,Luis Eduardo Marques dos Santos,br BRA,DF,Fortaleza,25,1997,4.3,0,2,1,50.0,0.47,0.23,0.00,0.00,26.9,0,0,0,0.0,0.0,0.02,0.0,0.0,Matches
654,Matheus Santos,br BRA,"FW,MF",Goiás,24,1998,2.2,0,4,0,0.0,1.85,0.00,0.00,,21.4,0,0,0,0.2,0.2,0.05,-0.2,-0.2,Matches
655,Pedrinho Santos,br BRA,"FW,MF",Corinthians,16,2006,6.9,1,9,5,55.6,1.31,0.73,0.11,0.20,13.3,0,0,0,1.1,1.1,0.12,-0.1,-0.1,Matches
656,Renzo Saravia,ar ARG,DF,Atlético Mineiro,29,1993,19.0,0,10,3,30.0,0.53,0.16,0.00,0.00,25.2,0,0,0,0.5,0.5,0.05,-0.5,-0.5,Matches
657,Eduardo Sasha,br BRA,"FW,MF",Bragantino,30,1992,24.8,11,62,23,37.1,2.50,0.93,0.13,0.35,16.2,0,3,3,11.4,9.0,0.15,-0.4,-1.0,Matches
658,Lucas Sasha,br BRA,MF,Fortaleza,32,1990,11.3,0,8,1,12.5,0.71,0.09,0.00,0.00,18.1,0,0,0,0.6,0.6,0.08,-0.6,-0.6,Matches
659,Gustavo Sauer,br BRA,"FW,MF",Botafogo (RJ),29,1993,2.9,2,5,2,40.0,1.74,0.70,0.40,1.00,19.7,0,0,0,0.2,0.2,0.05,#ERROR!,#ERROR!,Matches
660,Cleiton Schwengber,br BRA,GK,Bragantino,25,1997,33.0,0,2,0,0.0,0.06,0.00,0.00,,12.3,0,0,0,0.1,0.1,0.06,-0.1,-0.1,Matches
661,Luis Segovia,ec ECU,DF,Botafogo (RJ),25,1997,1.1,0,0,0,,0.00,0.00,,,,0,0,0,0.0,0.0,,0.0,0.0,Matches
662,Matias Segovia,py PAR,FW,Botafogo (RJ),20,2003,7.2,0,11,4,36.4,1.52,0.55,0.00,0.00,22.5,1,0,0,0.9,0.9,0.08,-0.9,-0.9,Matches
663,Sidimar,br BRA,DF,Goiás,30,1992,11.2,0,10,2,20.0,0.89,0.18,0.00,0.00,11.6,0,0,0,0.7,0.7,0.07,-0.7,-0.7,Matches
664,Aderlan Silva,br BRA,DF,Bragantino,32,1990,15.8,0,12,1,8.3,0.76,0.06,0.00,0.00,25.4,0,0,0,0.4,0.4,0.03,-0.4,-0.4,Matches
665,Gabriel Silva,br BRA,"FW,MF",Coritiba,20,2002,1.0,0,3,0,0.0,2.97,0.00,0.00,,21.7,0,0,0,0.1,0.1,0.04,-0.1,-0.1,Matches
666,Lucas Silva,br BRA,MF,Cruzeiro,29,1993,16.4,0,19,4,21.1,1.16,0.24,0.00,0.00,27.7,3,0,0,0.9,0.9,0.05,-0.9,-0.9,Matches
667,Lucas Silva,br BRA,MF,Grêmio,29,1993,2.5,0,0,0,,0.00,0.00,,,,0,0,0,0.0,0.0,,0.0,0.0,Matches
668,Nathan Silva,br BRA,DF,Atlético Mineiro,25,1997,4.0,0,2,1,50.0,0.50,0.25,0.00,0.00,10.4,0,0,0,0.1,0.1,0.07,-0.1,-0.1,Matches
669,Ricardo Silva,br BRA,DF,América (MG),30,1992,17.9,1,7,4,57.1,0.39,0.22,0.14,0.25,13.1,0,0,0,0.7,0.7,0.10,#ERROR!,#ERROR!,Matches
670,Wellington Silva,br BRA,FW,Cuiabá,30,1993,14.8,1,20,6,30.0,1.35,0.40,0.05,0.17,18.3,0,0,0,1.0,1.0,0.05,0.0,0.0,Matches
671,Maximiliano Silvera,uy URU,"MF,FW",Santos,25,1997,5.0,1,13,8,61.5,2.61,1.61,0.08,0.13,14.4,0,0,0,2.5,2.5,0.20,-1.5,-1.5,Matches
672,Simioni,br BRA,MF,Goiás,19,2003,0.5,0,0,0,,0.00,0.00,,,,0,0,0,0.0,0.0,,0.0,0.0,Matches
673,Jailson Siqueira,br BRA,"MF,DF",Palmeiras,27,1995,1.8,0,4,1,25.0,2.21,0.55,0.00,0.00,19.4,0,0,0,0.4,0.4,0.09,-0.4,-0.4,Matches
674,Islam Slimani,dz ALG,FW,Coritiba,34,1988,9.1,3,18,8,44.4,1.98,0.88,0.17,0.38,12.8,0,0,0,2.2,2.2,0.12,#ERROR!,#ERROR!,Matches
675,Everton Soares,br BRA,"FW,MF",Flamengo,26,1996,19.3,4,55,25,45.5,2.84,1.29,0.07,0.16,18.8,3,0,0,3.3,3.3,0.06,#ERROR!,#ERROR!,Matches
Rk,Player,Nation,Pos,Squad,Age,Born,90s,Gls,Sh,SoT,SoT%,Sh/90,SoT/90,G/Sh,G/SoT,Dist,FK,PK,PKatt,xG,npxG,npxG/Sh,G-xG,np:G-xG,Matches
676,Tiquinho Soares,br BRA,FW,Botafogo (RJ),32,1991,27.1,17,76,24,31.6,2.81,0.89,0.16,0.50,17.5,1,5,7,13.1,7.6,0.10,#ERROR!,#ERROR!,Matches
677,Fernando Sobral,br BRA,MF,Cuiabá,28,1994,21.1,2,38,12,31.6,1.80,0.57,0.05,0.17,26.2,3,0,0,1.6,1.6,0.04,#ERROR!,#ERROR!,Matches
678,Yeferson Soteldo,ve VEN,"FW,MF",Santos,25,1997,17.3,1,30,11,36.7,1.74,0.64,0.03,0.09,21.0,6,0,0,2.0,2.0,0.07,-1.0,-1.0,Matches
679,Yago Souza,br BRA,MF,América (MG),16,2006,0.2,0,0,0,,0.00,0.00,,,,0,0,0,0.0,0.0,,0.0,0.0,Matches
680,Everaldo Stum,br BRA,FW,Bahia,31,1991,24.2,9,57,22,38.6,2.36,0.91,0.12,0.32,15.3,0,2,2,6.8,5.2,0.09,#ERROR!,#ERROR!,Matches
681,Luis Suárez,uy URU,FW,Grêmio,36,1987,32.0,17,126,54,42.9,3.94,1.69,0.13,0.30,17.6,12,1,2,13.8,12.2,0.10,#ERROR!,#ERROR!,Matches
682,Bruno Tabata,br BRA,"MF,FW",Palmeiras,25,1997,1.4,0,4,0,0.0,2.90,0.00,0.00,,17.7,0,0,0,0.4,0.4,0.09,-0.4,-0.4,Matches
683,Tadeu,br BRA,GK,Goiás,30,1992,35.0,0,0,0,,0.00,0.00,,,,0,0,0,0.0,0.0,,0.0,0.0,Matches
684,Talisson,br BRA,FW,Bragantino,20,2002,1.7,3,6,4,66.7,3.58,2.38,0.50,0.75,15.9,0,0,0,1.3,1.3,0.22,#ERROR!,#ERROR!,Matches
685,Tchê Tchê,br BRA,"MF,DF",Botafogo (RJ),30,1992,29.5,2,45,12,26.7,1.52,0.41,0.04,0.17,25.0,1,0,0,1.9,1.9,0.04,#ERROR!,#ERROR!,Matches
686,Alex Teixeira,br BRA,"FW,MF",Vasco da Gama,33,1990,12.6,1,24,7,29.2,1.91,0.56,0.04,0.14,15.2,0,0,0,3.1,3.1,0.13,-2.1,-2.1,Matches
687,David Terans,uy URU,"MF,FW",Ath Paranaense,28,1994,4.4,0,12,2,16.7,2.75,0.46,0.00,0.00,27.5,1,0,0,0.9,0.9,0.07,-0.9,-0.9,Matches
688,Miguel Terceros,bo BOL,"MF,FW",Santos,18,2004,0.4,0,1,0,0.0,2.65,0.00,0.00,,34.2,0,0,0,0.0,0.0,0.02,0.0,0.0,Matches
689,Thaciano,br BRA,"MF,FW",Bahia,27,1995,32.1,6,64,16,25.0,2.00,0.50,0.06,0.25,17.3,0,2,2,9.4,7.8,0.12,-3.4,-3.8,Matches
690,Thiago,br BRA,"FW,MF",Ath Paranaense,22,2000,2.5,0,4,1,25.0,1.61,0.40,0.00,0.00,17.7,0,0,0,0.2,0.2,0.06,-0.2,-0.2,Matches
691,Guilherme Tinga,br BRA,DF,Fortaleza,29,1993,28.7,1,24,6,25.0,0.84,0.21,0.04,0.17,11.9,0,0,0,2.0,2.0,0.08,-1.0,-1.0,Matches
692,Titi,br BRA,DF,Fortaleza,34,1988,31.6,0,7,0,0.0,0.22,0.00,0.00,,18.7,0,0,0,0.3,0.3,0.04,-0.3,-0.3,Matches
693,Stênio Toledo,br BRA,"FW,MF",Cruzeiro,19,2003,3.2,0,7,4,57.1,2.16,1.23,0.00,0.00,15.5,0,0,0,1.0,1.0,0.14,-1.0,-1.0,Matches
694,Uendel,br BRA,DF,Cuiabá,34,1988,4.0,0,0,0,,0.00,0.00,,,,0,0,0,0.0,0.0,,0.0,0.0,Matches
695,Júnior Urso,br BRA,MF,Coritiba,33,1989,3.3,0,7,1,14.3,2.11,0.30,0.00,0.00,19.2,0,0,0,0.3,0.3,0.04,-0.3,-0.3,Matches
696,Bruno Uvini,br BRA,DF,Grêmio,31,1991,16.1,1,14,6,42.9,0.87,0.37,0.07,0.17,11.4,0,0,0,0.8,0.8,0.06,#ERROR!,#ERROR!,Matches
697,Enner Valencia,ec ECU,FW,Internacional,33,1989,16.0,9,52,24,46.2,3.25,1.50,0.15,0.33,15.0,3,1,2,9.0,7.3,0.15,0.0,#ERROR!,Matches
698,Vanderlan,br BRA,DF,Palmeiras,20,2002,10.1,0,6,1,16.7,0.59,0.10,0.00,0.00,18.4,0,0,0,0.3,0.3,0.05,-0.3,-0.3,Matches
699,Rodrigo Varanda,br BRA,"FW,MF",América (MG),20,2003,5.7,2,19,8,42.1,3.31,1.40,0.11,0.25,19.0,0,0,0,1.6,1.6,0.08,#ERROR!,#ERROR!,Matches
700,Guillermo Varela,uy URU,DF,Flamengo,29,1993,2.6,0,0,0,,0.00,0.00,,,,0,0,0,0.0,0.0,,0.0,0.0,Matches
Rk,Player,Nation,Pos,Squad,Age,Born,90s,Gls,Sh,SoT,SoT%,Sh/90,SoT/90,G/Sh,G/SoT,Dist,FK,PK,PKatt,xG,npxG,npxG/Sh,G-xG,np:G-xG,Matches
701,Eduardo Vargas,cl CHI,FW,Atlético Mineiro,33,1989,5.2,1,6,4,66.7,1.15,0.77,0.17,0.25,18.2,0,0,0,0.3,0.3,0.05,#ERROR!,#ERROR!,Matches
702,Pablo Vegetti,ar ARG,FW,Vasco da Gama,34,1988,19.9,10,78,29,37.2,3.92,1.46,0.10,0.28,12.2,0,2,2,11.4,9.8,0.13,-1.4,-1.8,Matches
703,Raphael Veiga,br BRA,MF,Palmeiras,27,1995,27.3,9,86,31,36.0,3.16,1.14,0.09,0.26,23.1,13,1,2,7.2,5.7,0.07,#ERROR!,#ERROR!,Matches
704,Fausto Vera,ar ARG,MF,Corinthians,22,2000,15.3,1,19,5,26.3,1.24,0.33,0.05,0.20,26.2,0,0,0,0.7,0.7,0.04,#ERROR!,#ERROR!,Matches
705,Patrick Verhon,br BRA,FW,Bahia,18,2004,0.0,0,0,0,,0.00,0.00,,,,0,0,0,0.0,0.0,,0.0,0.0,Matches
706,Lucas Veríssimo,br BRA,DF,Corinthians,27,1995,14.5,1,12,3,25.0,0.83,0.21,0.08,0.33,10.3,0,0,0,0.7,0.7,0.06,#ERROR!,#ERROR!,Matches
707,Bruno Viana,br BRA,DF,Coritiba,27,1995,9.0,0,2,0,0.0,0.22,0.00,0.00,,16.0,0,0,0,0.3,0.3,0.14,-0.3,-0.3,Matches
708,Marcos Victor,br BRA,DF,Bahia,21,2001,0.1,0,0,0,,0.00,0.00,,,,0,0,0,0.0,0.0,,0.0,0.0,Matches
709,Paulo Victor,br BRA,DF,Vasco da Gama,21,2001,0.1,0,0,0,,0.00,0.00,,,,0,0,0,0.0,0.0,,0.0,0.0,Matches
710,Arturo Vidal,cl CHI,MF,Ath Paranaense,35,1987,4.2,0,2,0,0.0,0.47,0.00,0.00,,14.2,0,0,0,0.1,0.1,0.06,-0.1,-0.1,Matches
711,Arturo Vidal,cl CHI,"MF,DF",Flamengo,35,1987,2.8,0,7,2,28.6,2.50,0.71,0.00,0.00,13.7,0,0,0,0.8,0.8,0.11,-0.8,-0.8,Matches
712,Felipe Vieira,,DF,Fluminense,,,2.3,0,3,1,33.3,1.33,0.44,0.00,0.00,16.6,0,0,0,0.2,0.2,0.06,-0.2,-0.2,Matches
713,Luan Vieira,br BRA,"FW,MF",Grêmio,29,1993,0.6,0,0,0,,0.00,0.00,,,,0,0,0,0.0,0.0,,0.0,0.0,Matches
714,Gustavo Vilar,br BRA,DF,Coritiba,22,2000,1.0,0,0,0,,0.00,0.00,,,,0,0,0,0.0,0.0,,0.0,0.0,Matches
715,Pedro Vilhena,br BRA,FW,São Paulo,20,2002,0.2,0,0,0,,0.00,0.00,,,,0,0,0,0.0,0.0,,0.0,0.0,Matches
716,Mathías Villasanti,py PAR,MF,Grêmio,26,1997,29.4,4,19,9,47.4,0.65,0.31,0.21,0.44,19.0,0,0,0,1.6,1.6,0.08,#ERROR!,#ERROR!,Matches
717,Marcos Vinicios Sorriso,br BRA,"FW,DF",Bragantino,21,2001,10.4,2,31,13,41.9,2.97,1.25,0.06,0.15,18.2,5,0,0,3.1,3.1,0.10,-1.1,-1.1,Matches
718,Vinicius,br BRA,MF,Santos,23,1999,0.3,0,0,0,,0.00,0.00,,,,0,0,0,0.0,0.0,,0.0,0.0,Matches
719,Vinícius,br BRA,FW,Goiás,29,1993,13.0,0,33,8,24.2,2.53,0.61,0.00,0.00,19.1,1,0,0,1.6,1.6,0.05,-1.6,-1.6,Matches
720,Vinícius,br BRA,FW,Grêmio,31,1991,7.3,1,14,5,35.7,1.93,0.69,0.07,0.20,19.8,0,0,0,1.9,1.9,0.13,-0.9,-0.9,Matches
721,Marcos Vinicius,br BRA,"DF,MF",Coritiba,25,1997,1.9,0,0,0,,0.00,0.00,,,,0,0,0,0.0,0.0,,0.0,0.0,Matches
722,Mateus Vital,br BRA,MF,Cruzeiro,24,1998,20.9,0,35,10,28.6,1.67,0.48,0.00,0.00,20.6,0,0,0,1.9,1.9,0.05,-1.9,-1.9,Matches
723,Vitão,br BRA,DF,Internacional,22,2000,22.7,0,12,3,25.0,0.53,0.13,0.00,0.00,12.2,0,0,0,0.7,0.7,0.06,-0.7,-0.7,Matches
724,Vitão,br BRA,DF,Cuiabá,22,2000,0.1,0,0,0,,0.00,0.00,,,,0,0,0,0.0,0.0,,0.0,0.0,Matches
725,Vitinho,br BRA,"FW,MF",Bragantino,23,1999,22.8,2,67,20,29.9,2.94,0.88,0.03,0.10,18.9,0,0,0,3.8,3.8,0.06,-1.8,-1.8,Matches
Rk,Player,Nation,Pos,Squad,Age,Born,90s,Gls,Sh,SoT,SoT%,Sh/90,SoT/90,G/Sh,G/SoT,Dist,FK,PK,PKatt,xG,npxG,npxG/Sh,G-xG,np:G-xG,Matches
726,José Vitor,br BRA,DF,Vasco da Gama,20,2002,1.2,0,1,1,100.0,0.82,0.82,0.00,0.00,15.7,0,0,0,0.1,0.1,0.07,-0.1,-0.1,Matches
727,Paulo Vitor,br BRA,"MF,DF",Cruzeiro,23,1999,1.4,0,1,1,100.0,0.72,0.72,0.00,0.00,26.1,0,0,0,0.0,0.0,0.02,0.0,0.0,Matches
728,Paulo Vitor,br BRA,MF,Atlético Mineiro,18,2004,0.2,0,0,0,,0.00,0.00,,,,0,0,0,0.0,0.0,,0.0,0.0,Matches
729,Rayan Vitor,br BRA,"FW,MF",Vasco da Gama,16,2006,2.9,1,11,3,27.3,3.74,01.02,0.09,0.33,15.5,0,0,0,0.8,0.8,0.07,#ERROR!,#ERROR!,Matches
730,Vladimir,br BRA,GK,Santos,33,1989,2.3,0,0,0,,0.00,0.00,,,,0,0,0,0.0,0.0,,0.0,0.0,Matches
731,Walter,br BRA,GK,Cuiabá,35,1987,35.0,0,0,0,,0.00,0.00,,,,0,0,0,0.0,0.0,,0.0,0.0,Matches
732,Talles Wander,br BRA,"FW,MF",São Paulo,19,2003,0.2,0,0,0,,0.00,0.00,,,,0,0,0,0.0,0.0,,0.0,0.0,Matches
733,Wanderson,br BRA,DF,América (MG),31,1991,5.6,0,2,1,50.0,0.36,0.18,0.00,0.00,12.3,0,0,0,0.1,0.1,0.04,-0.1,-0.1,Matches
734,Wanderson,br BRA,"FW,MF",Internacional,28,1994,26.0,7,38,20,52.6,1.46,0.77,0.18,0.35,20.6,0,0,0,4.1,4.1,0.11,#ERROR!,#ERROR!,Matches
735,Deivid Washington,br BRA,FW,Santos,17,2005,4.7,2,17,7,41.2,3.58,1.48,0.12,0.29,17.8,0,0,0,1.7,1.7,0.10,#ERROR!,#ERROR!,Matches
736,Welington,br BRA,DF,São Paulo,21,2001,10.4,0,8,0,0.0,0.77,0.00,0.00,,25.4,0,0,0,0.3,0.3,0.04,-0.3,-0.3,Matches
737,José Welison,br BRA,MF,Fortaleza,27,1995,18.6,1,30,5,16.7,1.62,0.27,0.03,0.20,27.4,4,0,0,1.2,1.2,0.04,-0.2,-0.2,Matches
738,João Wellington,br BRA,MF,Cruzeiro,19,2004,4.1,0,6,1,16.7,1.48,0.25,0.00,0.00,24.0,0,0,0,0.6,0.6,0.10,-0.6,-0.6,Matches
739,Wesley,br BRA,"FW,MF",Cruzeiro,23,1999,19.7,4,48,17,35.4,2.43,0.86,0.08,0.24,14.9,0,0,0,4.7,4.7,0.10,-0.7,-0.7,Matches
740,Wesley,br BRA,DF,Flamengo,19,2003,27.9,1,14,5,35.7,0.50,0.18,0.07,0.20,17.3,0,0,0,1.1,1.1,0.08,-0.1,-0.1,Matches
741,Wesley,br BRA,DF,Grêmio,19,2004,1.0,0,0,0,,0.00,0.00,,,,0,0,0,0.0,0.0,,0.0,0.0,Matches
742,Wéverton,br BRA,GK,Palmeiras,35,1987,35.0,0,0,0,,0.00,0.00,,,,0,0,0,0.0,0.0,,0.0,0.0,Matches
743,William,br BRA,DF,Cruzeiro,27,1995,29.4,0,21,3,14.3,0.71,0.10,0.00,0.00,21.8,0,0,0,1.2,1.2,0.06,-1.2,-1.2,Matches
744,Willian,br BRA,"FW,MF",Ath Paranaense,36,1986,6.4,4,17,7,41.2,2.67,1.10,0.24,0.57,16.2,0,0,0,1.9,1.9,0.11,#ERROR!,#ERROR!,Matches
745,Willian,br BRA,MF,Goiás,29,1993,24.4,0,13,2,15.4,0.53,0.08,0.00,0.00,17.0,0,0,0,0.9,0.9,0.07,-0.9,-0.9,Matches
746,Xavier,br BRA,DF,Goiás,22,2000,0.7,0,0,0,,0.00,0.00,,,,,0,0,,,,,,Matches
747,Samuel Xavier,br BRA,DF,Fluminense,32,1990,23.4,1,24,3,12.5,01.02,0.13,0.04,0.33,21.0,0,0,0,0.9,0.9,0.04,#ERROR!,#ERROR!,Matches
748,Yago,br BRA,MF,Bahia,27,1995,15.1,0,14,4,28.6,0.92,0.26,0.00,0.00,27.4,0,0,0,0.4,0.4,0.03,-0.4,-0.4,Matches
749,Vinícius Zanocelo,br BRA,"MF,FW",Fortaleza,22,2001,0.9,0,3,1,33.3,3.33,1.11,0.00,0.00,12.7,0,0,0,0.3,0.3,0.10,-0.3,-0.3,Matches
750,Bruno Zapelli,ar ARG,"MF,FW",Ath Paranaense,20,2002,12.7,2,32,5,15.6,2.52,0.39,0.06,0.40,21.6,0,0,0,2.5,2.5,0.08,-0.5,-0.5,Matches
Rk,Player,Nation,Pos,Squad,Age,Born,90s,Gls,Sh,SoT,SoT%,Sh/90,SoT/90,G/Sh,G/SoT,Dist,FK,PK,PKatt,xG,npxG,npxG/Sh,G-xG,np:G-xG,Matches
751,Federico Zaracho,ar ARG,"MF,FW",Atlético Mineiro,24,1998,21.6,2,21,4,19.0,0.97,0.18,0.10,0.50,16.6,0,0,0,3.0,3.0,0.14,-1.0,-1.0,Matches
752,Zinho,br BRA,"FW,MF",Grêmio,19,2003,2.7,0,5,1,20.0,1.84,0.37,0.00,0.00,21.9,0,0,0,0.2,0.2,0.04,-0.2,-0.2,Matches
